filename,label,openverse_id,title,source,creator,source_page,download_url,license,license_version,license_url,seed_query,source_width,source_height,saved_width,saved_height,clarity_score,raw_sha1
0002.jpg,localtourism,d431196a-3c0e-4be4-be8f-de1eb4c2ac9f,I Love Blue My Island Series - Alor Island #2,flickr,aq-photography.com,https://www.flickr.com/photos/27156764@N05/3301115706,https://live.staticflickr.com/3458/3301115706_f43bb86095.jpg,by,2.0,https://creativecommons.org/licenses/by/2.0/,Indonesia destination,500,281,500,281,42.256,4a224f5b16f676efced4818fa3c36da1439f0f08
0008.jpg,localtourism,513f1c7e-8260-4fe0-9033-7e26c57c1c8f,I Love Blue My Island Series - Alor Island #4,flickr,aq-photography.com,https://www.flickr.com/photos/27156764@N05/3303414963,https://live.staticflickr.com/3587/3303414963_3f0a3c1a85.jpg,by,2.0,https://creativecommons.org/licenses/by/2.0/,Indonesia destination,500,281,500,281,43.411,868869c0353bdaca8e751d247d6d6af0dc901aba
0006.jpg,localtourism,bd0e1440-8a48-4c80-8020-472c5ac8ac2a,Delicious food of Java (Indonesia 2009),flickr,paularps,https://www.flickr.com/photos/21160385@N02/3695068348,https://live.staticflickr.com/2545/3695068348_5a7c483d93.jpg,by,2.0,https://creativecommons.org/licenses/by/2.0/,Indonesia destination,500,375,500,375,61.97,13f0cd5369d3c2ec928b44f383575cd7a439b74c
0003.jpg,localtourism,c5295a0a-f293-47d1-bcfa-a8808894921d,I Love Blue My Island Series - Bidadari Island #3,flickr,aq-photography.com,https://www.flickr.com/photos/27156764@N05/3296820763,https://live.staticflickr.com/3299/3296820763_684d5d34f7.jpg,by,2.0,https://creativecommons.org/licenses/by/2.0/,Indonesia destination,334,500,334,500,51.633,fbdc19bdc5d660671f1724619a0e14a081c81291
0005.jpg,localtourism,8f6be930-5167-44c2-b474-b99d72753caa,Pura Kehen,flickr,Arian Zwegers,https://www.flickr.com/photos/67769030@N07/6989458953,https://live.staticflickr.com/7209/6989458953_8889f1ceb9_b.jpg,by,2.0,https://creativecommons.org/licenses/by/2.0/,Indonesia destination,683,1024,512,768,52.533,86f0f2f722233e29c6625742ca9842397b80cc58
0004.jpg,localtourism,aac905cc-18d4-46fb-95bc-5ee3e1287131,Red colour at sunrise and Lombok's mountains,flickr,Jorge Lascar,https://www.flickr.com/photos/8721758@N06/16788815848,https://live.staticflickr.com/7611/16788815848_f95e3c9a53_b.jpg,by,2.0,https://creativecommons.org/licenses/by/2.0/,Indonesia destination,1024,680,768,510,38.698,aba2bcbad3c0322d0fa704936b95e3f3981b4db7
0007.jpg,localtourism,81a80b5b-e095-43df-95b8-04e02074b002,The beautiful turquoise water surrounding the Gili Islands,flickr,Jorge Lascar,https://www.flickr.com/photos/8721758@N06/16975598051,https://live.staticflickr.com/7601/16975598051_b2d29312d3_b.jpg,by,2.0,https://creativecommons.org/licenses/by/2.0/,Indonesia destination,1024,680,768,510,54.456,912e8cac357548448ff08f0f6dfb26761eaaae75
0010.jpg,localtourism,f67c7b66-e1ec-41d5-99c4-b877ea71b3b6,I Love Blue My Island Series - Alor Island #6,flickr,aq-photography.com,https://www.flickr.com/photos/27156764@N05/3304243814,https://live.staticflickr.com/3604/3304243814_ba6ccbc507.jpg,by,2.0,https://creativecommons.org/licenses/by/2.0/,Indonesia destination,500,281,500,281,53.376,f1cc346966612a75c61b450f908496c3f2e68d31
0012.jpg,localtourism,989fb47e-68f2-4c10-bd2f-0f32382f9b53,I Love Blue My Island Series - Bidadari Island #2,flickr,aq-photography.com,https://www.flickr.com/photos/27156764@N05/3296820249,https://live.staticflickr.com/3625/3296820249_9df3cf9de7.jpg,by,2.0,https://creativecommons.org/licenses/by/2.0/,Indonesia destination,500,281,500,281,34.766,e00d4f5c011be6ee0476c2c7e79edc6b3cb96ee4
0015.jpg,localtourism,16dfa3e3-ecdd-4f87-adb8-5a758c8b461c,I Love Blue My Island Series - Bidadari Island #1,flickr,aq-photography.com,https://www.flickr.com/photos/27156764@N05/3297644248,https://live.staticflickr.com/3369/3297644248_d1594d1604.jpg,by,2.0,https://creativecommons.org/licenses/by/2.0/,Indonesia destination,500,281,500,281,33.903,95529fc66b8eaf5721759466d65ca82c80938ab9
0013.jpg,localtourism,62159b53-bb8b-4d76-8c21-54643149e5ff,I Love Blue My Island Series - Alor Island #5,flickr,aq-photography.com,https://www.flickr.com/photos/27156764@N05/3303415327,https://live.staticflickr.com/3424/3303415327_bf2305a5be.jpg,by,2.0,https://creativecommons.org/licenses/by/2.0/,Indonesia destination,500,281,500,281,57.974,8acc9e2327656ec95ae7c777c9cf5cefb382395f
0014.jpg,localtourism,ad9ef6a0-df5c-43c7-a9ba-06ee13ab4a63,Sunrise at Gili Trawangan,flickr,Jorge Lascar,https://www.flickr.com/photos/8721758@N06/16950574856,https://live.staticflickr.com/8702/16950574856_2a1ce9fc78_b.jpg,by,2.0,https://creativecommons.org/licenses/by/2.0/,Indonesia destination,1024,680,768,510,48.634,d633a717860a136911ebdb02c6adb2d7e57c17a6
0011.jpg,localtourism,ee7ee062-d90c-4793-91fe-c053b3c6744c,Red colour at sunrise and Lombok's mountains - Trawangan Gili island,flickr,Jorge Lascar,https://www.flickr.com/photos/8721758@N06/16358688994,https://live.staticflickr.com/7623/16358688994_b0fe675712_b.jpg,by,2.0,https://creativecommons.org/licenses/by/2.0/,Indonesia destination,1024,680,768,510,37.675,5a04986802afb3804358064c6f9c795604b116b4
0016.jpg,localtourism,07fd696f-07bb-4d10-bee0-7711809f4628,Sunset at Gili Trawangan,flickr,Jorge Lascar,https://www.flickr.com/photos/8721758@N06/16955107016,https://live.staticflickr.com/8721/16955107016_706c95406c_b.jpg,by,2.0,https://creativecommons.org/licenses/by/2.0/,Indonesia destination,1024,680,768,510,35.38,51fdf12a3ed4fd09a2565c8c2d011d8453753479
0019.jpg,localtourism,437aea6b-cb8d-47ef-b316-2b9f8aa4646c,I Love Blue My Island Series - Alor Island #3,flickr,aq-photography.com,https://www.flickr.com/photos/27156764@N05/3300283225,https://live.staticflickr.com/3330/3300283225_20c8c1b61b.jpg,by,2.0,https://creativecommons.org/licenses/by/2.0/,Indonesia destination,334,500,334,500,38.095,776e7bce2e3c541d0e14a6f220a7c9e5b98bbc36
0017.jpg,localtourism,0ba7fce7-9350-46f3-89ea-3ee69dcf68b4,I Love Blue My Island Series - Alor Island #1,flickr,aq-photography.com,https://www.flickr.com/photos/27156764@N05/3300283003,https://live.staticflickr.com/3420/3300283003_3296a46c8b.jpg,by,2.0,https://creativecommons.org/licenses/by/2.0/,Indonesia destination,500,281,500,281,47.934,914d64492f6f7ddcceccc033b874f134af106788
0018.jpg,localtourism,4dd0a2f1-6170-4255-91be-9343c210fff0,Turquoise water,flickr,Jorge Lascar,https://www.flickr.com/photos/8721758@N06/16356426203,https://live.staticflickr.com/8729/16356426203_e8e2ed784a_b.jpg,by,2.0,https://creativecommons.org/licenses/by/2.0/,Indonesia destination,1024,680,768,510,48.258,da0537028691444c76683ced67b824e543f5e341
0021.jpg,localtourism,9abb3a8d-9ceb-4422-bd2d-6670d16cff1f,1998 Passage,flickr,anoldent,https://www.flickr.com/photos/8563790@N08/549584079,https://live.staticflickr.com/1115/549584079_431fc39dca_b.jpg,by-sa,2.0,https://creativecommons.org/licenses/by-sa/2.0/,Indonesia destination,1024,688,768,516,35.803,01f4d9779f66a6ac0075786f3926a92ecfa535f6
0020.jpg,localtourism,0f7b2c01-2c97-4327-807d-b75823470968,Taman Tirta Gangga,flickr,D-Stanley,https://www.flickr.com/photos/79721788@N00/6337600320,https://live.staticflickr.com/6229/6337600320_af635ac1b7_b.jpg,by,2.0,https://creativecommons.org/licenses/by/2.0/,Indonesia destination,1024,768,768,576,54.576,c2688a44b592196e787dc84aa8cc3d0ea25c4d17
0023.jpg,localtourism,556a89b9-ce94-47cd-9b17-bbc0217e7abc,Sunset at Gili Trawangan,flickr,Jorge Lascar,https://www.flickr.com/photos/8721758@N06/16950551546,https://live.staticflickr.com/8726/16950551546_24e4851443_b.jpg,by,2.0,https://creativecommons.org/licenses/by/2.0/,Indonesia destination,1024,680,768,510,35.427,d3b6355a3c9174373e642fa5da1a7a17155ce431
0024.jpg,localtourism,e3f4f8b3-de4b-49f7-a3b8-956689d377ed,Sunrise at Gili Trawangan,flickr,Jorge Lascar,https://www.flickr.com/photos/8721758@N06/16793344828,https://live.staticflickr.com/7609/16793344828_6e98a353b4_b.jpg,by,2.0,https://creativecommons.org/licenses/by/2.0/,Indonesia destination,1024,680,768,510,44.583,89deb4a5a9fa00ca8dcab671507a125a56af3e62
0025.jpg,localtourism,cb0e7662-f9cf-4563-b00a-f86be7ad7914,The crew on our first Perth-Lombok flight celebrating in Lombok,flickr,Jetstar Airways,https://www.flickr.com/photos/60687350@N07/9925605146,https://live.staticflickr.com/2864/9925605146_594bd8c62c_b.jpg,by-sa,2.0,https://creativecommons.org/licenses/by-sa/2.0/,Indonesia destination,1024,641,768,481,49.201,04c951c6ebba3ce25d86774ebcd4723e5192404a
0026.jpg,localtourism,7243e32b-e467-4883-9a4f-747256c7f6c3,Gili Trawangan,flickr,Jorge Lascar,https://www.flickr.com/photos/8721758@N06/16788754758,https://live.staticflickr.com/7649/16788754758_57d65aca74_b.jpg,by,2.0,https://creativecommons.org/licenses/by/2.0/,Indonesia destination,1024,680,768,510,43.571,d8e0aa20a114c482c60f505ce03225931566a204
0027.jpg,localtourism,18b744f0-c12b-407d-93bb-4db3151dd4bf,Landing in Lombok after our first flight from Perth,flickr,Jetstar Airways,https://www.flickr.com/photos/60687350@N07/9925649004,https://live.staticflickr.com/7327/9925649004_1088964719_b.jpg,by-sa,2.0,https://creativecommons.org/licenses/by-sa/2.0/,Indonesia destination,1023,685,768,514,61.008,88c7d3e9871d19dac5477a00dc50ced3a362c105
0028.jpg,localtourism,de16a8bc-231a-46af-b806-972d00ee6cd3,Celebrating the arrival of our first Perth-Lombok flight,flickr,Jetstar Airways,https://www.flickr.com/photos/60687350@N07/9925605006,https://live.staticflickr.com/5528/9925605006_a04df0a3b9_b.jpg,by-sa,2.0,https://creativecommons.org/licenses/by-sa/2.0/,Indonesia destination,1023,685,768,514,53.645,cd4c383fb44668182e61b8821225620245ca3f8b
0029.jpg,localtourism,a497f711-3c98-4403-bc65-4dec5d13bbc5,The crew on our first Perth-Lombok flight,flickr,Jetstar Airways,https://www.flickr.com/photos/60687350@N07/9925750043,https://live.staticflickr.com/3783/9925750043_7bb716d45d_b.jpg,by-sa,2.0,https://creativecommons.org/licenses/by-sa/2.0/,Indonesia destination,1024,640,768,480,43.071,daaa4d644626b7b79f91da0bdb50235567067ce5
0030.jpg,localtourism,d819bdbe-5cec-41ec-84db-6c4c15abac7d,The crew on our first Perth-Lombok flight,flickr,Jetstar Airways,https://www.flickr.com/photos/60687350@N07/9925605696,https://live.staticflickr.com/2845/9925605696_5e8efa3cb9_b.jpg,by-sa,2.0,https://creativecommons.org/licenses/by-sa/2.0/,Indonesia destination,1023,639,768,480,42.301,4e29eaea34331408a9a90c7abdd3bd11dca4ece5
0031.jpg,localtourism,a221b620-9e24-46dc-b454-51567f2e5520,Celebrating the arrival of our first Perth-Lombok flight,flickr,Jetstar Airways,https://www.flickr.com/photos/60687350@N07/9925648994,https://live.staticflickr.com/7412/9925648994_cd5959a166_b.jpg,by-sa,2.0,https://creativecommons.org/licenses/by-sa/2.0/,Indonesia destination,1023,685,768,514,34.393,07d944361f2f59c773e28e60e41e8690953486bc
0032.jpg,localtourism,5839e0f3-dbaa-4180-9764-e835ff8a18dd,Celebrating the launch of our Perth-Lombok flights,flickr,Jetstar Airways,https://www.flickr.com/photos/60687350@N07/9925750523,https://live.staticflickr.com/2872/9925750523_d47548c1eb_b.jpg,by-sa,2.0,https://creativecommons.org/licenses/by-sa/2.0/,Indonesia destination,1024,767,768,575,42.883,ae5ac04e9b18c56740af8971e223b64da6edf3fd
0033.jpg,localtourism,88735e6c-f2dc-4c36-af49-f9fd8ff73a8e,Bali beaches at sunrise,flickr,Jorge Lascar,https://www.flickr.com/photos/8721758@N06/16890484155,https://live.staticflickr.com/8734/16890484155_195e1ff420_b.jpg,by,2.0,https://creativecommons.org/licenses/by/2.0/,Indonesia destination,1024,680,768,510,25.642,973f8d52e16f6dab29a4d23eda5ac29a3894c8a4
0034.jpg,localtourism,c653d767-92ca-4bae-9fe9-c45ff71a8f4a,COVID-19 Equipment to Indonesia (05890026),flickr,IAEA Imagebank,https://www.flickr.com/photos/35068899@N03/49885157273,https://live.staticflickr.com/65535/49885157273_de64111a1d_b.jpg,by,2.0,https://creativecommons.org/licenses/by/2.0/,Indonesia destination,768,1024,576,768,49.805,e01e744fad8945b955942d0d10239aa625900d4c
0035.jpg,localtourism,af453d03-548e-40db-818e-2d028a222d17,stocks-0275,flickr,Artem Beliaikin,https://www.flickr.com/photos/157635012@N07/45529170431,https://live.staticflickr.com/1906/45529170431_192d4f9ec7_b.jpg,cc0,1.0,https://creativecommons.org/publicdomain/zero/1.0/,Indonesia destination,1024,683,768,512,57.51,b1695cf10baec3784c92024ee5047160f5fa9f34
0036.jpg,localtourism,91159185-5fe6-4384-b4c8-b4245949f475,Beach - Gili Trawangan,flickr,Jorge Lascar,https://www.flickr.com/photos/8721758@N06/16950555226,https://live.staticflickr.com/8735/16950555226_32c9d4c175_b.jpg,by,2.0,https://creativecommons.org/licenses/by/2.0/,Indonesia destination,1024,680,768,510,51.651,ddc13798f5f3692da80d581016b82d1acf803cc0
0037.jpg,localtourism,c6ab847f-3e94-4d1b-9702-364da9e9e09a,The A320 we flew on our first Perth-Lombok flight,flickr,Jetstar Airways,https://www.flickr.com/photos/60687350@N07/9925584965,https://live.staticflickr.com/3731/9925584965_e8686792c5_b.jpg,by-sa,2.0,https://creativecommons.org/licenses/by-sa/2.0/,Indonesia destination,1023,685,768,514,46.699,c05d36571ef472274f35336298c2fa104bca3518
0039.jpg,localtourism,7fe5201b-26c9-4040-9306-89c86795e27d,Bali beach,flickr,Jorge Lascar,https://www.flickr.com/photos/8721758@N06/16683066207,https://live.staticflickr.com/8717/16683066207_9d6e93bafa_b.jpg,by,2.0,https://creativecommons.org/licenses/by/2.0/,Indonesia destination,1024,680,768,510,27.137,6c6b68590892cdf80af9904fc38a174568adf3d1
0038.jpg,localtourism,783be872-5b43-4908-99a2-98ac38af1369,Seashell,flickr,Jorge Lascar,https://www.flickr.com/photos/8721758@N06/16769152327,https://live.staticflickr.com/8711/16769152327_33c39a5164_b.jpg,by,2.0,https://creativecommons.org/licenses/by/2.0/,Indonesia destination,1024,680,768,510,70.135,53741fd73173b2c9180d29fd5beeace1288e6ba9
0040.jpg,localtourism,a1690d94-0876-4559-97fa-746a88f9b7aa,Borobudur near Yogyakarta (Indonesia 2009),flickr,paularps,https://www.flickr.com/photos/21160385@N02/3694233013,https://live.staticflickr.com/3650/3694233013_31d3d8dc9b.jpg,by,2.0,https://creativecommons.org/licenses/by/2.0/,Indonesia destination,500,375,500,375,88.983,bcb1ae1632e517632f7b3ec434cbefec63c5eed2
0041.jpg,localtourism,cd0767f3-ec4b-43ec-a35b-00cd2d3c9038,Prambanan near Yogyakarta (Indonesia 2009),flickr,paularps,https://www.flickr.com/photos/21160385@N02/3694230475,https://live.staticflickr.com/3594/3694230475_bbbab8418c.jpg,by,2.0,https://creativecommons.org/licenses/by/2.0/,Indonesia destination,500,375,500,375,65.074,918f97ba37f820675fa2a6339da34a35ddf78523
0045.jpg,localtourism,98506828-7f24-4a29-a39e-460fdb662fc1,Art Deco of the Preanger hotel in Bandung (Indonesia 2009),flickr,paularps,https://www.flickr.com/photos/21160385@N02/3694256807,https://live.staticflickr.com/2435/3694256807_64f13ccd27.jpg,by,2.0,https://creativecommons.org/licenses/by/2.0/,Indonesia destination,500,375,500,375,64.877,7cc7f6b7ebfb6758d0fd320f1d01c4248b358f82
0044.jpg,localtourism,47410f07-8514-4099-a00f-791e651bcd76,"Tea plantations in Puncak pass (Java, Indonesia 2009)",flickr,paularps,https://www.flickr.com/photos/21160385@N02/8099266343,https://live.staticflickr.com/8464/8099266343_b83520aac6.jpg,by,2.0,https://creativecommons.org/licenses/by/2.0/,Indonesia destination,500,375,500,375,88.873,56a3d02575d5e0372ae6d4e5ae1538e7980f4404
0048.jpg,localtourism,014dfa05-648f-4c39-a77a-8fd6d5e8b3a8,Sunrise view on Bromo crater (Indonesia 2009),flickr,paularps,https://www.flickr.com/photos/21160385@N02/3694219919,https://live.staticflickr.com/2616/3694219919_ba35fbbb12.jpg,by,2.0,https://creativecommons.org/licenses/by/2.0/,Indonesia destination,500,375,500,375,45.686,52514a29b75ff61e3c3190394658395cbd573f7b
0049.jpg,localtourism,cc44d55d-80aa-4d50-90d8-a5d32a0763c6,Bromo and Semeru (Indonesia 2009),flickr,paularps,https://www.flickr.com/photos/21160385@N02/3695502682,https://live.staticflickr.com/3625/3695502682_e6dfff608c.jpg,by,2.0,https://creativecommons.org/licenses/by/2.0/,Indonesia destination,500,375,500,375,22.413,e4fa2d9510ae4032340a6fa0581c680921d5c25d
0047.jpg,localtourism,4ab1edbc-0098-42a0-83f9-0c359bebaedb,"Tea plantations in Puncak pass (Java, Indonesia 2009)",flickr,paularps,https://www.flickr.com/photos/21160385@N02/8099266213,https://live.staticflickr.com/8187/8099266213_3e00c17142.jpg,by,2.0,https://creativecommons.org/licenses/by/2.0/,Indonesia destination,500,375,500,375,91.257,9ad462719780bcf2677c47d9a4a2f4b4a88466c4
0050.jpg,localtourism,e846075a-aef6-462d-a6ad-1d6bbbd957fc,Borobudur near Yogyakarta (Indonesia 2009),flickr,paularps,https://www.flickr.com/photos/21160385@N02/3716414260,https://live.staticflickr.com/2441/3716414260_7a3a3154cf.jpg,by,2.0,https://creativecommons.org/licenses/by/2.0/,Indonesia destination,500,375,500,375,66.368,0d7404120cf47db5722dc03ec0e07c0d4d7b0ddc
0051.jpg,localtourism,67e89f01-3df6-4e09-b961-d12362daf535,"Sawahs surrounding Bogor (Java, Indonesia 2009)",flickr,paularps,https://www.flickr.com/photos/21160385@N02/8099274300,https://live.staticflickr.com/8327/8099274300_a4c6f895db.jpg,by,2.0,https://creativecommons.org/licenses/by/2.0/,Indonesia destination,500,375,500,375,50.326,35f670a43d123987a97e8c8a972e2e6ec03cb8e1
0052.jpg,localtourism,77b7ccf7-ec09-41fd-a257-0697e20632ce,"Dutch ereveld 'Leeuwigajah' west of Bandung (Java, Indonesia 2009)",flickr,paularps,https://www.flickr.com/photos/21160385@N02/8099266083,https://live.staticflickr.com/8044/8099266083_2c34956e9c.jpg,by,2.0,https://creativecommons.org/licenses/by/2.0/,Indonesia destination,500,375,500,375,65.602,e0ab7be23bc2b15ef9c467557711da8e250d21c5
0053.jpg,localtourism,2acf57f0-804b-42b4-a0de-e9d01ad1fa27,"Savoy hotel in Bandung (Java, Indonesia 2009)",flickr,paularps,https://www.flickr.com/photos/21160385@N02/8099265931,https://live.staticflickr.com/8467/8099265931_e8aa788089.jpg,by,2.0,https://creativecommons.org/licenses/by/2.0/,Indonesia destination,500,375,500,375,69.474,e436d298b9c721250514d720f954e5627fce09cc
0054.jpg,localtourism,7e9270a8-bb77-4dbc-ab54-c40fc163ee27,"Sawahs near Bandung (Java, Indonesia 2009)",flickr,paularps,https://www.flickr.com/photos/21160385@N02/8099265863,https://live.staticflickr.com/8323/8099265863_cc8a068943.jpg,by,2.0,https://creativecommons.org/licenses/by/2.0/,Indonesia destination,500,375,500,375,75.005,a0c6b2ac8d6e3c417db9b3cc4015201899c660a1
0055.jpg,localtourism,f557b1f5-ad99-43f9-9311-8b2ac8785c9a,Sunrise view on Bromo crater (Indonesia 2009),flickr,paularps,https://www.flickr.com/photos/21160385@N02/3695025870,https://live.staticflickr.com/3621/3695025870_5b91d9bf67.jpg,by,2.0,https://creativecommons.org/licenses/by/2.0/,Indonesia destination,500,375,500,375,34.926,d25ed2ce0cedaf4e79bab7f41d9708044943ae45
0056.jpg,localtourism,511ed891-dbb4-4981-b4e7-3f456c9b5b05,Sunrise view on Bromo crater (Indonesia 2009),flickr,paularps,https://www.flickr.com/photos/21160385@N02/3694219267,https://live.staticflickr.com/2532/3694219267_8f4b4f2918.jpg,by,2.0,https://creativecommons.org/licenses/by/2.0/,Indonesia destination,500,375,500,375,32.5,a00ad5ccd6d01a18f61599abbbb7e49095e6f57a
0058.jpg,localtourism,c17799a7-a3fb-45f9-b9b2-a84976c1ae50,Prambanan near Yogyakarta (Indonesia 2009),flickr,paularps,https://www.flickr.com/photos/21160385@N02/3695039542,https://live.staticflickr.com/3592/3695039542_8d00c291d7.jpg,by,2.0,https://creativecommons.org/licenses/by/2.0/,Indonesia destination,500,375,500,375,67.276,2826b2576cd830e5e942019e4c2f1629d50e2118
0059.jpg,localtourism,74c5af2f-9468-4ac6-aef5-074cc324b0e9,Potato Farmer in Dieng Indonesia,flickr,www.ryananders.de,https://www.flickr.com/photos/171531878@N08/48702996057,https://live.staticflickr.com/65535/48702996057_213d33be64_b.jpg,by,2.0,https://creativecommons.org/licenses/by/2.0/,Indonesia destination,683,1024,512,768,34.264,aa03fd3f552c5041a6c74bab65b33608522cb5b2
0061.jpg,localtourism,4fb83590-83e0-4632-b51a-39c69297ac36,The Gili Islands,flickr,Jorge Lascar,https://www.flickr.com/photos/8721758@N06/16356362743,https://live.staticflickr.com/8710/16356362743_e99f07dbc7_b.jpg,by,2.0,https://creativecommons.org/licenses/by/2.0/,Indonesia destination,1024,680,768,510,41.889,31650910ea1b1e9fa0bbb467a96d96e745cf37dd
0063.jpg,localtourism,1dd8cc3b-873c-4377-9a61-13957f4c7da4,"Tea plantations in Puncak pass (Java, Indonesia 2009)",flickr,paularps,https://www.flickr.com/photos/21160385@N02/8099266127,https://live.staticflickr.com/8473/8099266127_382494f5b7.jpg,by,2.0,https://creativecommons.org/licenses/by/2.0/,Indonesia destination,500,375,500,375,83.508,8c7d4404587c6592e03cd60c7bc080c0cbb18b55
0062.jpg,localtourism,c478fca7-1a72-4e9a-8d94-90996587d2a4,"I did not get off the car, but was still solicited by one massage parlour",flickr,shankar s.,https://www.flickr.com/photos/77742560@N06/32228662018,https://live.staticflickr.com/4860/32228662018_66799fc68e_b.jpg,by,2.0,https://creativecommons.org/licenses/by/2.0/,Indonesia destination,1024,684,768,513,57.749,ba2d2d3ddfeb7685c4fbf91fa2f490136c384d43
0064.jpg,localtourism,44df9cd1-854f-4535-bbf8-e94cb08d4c74,"Sawahs near Bandung (Java, Indonesia 2009)",flickr,paularps,https://www.flickr.com/photos/21160385@N02/8099265789,https://live.staticflickr.com/8472/8099265789_560852ed09.jpg,by,2.0,https://creativecommons.org/licenses/by/2.0/,Indonesia destination,500,375,500,375,90.921,b523a416fc088f23efe9c52db52b81bd0691fab9
0065.jpg,localtourism,3ab7969a-4dfa-424a-8872-4be11cb85207,Sunrise view on Bromo crater (Indonesia 2009),flickr,paularps,https://www.flickr.com/photos/21160385@N02/3694225639,https://live.staticflickr.com/3602/3694225639_b6373ee1b9.jpg,by,2.0,https://creativecommons.org/licenses/by/2.0/,Indonesia destination,500,375,500,375,23.191,52b01364317d373cfd5ff1c1d3dd6b64fe80aa89
0066.jpg,localtourism,5014b32e-bc86-49be-b4ef-facfdc77aa7d,"Smoking Bromo vulcano (East-Java, Indonesia 2009)",flickr,paularps,https://www.flickr.com/photos/21160385@N02/8099266419,https://live.staticflickr.com/8334/8099266419_692d94e0b1.jpg,by,2.0,https://creativecommons.org/licenses/by/2.0/,Indonesia destination,500,375,500,375,53.963,eed9c7138a880956d80e713ea6500b979bf1422c
0067.jpg,localtourism,d871011d-da2d-47a6-813c-464c1f3d58ae,Red pine forest in Dieng Plateau (Indonesia 2009),flickr,paularps,https://www.flickr.com/photos/21160385@N02/3694243757,https://live.staticflickr.com/2502/3694243757_96ebd26bc8.jpg,by,2.0,https://creativecommons.org/licenses/by/2.0/,Indonesia destination,500,375,500,375,93.266,d2809a36e94fef4806e953a5c2755d7cb7dde3c3
0068.jpg,localtourism,fb790684-1802-41d5-8c3d-da7e948819b9,Jl Pantai Bali,flickr,Jorge Lascar,https://www.flickr.com/photos/8721758@N06/16702762338,https://live.staticflickr.com/8752/16702762338_644256bcff_b.jpg,by,2.0,https://creativecommons.org/licenses/by/2.0/,Indonesia destination,1024,680,768,510,78.009,9a22650de5019c0f6d4a6f9f3289a0381de900fd
0070.jpg,localtourism,8108aff3-ca4b-4b8b-a64a-4174d6685542,Bali,flickr,Jorge Lascar,https://www.flickr.com/photos/8721758@N06/16702994600,https://live.staticflickr.com/7603/16702994600_b463334f4b_b.jpg,by,2.0,https://creativecommons.org/licenses/by/2.0/,Indonesia destination,1024,680,768,510,55.593,bb3ba52d4c7f734b8d1bbcfc564edb9e23160e5f
0069.jpg,localtourism,d61232a5-1607-4f98-8a17-ac02dc4e7611,Jalan Pantai Bali,flickr,Jorge Lascar,https://www.flickr.com/photos/8721758@N06/16702991550,https://live.staticflickr.com/7639/16702991550_f0c83ab2fb_b.jpg,by,2.0,https://creativecommons.org/licenses/by/2.0/,Indonesia destination,1024,680,768,510,64.59,27cc7f516c2ede3dccc1da1bd508dabf0c577ce7
0071.jpg,localtourism,5317622c-bf97-44e1-8007-6b480cabd8f9,The Gili Islands,flickr,Jorge Lascar,https://www.flickr.com/photos/8721758@N06/16356413943,https://live.staticflickr.com/7635/16356413943_96a8352844_b.jpg,by,2.0,https://creativecommons.org/licenses/by/2.0/,Indonesia destination,1024,680,768,510,45.39,45e893a7317432beee3c0404da9da923d9692aed
0072.jpg,localtourism,6c128a56-517a-4686-bec8-dadff408e984,Borobudur near Yogyakarta (Indonesia 2009),flickr,paularps,https://www.flickr.com/photos/21160385@N02/3695045566,https://live.staticflickr.com/2649/3695045566_6bb16fa7c2.jpg,by,2.0,https://creativecommons.org/licenses/by/2.0/,Indonesia destination,500,375,500,375,68.118,62bb1431675eb046b1e9b04668023a325b2ed58c
0073.jpg,localtourism,e8577792-dd90-4883-81e2-293cba1b1db9,DSCF4855,flickr,mattjlc,https://www.flickr.com/photos/23457733@N05/3651944869,https://live.staticflickr.com/3609/3651944869_13e01ac016_b.jpg,by,2.0,https://creativecommons.org/licenses/by/2.0/,Indonesia destination,1024,769,768,577,65.901,bf8e9767d4d41d85e4fc710d472c5cdcb69657ac
0074.jpg,localtourism,46c0f0f1-a080-4664-bd5d-f44873d9df1f,Sunrise view on Bromo crater (Indonesia 2009),flickr,paularps,https://www.flickr.com/photos/21160385@N02/3694224997,https://live.staticflickr.com/3643/3694224997_4742ccf47d.jpg,by,2.0,https://creativecommons.org/licenses/by/2.0/,Indonesia destination,500,375,500,375,21.233,30dd8b822ea8d7e58a381dcc28821feec7895023
0075.jpg,localtourism,9ba09b6f-b1b7-423d-8ab9-1548d29649e0,"Colourful fishing boats, South-Bali (Indonesia 2009)",flickr,paularps,https://www.flickr.com/photos/21160385@N02/3695007940,https://live.staticflickr.com/2664/3695007940_858ff5b09e.jpg,by,2.0,https://creativecommons.org/licenses/by/2.0/,Indonesia destination,500,375,500,375,37.053,96ff157bab185eab2f967b7af062fb5f09d38159
0076.jpg,localtourism,24da4977-ec7d-461b-a970-8ac0e3c2ad97,"Hill town in Puncak pass (Java, Indonesia 2009)",flickr,paularps,https://www.flickr.com/photos/21160385@N02/8099274214,https://live.staticflickr.com/8327/8099274214_331d55233d.jpg,by,2.0,https://creativecommons.org/licenses/by/2.0/,Indonesia destination,500,375,500,375,73.834,f8b9102a99705c529be9c509456f8a808127ad41
0077.jpg,localtourism,6737be3f-975b-486a-9c1b-73f7ed77ed79,"Dangerous sea at Tanah Lot, West-Bali (Indonesia 2009)",flickr,paularps,https://www.flickr.com/photos/21160385@N02/3695011248,https://live.staticflickr.com/2527/3695011248_439e98e206.jpg,by,2.0,https://creativecommons.org/licenses/by/2.0/,Indonesia destination,500,375,500,375,67.098,4da79d0937b0cf38b32d19249a123deddd465911
0078.jpg,localtourism,74247e25-f035-4908-b38a-a6c243c2a7b0,Old Dutch fortress in Jakarta (Indonesia 2009),flickr,paularps,https://www.flickr.com/photos/21160385@N02/3694070162,https://live.staticflickr.com/3119/3694070162_8af518d9b1.jpg,by,2.0,https://creativecommons.org/licenses/by/2.0/,Indonesia destination,500,375,500,375,59.807,0147b2d1e107dddd5b917f6baaac3bfc1c5bc3ec
0080.jpg,localtourism,cde349a4-c387-4a41-8762-5a7b74bb1c1a,Prambanan near Yogyakarta (Indonesia 2009),flickr,paularps,https://www.flickr.com/photos/21160385@N02/3695039018,https://live.staticflickr.com/2424/3695039018_61a86c08db.jpg,by,2.0,https://creativecommons.org/licenses/by/2.0/,Indonesia destination,500,375,500,375,70.327,9f173f7cd2300f7c721a3746fc547914b9baca3f
0079.jpg,localtourism,1c676855-1f51-4178-927f-e874a45ba5e0,The Gili Islands,flickr,Jorge Lascar,https://www.flickr.com/photos/8721758@N06/16790303729,https://live.staticflickr.com/7612/16790303729_4484f15893_b.jpg,by,2.0,https://creativecommons.org/licenses/by/2.0/,Indonesia destination,1024,680,768,510,57.814,8487c1d975d2041be68ed1ef8a068884eb185115
0082.jpg,localtourism,866d4e19-ccc5-422b-9784-af00090082de,"Fishing boat in sunset, Lovina, North-Bali (Indonesia 2009)",flickr,paularps,https://www.flickr.com/photos/21160385@N02/3694215125,https://live.staticflickr.com/2503/3694215125_9e966f3fd4.jpg,by,2.0,https://creativecommons.org/licenses/by/2.0/,Indonesia destination,500,375,500,375,53.676,e422c6b60ead5d5d053e803f4aa803a67408c648
0081.jpg,localtourism,a853800d-386c-4382-8ad8-a3318c3b17ae,Rice paddies Central Java (Indonesia 2009),flickr,paularps,https://www.flickr.com/photos/21160385@N02/3694249149,https://live.staticflickr.com/3624/3694249149_79cd01d1bc.jpg,by,2.0,https://creativecommons.org/licenses/by/2.0/,Indonesia destination,500,375,500,375,87.436,98d0419e5880b7d7ec7c43a6b9eff7a56b880fa4
0083.jpg,localtourism,c1876aef-bab1-4962-adfe-0442df32d2ed,Borobudur near Yogyakarta (Indonesia 2009),flickr,paularps,https://www.flickr.com/photos/21160385@N02/8099265699,https://live.staticflickr.com/8188/8099265699_c201ca9234.jpg,by,2.0,https://creativecommons.org/licenses/by/2.0/,Indonesia destination,500,375,500,375,80.063,395a56d450208d0a68a551c88ba4f187bb0bc678
0084.jpg,localtourism,5d6dfbb1-dc47-42bb-bd69-c58403e8cd88,Bali beaches,flickr,Jorge Lascar,https://www.flickr.com/photos/8721758@N06/16703033410,https://live.staticflickr.com/8742/16703033410_0ec4ec9ffe_b.jpg,by,2.0,https://creativecommons.org/licenses/by/2.0/,Indonesia destination,1024,680,768,510,40.024,676cd13927227308f280e4bd1443d7034f2ba7eb
0085.jpg,localtourism,e6bc8bd7-17a9-48d5-9419-b7cbdf4347cc,The Gili Islands,flickr,Jorge Lascar,https://www.flickr.com/photos/8721758@N06/16789002170,https://live.staticflickr.com/7610/16789002170_e623ef7628_b.jpg,by,2.0,https://creativecommons.org/licenses/by/2.0/,Indonesia destination,1024,680,768,510,55.302,42b8927401f7dfbd357c33b529d0a3b072ede0b3
0089.jpg,localtourism,b9c09a88-4ad3-47fd-bd56-fa0b2b271a7e,"Hindu temple baths, Central-Bali (Indonesia 2009)",flickr,paularps,https://www.flickr.com/photos/21160385@N02/3695013132,https://live.staticflickr.com/2524/3695013132_765060a75f.jpg,by,2.0,https://creativecommons.org/licenses/by/2.0/,Indonesia destination,500,375,500,375,87.187,dfecd240f6c2a2527ef82703065b499c97b702a1
0086.jpg,localtourism,16a5ad4d-a7f5-4366-be2e-d343f5733c77,COVID-19 Equipment to Indonesia (05890029),flickr,IAEA Imagebank,https://www.flickr.com/photos/35068899@N03/49885989147,https://live.staticflickr.com/65535/49885989147_a66cd615f3_b.jpg,by,2.0,https://creativecommons.org/licenses/by/2.0/,Indonesia destination,768,1024,576,768,42.078,7c526d09c5bf70b7febe6841478041aebd84009f
0087.jpg,localtourism,503d9b30-91a0-443f-b741-253ad2edb005,COVID-19 Equipment to Indonesia (05890027),flickr,IAEA Imagebank,https://www.flickr.com/photos/35068899@N03/49885157248,https://live.staticflickr.com/65535/49885157248_b8f4c07e30_b.jpg,by,2.0,https://creativecommons.org/licenses/by/2.0/,Indonesia destination,1024,768,768,576,41.097,693461394479b0534a2787c894b03f47ecce7d3c
0088.jpg,localtourism,937ac3bd-e763-4fa9-8922-2c41d55f61c4,COVID-19 Equipment to Indonesia (05890028),flickr,IAEA Imagebank,https://www.flickr.com/photos/35068899@N03/49885989192,https://live.staticflickr.com/65535/49885989192_f835a0fcde_b.jpg,by,2.0,https://creativecommons.org/licenses/by/2.0/,Indonesia destination,768,1024,576,768,32.868,85014795005d675302daae4325e6db773eb24795
0090.jpg,localtourism,249266a5-28db-442b-8ece-2806b98998d7,"Sun drying of coffee beans, Kalibaru (Indonesia 2009)",flickr,paularps,https://www.flickr.com/photos/21160385@N02/3695023870,https://live.staticflickr.com/3542/3695023870_c2fe6913e5.jpg,by,2.0,https://creativecommons.org/licenses/by/2.0/,Indonesia destination,500,375,500,375,75.93,7c26077cab1abc6b9eacd2b09f9b25a4935305a6
0091.jpg,localtourism,6ddef6a7-43bd-4710-b527-f463b3f46691,Prambanan near Yogyakarta (Indonesia 2009),flickr,paularps,https://www.flickr.com/photos/21160385@N02/3695038524,https://live.staticflickr.com/2500/3695038524_c1ded05db6.jpg,by,2.0,https://creativecommons.org/licenses/by/2.0/,Indonesia destination,500,375,500,375,70.076,23cbb2a884d50d09f2e8899953b110d8cbae9665
0092.jpg,localtourism,b2230437-fe3c-48e2-987d-be5a428c143e,Sunrise view from Bromo park (Indonesia 2009),flickr,paularps,https://www.flickr.com/photos/21160385@N02/3695029118,https://live.staticflickr.com/2520/3695029118_fef85d9707.jpg,by,2.0,https://creativecommons.org/licenses/by/2.0/,Indonesia destination,500,375,500,375,29.606,75ebf8cb04ca2ae389febd2a71779ea690b2c748
0094.jpg,localtourism,7eebac71-437e-4872-a01c-6f7a59d397b3,"Gondola Timang Beach, Indonesia",flickr,celebrityabc,https://www.flickr.com/photos/136572517@N06/26833412586,https://live.staticflickr.com/7745/26833412586_fe625cc999.jpg,by-sa,2.0,https://creativecommons.org/licenses/by-sa/2.0/,Indonesia destination,390,500,390,500,66.951,eb1ed249803f704378ab6337821c01e46b912cb0
0095.jpg,localtourism,625252ac-da96-4772-bce5-888f2222dbd2,Beratan Lake,flickr,duabelas,https://www.flickr.com/photos/43797599@N05/4316113423,https://live.staticflickr.com/4034/4316113423_48226a3965_b.jpg,by,2.0,https://creativecommons.org/licenses/by/2.0/,Indonesia destination,1024,680,768,510,66.437,ace3d107b15ddbe1a042e76e4e5ae720565c1b9f
0093.jpg,localtourism,7e235f6b-5fca-475c-aa72-2712b413fabe,"Kawah Putih, BANDUNG, Indonesia",flickr,celebrityabc,https://www.flickr.com/photos/136572517@N06/26799339051,https://live.staticflickr.com/7152/26799339051_e92b6103d2_b.jpg,by-sa,2.0,https://creativecommons.org/licenses/by-sa/2.0/,Indonesia destination,599,916,502,768,48.893,c4e4aa84b93e90a1fc2501563f3db2484ffc7b2d
0096.jpg,localtourism,1ace7cad-5fbb-4833-8b45-ffa6e40c6b12,Telaga Warna Sulpher lake in Dieng Plateau (Indonesia 2009),flickr,paularps,https://www.flickr.com/photos/21160385@N02/3695054154,https://live.staticflickr.com/3642/3695054154_c6da895f9a.jpg,by,2.0,https://creativecommons.org/licenses/by/2.0/,Indonesia destination,500,375,500,375,55.097,eacb9350b05af921e572d92b9f92f1ae3551eb79
0098.jpg,localtourism,92863a0c-9442-4d7e-b836-3ecc037438df,"Gumuk Pasir Parangkusumo Yogyakarta, Indonesia",flickr,celebrityabc,https://www.flickr.com/photos/136572517@N06/26594221510,https://live.staticflickr.com/7445/26594221510_e5dcc4676a.jpg,by-sa,2.0,https://creativecommons.org/licenses/by-sa/2.0/,Indonesia destination,353,500,353,500,27.989,370c70692e66a8d2eb5089eb8298f940c96cff41
0097.jpg,localtourism,16b74d9a-fdae-497e-9675-06cba5a48073,"Dutch ereveld 'Leeuwigajah' west of Bandung (Java, Indonesia 2009)",flickr,paularps,https://www.flickr.com/photos/21160385@N02/8099273964,https://live.staticflickr.com/8335/8099273964_548dc06fbb.jpg,by,2.0,https://creativecommons.org/licenses/by/2.0/,Indonesia destination,500,375,500,375,57.529,51d93405fbe17d1ce3089dfbd02e30d5f7312007
0099.jpg,localtourism,1f1a70bd-7fe0-4a17-b8d1-0bb2d4110f43,After staying overnight on this spot we watched the sunrise before heading to Komodo island,flickr,Jorge Lascar,https://www.flickr.com/photos/8721758@N06/16932651410,https://live.staticflickr.com/8762/16932651410_76d68bb7e1_b.jpg,by,2.0,https://creativecommons.org/licenses/by/2.0/,Indonesia destination,1024,680,768,510,58.681,49773d7a285f462daa436be65450af9083300673
0101.jpg,localtourism,6442fce2-efa7-47a9-9cfa-c34900c9449d,Sunrise view from Bromo park (Indonesia 2009),flickr,paularps,https://www.flickr.com/photos/21160385@N02/3694223013,https://live.staticflickr.com/3602/3694223013_dc5b384d68.jpg,by,2.0,https://creativecommons.org/licenses/by/2.0/,Indonesia destination,500,375,500,375,20.806,3ffd0139bdcf1b0789e0231d0790485597f8ce16
0100.jpg,localtourism,2eaf90cb-0523-45de-af62-465fae957487,Borobudur near Yogyakarta (Indonesia 2009),flickr,paularps,https://www.flickr.com/photos/21160385@N02/8099273644,https://live.staticflickr.com/8331/8099273644_9af4954de5.jpg,by,2.0,https://creativecommons.org/licenses/by/2.0/,Indonesia destination,500,375,500,375,52.844,5831314822d1bd1f024dd41480ab4572aafdf92f
0102.jpg,localtourism,19f48dd2-2c70-4688-a106-9fa06fae25a7,"Night fishing, Lovina, North-Bali (Indonesia 2009)",flickr,paularps,https://www.flickr.com/photos/21160385@N02/3695021572,https://live.staticflickr.com/3626/3695021572_20bac91d4e.jpg,by,2.0,https://creativecommons.org/licenses/by/2.0/,Indonesia destination,500,375,500,375,33.696,02f667ba6686ad4cd794ac49224715e20c1ce943
0103.jpg,localtourism,2911eeb5-c0b7-4cfb-ab3c-3df72eb946b5,Borobudur near Yogyakarta (Indonesia 2009),flickr,paularps,https://www.flickr.com/photos/21160385@N02/3695041144,https://live.staticflickr.com/2663/3695041144_d9118edb0c.jpg,by,2.0,https://creativecommons.org/licenses/by/2.0/,Indonesia destination,500,375,500,375,52.187,e513449c6e83e71239fac27c10d08f7639ad1965
0104.jpg,localtourism,70735e17-d723-4569-a9e6-17d4345b6ab3,Mirai Airlines,flickr,Danny Choo,https://www.flickr.com/photos/88444437@N00/6888450146,https://live.staticflickr.com/7268/6888450146_ea84d4b841_b.jpg,by-sa,2.0,https://creativecommons.org/licenses/by-sa/2.0/,Indonesia destination,570,930,471,768,47.551,fbdb78175f4280a989ce943e0849997c434ee3d4
0107.jpg,localtourism,50a1d912-ba1f-4b50-86e1-c059d0c2fec1,Dieng plateau (Indonesia 2009),flickr,paularps,https://www.flickr.com/photos/21160385@N02/3695503358,https://live.staticflickr.com/2494/3695503358_4c796be474.jpg,by,2.0,https://creativecommons.org/licenses/by/2.0/,Indonesia destination,500,375,500,375,61.099,229fba9d14c68dc2631c5019d2277bbe8d329767
0106.jpg,localtourism,9664a072-b052-46f4-877c-5b614f91f95a,Borobudur near Yogyakarta (Indonesia 2009),flickr,paularps,https://www.flickr.com/photos/21160385@N02/3694233341,https://live.staticflickr.com/2431/3694233341_b85ddc5da9.jpg,by,2.0,https://creativecommons.org/licenses/by/2.0/,Indonesia destination,500,375,500,375,81.278,64c9883196023bee37948c6dbaf9351c488aebcb
0108.jpg,localtourism,78ba2bcc-febd-4278-841e-efa47313a032,"Smoking Bromo vulcano (East-Java, Indonesia 2009)",flickr,paularps,https://www.flickr.com/photos/21160385@N02/8099265577,https://live.staticflickr.com/8196/8099265577_28947f13fd.jpg,by,2.0,https://creativecommons.org/licenses/by/2.0/,Indonesia destination,500,375,500,375,60.166,4d7267f3362656867b09078b7ef193a46afa8304
0105.jpg,localtourism,bfd0dbf0-e98f-4891-8fcd-17b33d2a3145,Wild Komodo dragon - Komodo island,flickr,Jorge Lascar,https://www.flickr.com/photos/8721758@N06/17123830311,https://live.staticflickr.com/7664/17123830311_44759feb1c_b.jpg,by,2.0,https://creativecommons.org/licenses/by/2.0/,Indonesia destination,1024,680,768,510,73.703,28275085ef8f33e51d1bd4af0955c21ed3e0f7a4
0109.jpg,localtourism,0b0f9093-fa5d-4f91-a944-eaf331fe6036,"Fresh coffee, Kalibaru (Indonesia 2009)",flickr,paularps,https://www.flickr.com/photos/21160385@N02/3695024482,https://live.staticflickr.com/2661/3695024482_d22228d3a3.jpg,by,2.0,https://creativecommons.org/licenses/by/2.0/,Indonesia destination,500,375,500,375,48.097,1bfa90c33fe069d6f2b96775963f44b8a4693c16
0110.jpg,localtourism,469fa03a-e252-4119-be67-dc5257aebed6,Borobudur near Yogyakarta (Indonesia 2009),flickr,paularps,https://www.flickr.com/photos/21160385@N02/3695040156,https://live.staticflickr.com/3537/3695040156_ec01b1f525.jpg,by,2.0,https://creativecommons.org/licenses/by/2.0/,Indonesia destination,500,375,500,375,86.401,9a15f86cbdc3f574a34ad48f74b93c1095c58ee8
0111.jpg,localtourism,4c1844c7-d599-4ad1-a447-50107c610c15,"Saung Angklung Udjo, Bandung, Indonesia",flickr,celebrityabc,https://www.flickr.com/photos/136572517@N06/26594219720,https://live.staticflickr.com/7668/26594219720_301dde7768.jpg,by-sa,2.0,https://creativecommons.org/licenses/by-sa/2.0/,Indonesia destination,500,278,500,278,71.039,a5083d13df7e1842885e5c4e7197e427c2f77c08
0112.jpg,localtourism,5c072d3d-a129-4235-91be-406d284592bc,"Pasar Baru Trade Center, Bandung, Indonesia",flickr,celebrityabc,https://www.flickr.com/photos/136572517@N06/26799339591,https://live.staticflickr.com/7087/26799339591_d431264653.jpg,by-sa,2.0,https://creativecommons.org/licenses/by-sa/2.0/,Indonesia destination,500,333,500,333,64.2,e1a9573dedfdd88bdeb1af4bb5bc8db3098c2d9e
0114.jpg,localtourism,de6cc5d6-06ca-4e4f-b204-d8f848f09cc1,Sunrise view from Bromo park (Indonesia 2009),flickr,paularps,https://www.flickr.com/photos/21160385@N02/3694220671,https://live.staticflickr.com/3620/3694220671_7c5fb430d6.jpg,by,2.0,https://creativecommons.org/licenses/by/2.0/,Indonesia destination,500,375,500,375,25.459,6323c0946ea8af3be1119ebffe2994c171fe064a
0115.jpg,localtourism,7c6fffe1-ac53-4835-aa59-f89db766a89f,Gasplumes from Bromo crater (Indonesia 2009),flickr,paularps,https://www.flickr.com/photos/21160385@N02/3694217963,https://live.staticflickr.com/2631/3694217963_0e6af2a2ef.jpg,by,2.0,https://creativecommons.org/licenses/by/2.0/,Indonesia destination,500,375,500,375,49.891,9f7b9498ae56836d1452d2da3a31d31603aa0a0d
0113.jpg,localtourism,0577f8ff-2a2f-489d-aaa6-3a1b5bcbfc63,Footprint lead to sunrise,flickr,jenqidoodle,https://www.flickr.com/photos/51348210@N05/4782253318,https://live.staticflickr.com/4120/4782253318_42cf5f4824.jpg,by,2.0,https://creativecommons.org/licenses/by/2.0/,Indonesia destination,375,500,375,500,32.768,46f7f52cb960b8c61013d168f8aa532655fe8b6e
0116.jpg,localtourism,fe5c256f-dc52-4383-8e93-e57bcbac7400,"Rice Terrace, Bandung, Indonesia",flickr,celebrityabc,https://www.flickr.com/photos/136572517@N06/26799339401,https://live.staticflickr.com/7034/26799339401_7381455ca7.jpg,by-sa,2.0,https://creativecommons.org/licenses/by-sa/2.0/,Indonesia destination,403,500,403,500,70.291,a4f6e13cb0b2181d9b004d83e1b6267289e37d8d
0118.jpg,localtourism,baeece4c-4eea-41bc-b413-5d6949f01f34,"Hindu temple near Tanah Lot, West-Bali (Indonesia 2009)",flickr,paularps,https://www.flickr.com/photos/21160385@N02/3694203525,https://live.staticflickr.com/3588/3694203525_6ed1740dfb.jpg,by,2.0,https://creativecommons.org/licenses/by/2.0/,Indonesia destination,500,375,500,375,75.05,3826b8472478c92dbb1a1d0cc0c72ebc7bce2f3d
0117.jpg,localtourism,894274b3-be94-4064-a6b4-6ee9fe148127,Sugarcane field near Bromo (Indonesia 2009),flickr,paularps,https://www.flickr.com/photos/21160385@N02/3695504336,https://live.staticflickr.com/2548/3695504336_7680386887.jpg,by,2.0,https://creativecommons.org/licenses/by/2.0/,Indonesia destination,500,375,500,375,87.749,da4faf3db7717c116f414b30ffe47362d4cff9f9
0120.jpg,localtourism,bac1b3b8-928e-476e-bedb-0b343293c4be,Sunrise view on Bromo crater (Indonesia 2009),flickr,paularps,https://www.flickr.com/photos/21160385@N02/3694226887,https://live.staticflickr.com/2560/3694226887_bc7fa952b5.jpg,by,2.0,https://creativecommons.org/licenses/by/2.0/,Indonesia destination,500,375,500,375,32.452,381d0b2b2509d5dea12da35f1ddf2eddfeb071dc
0121.jpg,localtourism,e5616e86-0c67-4501-8bee-950d7f45041e,Hindu temple in Dieng Plateau (Indonesia 2009),flickr,paularps,https://www.flickr.com/photos/21160385@N02/3695053596,https://live.staticflickr.com/3565/3695053596_68c8c2a744.jpg,by,2.0,https://creativecommons.org/licenses/by/2.0/,Indonesia destination,500,375,500,375,82.072,635b3d958949cce9fe37e3f76b5e3223c4000991
0119.jpg,localtourism,013910a1-d950-44ad-a273-a69aa037f4f0,Livestock in Jakarta (Indonesia 2009),flickr,paularps,https://www.flickr.com/photos/21160385@N02/3693264747,https://live.staticflickr.com/2645/3693264747_7eb92af235.jpg,by,2.0,https://creativecommons.org/licenses/by/2.0/,Indonesia destination,500,375,500,375,43.369,6c426598a96c3c3c4c3b56ba3dd38db3eb7fd678
0122.jpg,localtourism,bb38b737-4101-4fb7-8c32-08e9a5c2d318,"Dangerous sea at Tanah Lot, West-Bali (Indonesia 2009)",flickr,paularps,https://www.flickr.com/photos/21160385@N02/3694205355,https://live.staticflickr.com/2053/3694205355_22e1743f91.jpg,by,2.0,https://creativecommons.org/licenses/by/2.0/,Indonesia destination,500,375,500,375,63.009,70ed49ea28baf4c541b38aafbe15b940f1570604
0123.jpg,localtourism,6b7851db-e22d-46af-a55c-102a73c02274,View of Naga village (Indonesia 2009),flickr,paularps,https://www.flickr.com/photos/21160385@N02/3694253839,https://live.staticflickr.com/2646/3694253839_fb11680df0.jpg,by,2.0,https://creativecommons.org/licenses/by/2.0/,Indonesia destination,500,375,500,375,80.351,60f15e35379f957472df5cab87ed80165b757ad2
0126.jpg,localtourism,ace9d31f-c600-43ed-a853-0a143b76f607,"Fort Vredeburg Museum, Yogyakarta, Indonesia",flickr,celebrityabc,https://www.flickr.com/photos/136572517@N06/26594220950,https://live.staticflickr.com/7229/26594220950_ce338fa319.jpg,by-sa,2.0,https://creativecommons.org/licenses/by-sa/2.0/,Indonesia destination,500,333,500,333,57.642,223aab3296916b656e5d075b6f33bbdf61218e4e
0127.jpg,localtourism,e08b8155-81ec-4fb4-abe5-2fc19d94d2c7,"Taman Sari Water Castle, Indonesia",flickr,celebrityabc,https://www.flickr.com/photos/136572517@N06/26594222270,https://live.staticflickr.com/7106/26594222270_cfb7d54290.jpg,by-sa,2.0,https://creativecommons.org/licenses/by-sa/2.0/,Indonesia destination,500,334,500,334,51.858,a469a12e639192b0a8f521615e2d5916034220b4
0125.jpg,localtourism,2183a3c9-62ac-441d-b343-d71ed8afc6e5,Borobudur near Yogyakarta (Indonesia 2009),flickr,paularps,https://www.flickr.com/photos/21160385@N02/3694237567,https://live.staticflickr.com/2463/3694237567_996518ddf8.jpg,by,2.0,https://creativecommons.org/licenses/by/2.0/,Indonesia destination,500,375,500,375,78.843,097beb7ba02f8d9f0511ce0e53940451f9888a70
0128.jpg,localtourism,9cee093b-6dee-4811-acce-b68229ffe2e6,Sunrise view on Bromo crater (Indonesia 2009),flickr,paularps,https://www.flickr.com/photos/21160385@N02/3694224423,https://live.staticflickr.com/2532/3694224423_e792804871.jpg,by,2.0,https://creativecommons.org/licenses/by/2.0/,Indonesia destination,500,375,500,375,33.166,8120de04d2229d42f8b212b611d77adf42e83abf
0129.jpg,localtourism,3d18fd6c-97d3-499c-a652-63783ebb8ded,"Batik prints, Indonesia",flickr,celebrityabc,https://www.flickr.com/photos/136572517@N06/26833412136,https://live.staticflickr.com/7521/26833412136_0f11bfdc96.jpg,by-sa,2.0,https://creativecommons.org/licenses/by-sa/2.0/,Indonesia destination,500,333,500,333,83.584,0e30673ba03710ff6b41b0b8977ee3c9aadaffa9
0124.jpg,localtourism,0d6430ad-de13-4473-bcfb-8d21f8266ec1,Komodo island,flickr,Jorge Lascar,https://www.flickr.com/photos/8721758@N06/16912639837,https://live.staticflickr.com/7619/16912639837_efa37044b8_b.jpg,by,2.0,https://creativecommons.org/licenses/by/2.0/,Indonesia destination,1024,680,768,510,54.585,de3c5107a42c05f932094373a8aa44775d5e5cbe
0130.jpg,localtourism,0688cac3-0bfb-4d52-9ca4-3d20525e1642,"Sunset at Gasibu, Bandung, Indonesia",flickr,celebrityabc,https://www.flickr.com/photos/136572517@N06/26833409886,https://live.staticflickr.com/7023/26833409886_2065420848.jpg,by-sa,2.0,https://creativecommons.org/licenses/by-sa/2.0/,Indonesia destination,331,499,331,499,27.474,20d01d80b38e0fd3fa8d6aa38f83ab0069faf469
0131.jpg,localtourism,e52d5482-74d6-45e8-81e0-8fcb38295cf8,"Prambanan Temple, Yogyakarta, Indonesia",flickr,celebrityabc,https://www.flickr.com/photos/136572517@N06/26594223140,https://live.staticflickr.com/7519/26594223140_d4b2c4d9bb.jpg,by-sa,2.0,https://creativecommons.org/licenses/by-sa/2.0/,Indonesia destination,500,393,500,393,72.824,2cb4f2d9f00ecc962577a001304b70f5e8bd511b
0137.jpg,localtourism,4c7fcb6f-c2ef-4f54-846b-528a656970fc,"Tanah Lot, West-Bali (Indonesia 2009)",flickr,paularps,https://www.flickr.com/photos/21160385@N02/3695011746,https://live.staticflickr.com/2581/3695011746_e4d48eb4e0.jpg,by,2.0,https://creativecommons.org/licenses/by/2.0/,Indonesia destination,500,375,500,375,58.43,64b723c877f002899468edfbb7d80e67b284acab
0139.jpg,localtourism,202ed85b-9856-48c7-a115-20bf0ce4373b,"Trans Studio Bandung, Indonesia",flickr,celebrityabc,https://www.flickr.com/photos/136572517@N06/26773473112,https://live.staticflickr.com/7714/26773473112_4cc0837c40.jpg,by-sa,2.0,https://creativecommons.org/licenses/by-sa/2.0/,Indonesia destination,500,375,500,375,70.566,154764352ca52e5f49c270cc50ea81bd9f9f0736
0138.jpg,localtourism,48955346-81f4-4974-a0f2-0c1447b1b280,Smoking Gunung Merapi (Indonesia 2009),flickr,paularps,https://www.flickr.com/photos/21160385@N02/3694695031,https://live.staticflickr.com/2644/3694695031_668e354dce.jpg,by,2.0,https://creativecommons.org/licenses/by/2.0/,Indonesia destination,500,375,500,375,12.828,5ec58b765f001d71c0c5bb5e52da64b3f88c6def
0134.jpg,localtourism,e4ee52d1-9c2f-415b-a08f-337547f0945d,The show here might have been more substantial but it would have been pretty crowded here,flickr,shankar s.,https://www.flickr.com/photos/77742560@N06/46049006512,https://live.staticflickr.com/4907/46049006512_fa8d77acce_b.jpg,by,2.0,https://creativecommons.org/licenses/by/2.0/,Indonesia destination,1024,684,768,513,78.068,2b6d35c1fdc6ec638eb1451289caf1f659433b02
0132.jpg,localtourism,2d6b3bb5-8091-4728-bc74-ddc268c51c01,"Special kites, Bali (Indonesia 2009)",flickr,paularps,https://www.flickr.com/photos/21160385@N02/3694204849,https://live.staticflickr.com/3613/3694204849_3553cfbcbb.jpg,by,2.0,https://creativecommons.org/licenses/by/2.0/,Indonesia destination,500,375,500,375,65.098,33d8ab9581991beeb728eec3c25f698aebe9ccc9
0136.jpg,localtourism,b9bbdafd-26d3-4790-985f-2161fbd86bfa,"Hindu temple in ricefield near Ubud, Central-Bali (Indonesia 2009)",flickr,paularps,https://www.flickr.com/photos/21160385@N02/3695013674,https://live.staticflickr.com/2458/3695013674_3300ef7cbe.jpg,by,2.0,https://creativecommons.org/licenses/by/2.0/,Indonesia destination,500,375,500,375,85.242,bda282665eded7bcdaf64f9c4a74c609329c9edf
0133.jpg,localtourism,bae3e3f1-b11d-48e7-ab88-7e414eef85ed,Komodo island (Fourth stop),flickr,Jorge Lascar,https://www.flickr.com/photos/8721758@N06/16497488684,https://live.staticflickr.com/7598/16497488684_c649faa623_b.jpg,by,2.0,https://creativecommons.org/licenses/by/2.0/,Indonesia destination,1024,680,768,510,40.886,f3f99bc24bfc575f6bec78ccd580fc965139f771
0135.jpg,localtourism,1c4d835b-845c-451c-8f21-8e35dad5a077,Destination,flickr,abdulrahman.stock,https://www.flickr.com/photos/67412852@N04/7384650306,https://live.staticflickr.com/7235/7384650306_19dba75452_b.jpg,by,2.0,https://creativecommons.org/licenses/by/2.0/,Indonesia destination,1024,678,768,509,51.848,2f1b2ce4fedbaaf1bd9c2b0ff02b024cfd49a2b5
0140.jpg,localtourism,9faf843c-4122-4db1-a46b-f01e9e7d8759,"Keraton Jogja, Yogyakarta, Indonesia",flickr,celebrityabc,https://www.flickr.com/photos/136572517@N06/26262786873,https://live.staticflickr.com/7178/26262786873_e8f9f4d6eb.jpg,by-sa,2.0,https://creativecommons.org/licenses/by-sa/2.0/,Indonesia destination,500,333,500,333,57.775,a67e092fc796446ddabce61eec2820e2b2683282
0144.jpg,localtourism,4003ad28-581d-44a3-ac8e-dc1882383ef4,Sunrise view on Bromo crater (Indonesia 2009),flickr,paularps,https://www.flickr.com/photos/21160385@N02/3695031018,https://live.staticflickr.com/2439/3695031018_55934dd1c6.jpg,by,2.0,https://creativecommons.org/licenses/by/2.0/,Indonesia destination,500,375,500,375,28.871,c4ce8fe1b258528f2e0ccd9ee89314a69c799591
0142.jpg,localtourism,b9cf9639-ac49-445e-8aa8-0a07cbe823ec,Borobudur near Yogyakarta (Indonesia 2009),flickr,paularps,https://www.flickr.com/photos/21160385@N02/3716414222,https://live.staticflickr.com/3457/3716414222_8457656ae9.jpg,by,2.0,https://creativecommons.org/licenses/by/2.0/,Indonesia destination,500,375,500,375,64.231,07bec7a57d3b965289cd5bcf05224532ddfc02d0
0141.jpg,localtourism,cbd822d1-bca2-4a18-a0f3-51bd94ad7bce,Fresh chili's (Indonesia 2009),flickr,paularps,https://www.flickr.com/photos/21160385@N02/3695047076,https://live.staticflickr.com/2460/3695047076_a152d7eaa7.jpg,by,2.0,https://creativecommons.org/licenses/by/2.0/,Indonesia destination,500,375,500,375,62.14,5552a92cf680b32e465a97c3339b6d29defffd9d
0145.jpg,localtourism,77c3f820-e852-43f1-bbfa-d16a39f788ae,Tea plantation near Puncak pass (Indonesia 2009),flickr,paularps,https://www.flickr.com/photos/21160385@N02/3695066116,https://live.staticflickr.com/2536/3695066116_857172e55c.jpg,by,2.0,https://creativecommons.org/licenses/by/2.0/,Indonesia destination,500,375,500,375,68.432,0eafb3236092da9347c1c56e6d40a76b04fafc0c
0147.jpg,localtourism,269b2508-4bc7-4b2f-86e9-8982b4fd9a0d,"Ricefield near Ubud, Central-Bali (Indonesia 2009)",flickr,paularps,https://www.flickr.com/photos/21160385@N02/3695015176,https://live.staticflickr.com/2509/3695015176_0868109552.jpg,by,2.0,https://creativecommons.org/licenses/by/2.0/,Indonesia destination,500,375,500,375,55.415,75d6f75a939bca25f5acfcd8a647d8dd8e164345
0143.jpg,localtourism,98cfc46d-20e7-4e16-8b71-de9b11b81ce5,Hindu temple in Dieng Plateau (Indonesia 2009),flickr,paularps,https://www.flickr.com/photos/21160385@N02/3695052954,https://live.staticflickr.com/2532/3695052954_6ba376aaaf.jpg,by,2.0,https://creativecommons.org/licenses/by/2.0/,Indonesia destination,500,375,500,375,88.388,f7f351a89d2e68e2dad0112d9aa32c61caf0e2c7
0146.jpg,localtourism,6ca2aff1-2af9-4fb5-8214-db97f95796b5,Eagle - Komodo island,flickr,Jorge Lascar,https://www.flickr.com/photos/8721758@N06/16932184818,https://live.staticflickr.com/7624/16932184818_1c5e2b5da3_b.jpg,by,2.0,https://creativecommons.org/licenses/by/2.0/,Indonesia destination,1024,680,768,510,71.707,d5925e7e0afc2c3cbfa1b1519705bc4703796be1
0151.jpg,localtourism,c29c0417-6318-4d79-ae9a-6c3b730f07ac,"Borobudur temple, Indonesia",flickr,celebrityabc,https://www.flickr.com/photos/136572517@N06/26594222070,https://live.staticflickr.com/7194/26594222070_77091bfb99.jpg,by-sa,2.0,https://creativecommons.org/licenses/by-sa/2.0/,Indonesia destination,500,400,500,400,69.601,ea8876afe7d6ba0497741bcfbbb2d8eb8b10cb4c
0148.jpg,localtourism,bd44b2a8-4da1-43f6-b57b-c0a94f5e3ab6,Old harbour of Jakarta (Indonesia 2009),flickr,paularps,https://www.flickr.com/photos/21160385@N02/3693264915,https://live.staticflickr.com/2644/3693264915_2f744b1974.jpg,by,2.0,https://creativecommons.org/licenses/by/2.0/,Indonesia destination,500,375,500,375,78.54,229c8afa79a9f7146a60833a5508bb30b32fd0e4
0152.jpg,localtourism,ade82446-a7ee-4554-8354-947a83e7501b,"Shopping Place at Pasar Beringhario, Yogyakarta, Indonesia:",flickr,celebrityabc,https://www.flickr.com/photos/136572517@N06/26594222830,https://live.staticflickr.com/7647/26594222830_7da29cc65f.jpg,by-sa,2.0,https://creativecommons.org/licenses/by-sa/2.0/,Indonesia destination,500,278,500,278,56.985,99b44b67affb52f4cbbd97d01acb74bf8af37dbb
0150.jpg,localtourism,be86ec42-0cf7-4347-a45b-af41f21d1673,"Lekker Je Cafe, Yogyakarta",flickr,celebrityabc,https://www.flickr.com/photos/136572517@N06/26262786143,https://live.staticflickr.com/7772/26262786143_bde433a74f.jpg,by-sa,2.0,https://creativecommons.org/licenses/by-sa/2.0/,Indonesia destination,500,331,500,331,33.991,14e43f4a7b87cc2511dfa51e9a051405cef9f7cb
0149.jpg,localtourism,0f5a0e06-7745-4903-8138-03f9566a8096,Tea plantation near Puncak pass (Indonesia 2009),flickr,paularps,https://www.flickr.com/photos/21160385@N02/3695067360,https://live.staticflickr.com/3608/3695067360_7cae80ba4a.jpg,by,2.0,https://creativecommons.org/licenses/by/2.0/,Indonesia destination,500,375,500,375,84.19,5c357c4f4f43bed4e9042fa2ea92f03ad10fc63b
0154.jpg,localtourism,b6270abe-c728-4e87-b9f4-836b991d1748,"Rice field, East Java (Indonesia 2009)",flickr,paularps,https://www.flickr.com/photos/21160385@N02/3695023238,https://live.staticflickr.com/2569/3695023238_95349ba730.jpg,by,2.0,https://creativecommons.org/licenses/by/2.0/,Indonesia destination,500,375,500,375,70.69,bee8a5972b68929f48330a10ab8dd093b3491d5f
0153.jpg,localtourism,bb022f94-4332-4f5e-a71f-33201508c7b2,"Market of Kertek, Central Java (Indonesia 2009)",flickr,paularps,https://www.flickr.com/photos/21160385@N02/3694240043,https://live.staticflickr.com/2596/3694240043_c92e809647.jpg,by,2.0,https://creativecommons.org/licenses/by/2.0/,Indonesia destination,500,375,500,375,83.28,26a0a09a25a2b40d9c5b120c7b2ecce89db8dcca
0155.jpg,localtourism,8b7851c8-b62e-4bbf-ac82-c7dca8beb2f0,Central Java rice fields (Indonesia 2009),flickr,paularps,https://www.flickr.com/photos/21160385@N02/3694252953,https://live.staticflickr.com/2664/3694252953_516a6f63ef.jpg,by,2.0,https://creativecommons.org/licenses/by/2.0/,Indonesia destination,500,375,500,375,67.747,5ac08a6ffc0ca1c5e50c55191da95a3e7b098a0f
0156.jpg,localtourism,4b52bf7e-5897-4bae-9afe-fab838dbbbd2,Komodo island,flickr,Jorge Lascar,https://www.flickr.com/photos/8721758@N06/16499789573,https://live.staticflickr.com/8824/16499789573_d3a7ae0454_b.jpg,by,2.0,https://creativecommons.org/licenses/by/2.0/,Indonesia destination,1024,680,768,510,61.436,34f35c45afa5fc0e2657656cbbdd5d644624e523
0158.jpg,localtourism,bd51d626-55df-4d8d-9f52-38e658c0b295,"Wind beacon, South-Bali (Indonesia 2009)",flickr,paularps,https://www.flickr.com/photos/21160385@N02/3694198949,https://live.staticflickr.com/3542/3694198949_9c3795dca7.jpg,by,2.0,https://creativecommons.org/licenses/by/2.0/,Indonesia destination,500,375,500,375,40.8,031ddbd64bd0e76f422bf9d370a4e199ce3b131c
0157.jpg,localtourism,b05e1b57-26cd-4521-85ae-d2b23343b119,Hindu temple detail in Dieng Plateau (Indonesia 2009),flickr,paularps,https://www.flickr.com/photos/21160385@N02/3694243353,https://live.staticflickr.com/2619/3694243353_8f430fbf17.jpg,by,2.0,https://creativecommons.org/licenses/by/2.0/,Indonesia destination,500,375,500,375,103.129,0b1d21580674cf3ab7b9fd6ea330dac5ee5b66ce
0159.jpg,localtourism,37e4d44f-cc30-40d7-b5fd-b758692bbd38,,flickr,mattjlc,https://www.flickr.com/photos/23457733@N05/3644678465,https://live.staticflickr.com/3410/3644678465_1e11380f4b_b.jpg,by,2.0,https://creativecommons.org/licenses/by/2.0/,Indonesia destination,1024,769,768,577,82.164,ff3a9562a6c6c40bacf8c7328eb5a2530299263c
0162.jpg,localtourism,88501006-99a0-4f2c-a566-eaf3e601eadd,"Rice terraces near Ubud, Central-Bali (Indonesia 2009)",flickr,paularps,https://www.flickr.com/photos/21160385@N02/3694209161,https://live.staticflickr.com/2594/3694209161_2919735d78.jpg,by,2.0,https://creativecommons.org/licenses/by/2.0/,Indonesia destination,500,375,500,375,90.898,82fb193f1a4eabc01221753c4597fe9e2ae5f8c5
0163.jpg,localtourism,9e4bdbe2-56e8-4198-a375-8eecc796ecbc,Komodo island,flickr,Jorge Lascar,https://www.flickr.com/photos/8721758@N06/17119939335,https://live.staticflickr.com/7644/17119939335_c04e55ffc5_b.jpg,by,2.0,https://creativecommons.org/licenses/by/2.0/,Indonesia destination,1024,680,768,510,54.671,bf076ae043575d07a210753068516c30182a7567
0160.jpg,localtourism,9fc77dd4-83e3-4212-9686-0d623dd4739d,On our way to Komodo island,flickr,Jorge Lascar,https://www.flickr.com/photos/8721758@N06/17119911755,https://live.staticflickr.com/7643/17119911755_4886a08c10_b.jpg,by,2.0,https://creativecommons.org/licenses/by/2.0/,Indonesia destination,1024,680,768,510,55.891,0bcacd906528873f268602b185f52effa6e24d02
0164.jpg,localtourism,d293fd3c-ed05-41de-ac4b-a092a858cc1d,Komodo island,flickr,Jorge Lascar,https://www.flickr.com/photos/8721758@N06/16499794263,https://live.staticflickr.com/8695/16499794263_d0bde1c770_b.jpg,by,2.0,https://creativecommons.org/licenses/by/2.0/,Indonesia destination,1024,680,768,510,66.421,d66cfe2c64fbd3bd4f9df800c94d3319f16af724
0166.jpg,localtourism,55b45559-d2f1-4a36-b22e-52fc11bb71d5,"Bira Beach, The Harbour",flickr,travelourplanet.com,https://www.flickr.com/photos/63503049@N03/15153942066,https://live.staticflickr.com/5571/15153942066_c882927165_b.jpg,by,2.0,https://creativecommons.org/licenses/by/2.0/,Indonesia destination,1024,768,768,576,44.876,b248bad93cd5055b42dde5579636d820b5d94dc9
0165.jpg,localtourism,4a8fd4e0-0d20-49a8-a32c-7e88ef425d48,Sulphurea Hill - Komodo island,flickr,Jorge Lascar,https://www.flickr.com/photos/8721758@N06/16932434740,https://live.staticflickr.com/8802/16932434740_a058ebe434_b.jpg,by,2.0,https://creativecommons.org/licenses/by/2.0/,Indonesia destination,1024,680,768,510,61.551,bc4ba00071cd0c89b99536af5272bcf593b51407
0168.jpg,localtourism,8de613c0-8695-43cf-8ebb-8b5cd34271b6,"Gedung Merdeka, Bandung, Indonesia",flickr,celebrityabc,https://www.flickr.com/photos/136572517@N06/26773473422,https://live.staticflickr.com/7003/26773473422_fef192d01d.jpg,by-sa,2.0,https://creativecommons.org/licenses/by-sa/2.0/,Indonesia destination,500,336,500,336,62.705,4213654fbc91065ad64f19f02e9fb4917622455b
0167.jpg,localtourism,4c765fec-44ab-4206-8509-ef4155add998,"Sambisari Temple, Indonesia",flickr,celebrityabc,https://www.flickr.com/photos/136572517@N06/26262788513,https://live.staticflickr.com/7103/26262788513_45a439229c.jpg,by-sa,2.0,https://creativecommons.org/licenses/by-sa/2.0/,Indonesia destination,500,375,500,375,35.501,d5a56d5ae9a7309ff68539be502b27b8a27f7a73
0169.jpg,localtourism,632237d5-6844-4565-a761-d5a75615265a,Paris Van Java Rooftop Zoo,flickr,celebrityabc,https://www.flickr.com/photos/136572517@N06/26594227100,https://live.staticflickr.com/7695/26594227100_f46e411956.jpg,by-sa,2.0,https://creativecommons.org/licenses/by-sa/2.0/,Indonesia destination,500,333,500,333,74.731,6f371f0f5643673681cee5f798215f1b09ffece9
0173.jpg,localtourism,03c973fa-da08-42a2-b4f4-d377efed7a46,"Villa Isola, Bandung, Indonesia",flickr,celebrityabc,https://www.flickr.com/photos/136572517@N06/26773473762,https://live.staticflickr.com/7565/26773473762_f11ebdffa0.jpg,by-sa,2.0,https://creativecommons.org/licenses/by-sa/2.0/,Indonesia destination,500,333,500,333,77.312,31a95e8718a1a72babfa8d5ce9ccc21f72fc4645
0172.jpg,localtourism,ce30c922-f753-48cf-93ba-1588a691a14a,Tea plantation near Puncak pass (Indonesia 2009),flickr,paularps,https://www.flickr.com/photos/21160385@N02/3695066520,https://live.staticflickr.com/2660/3695066520_cbc3cc0562.jpg,by,2.0,https://creativecommons.org/licenses/by/2.0/,Indonesia destination,500,375,500,375,98.663,81554beb9301a68cbc250075ba0dea6851ec7a97
0174.jpg,localtourism,a54455a9-25f2-4038-8a7e-83d9e3386a27,Walking trail - Komodo island,flickr,Jorge Lascar,https://www.flickr.com/photos/8721758@N06/17119953215,https://live.staticflickr.com/8751/17119953215_166458d5dd_b.jpg,by,2.0,https://creativecommons.org/licenses/by/2.0/,Indonesia destination,1024,680,768,510,88.365,e899fc061d75b7ede25758322010e4602ca24246
0178.jpg,localtourism,e6292c70-2825-48d1-87a9-0ee873344395,Sulphurea Hill - Komodo island,flickr,Jorge Lascar,https://www.flickr.com/photos/8721758@N06/16499835523,https://live.staticflickr.com/8739/16499835523_21cc66fd3b_b.jpg,by,2.0,https://creativecommons.org/licenses/by/2.0/,Indonesia destination,1024,680,768,510,49.647,9fafc92a882bfed7b4b3bcf1ac615e8a6e3ec112
0177.jpg,localtourism,6d992949-0924-499b-b3e8-95f22ebf34c7,Sulphurea Hill - Komodo island,flickr,Jorge Lascar,https://www.flickr.com/photos/8721758@N06/16499839763,https://live.staticflickr.com/7709/16499839763_00770d8bd4_b.jpg,by,2.0,https://creativecommons.org/licenses/by/2.0/,Indonesia destination,1024,680,768,510,58.08,090955bcf58e127ee2730974e51deaee1b9a934b
0180.jpg,localtourism,259e955d-9f6b-49a8-afc7-243d402dfd17,"Gedung Sate, Bandung",flickr,celebrityabc,https://www.flickr.com/photos/136572517@N06/26594227450,https://live.staticflickr.com/7536/26594227450_5670d8cced.jpg,by-sa,2.0,https://creativecommons.org/licenses/by-sa/2.0/,Indonesia destination,500,250,500,250,60.553,94297b4d9f70887f2e71d4c98840106cfe8386e5
0181.jpg,localtourism,5751f8c0-8a73-49b2-960a-d9caa4a3a792,Silhouette of palm trees at tropical sunset on Bali island.,flickr,Artem Beliaikin,https://www.flickr.com/photos/157635012@N07/48100072817,https://live.staticflickr.com/65535/48100072817_3cf81e6c0e_b.jpg,cc0,1.0,https://creativecommons.org/publicdomain/zero/1.0/,Indonesia destination,683,1024,512,768,50.862,1c57bc91c1bc16962a84d0a32881a4502b3886a5
0182.jpg,localtourism,1cafbe74-f6c2-425d-8be3-2a9cabc0ad8d,On our way to Komodo island,flickr,Jorge Lascar,https://www.flickr.com/photos/8721758@N06/17119894555,https://live.staticflickr.com/7708/17119894555_b5a1a30da3_b.jpg,by,2.0,https://creativecommons.org/licenses/by/2.0/,Indonesia destination,1024,680,768,510,56.749,c60f70fae22497e17cf775c5d7c05d2bcbaef080
0183.jpg,localtourism,3ad23a12-a9fd-4dd0-94ad-4d0f5730b850,On our way to Komodo island,flickr,Jorge Lascar,https://www.flickr.com/photos/8721758@N06/17119272641,https://live.staticflickr.com/8796/17119272641_e626c5c7c5_b.jpg,by,2.0,https://creativecommons.org/licenses/by/2.0/,Indonesia destination,1024,680,768,510,58.113,fd580d548bce6ac935f173ee063825eb2790f356
0184.jpg,localtourism,37beff07-0e5b-401a-85f0-cf8b4061aa72,On our way to Komodo island (second day),flickr,Jorge Lascar,https://www.flickr.com/photos/8721758@N06/17118675112,https://live.staticflickr.com/7599/17118675112_baf214c964_b.jpg,by,2.0,https://creativecommons.org/licenses/by/2.0/,Indonesia destination,1024,680,768,510,27.386,fead8fcd13c9f1570758e042dfd495cb329f7cb3
0185.jpg,localtourism,f14530de-0468-4fda-b9df-7969fa82b6ef,On our way to Komodo island,flickr,Jorge Lascar,https://www.flickr.com/photos/8721758@N06/17118367752,https://live.staticflickr.com/7643/17118367752_8511453a16_b.jpg,by,2.0,https://creativecommons.org/licenses/by/2.0/,Indonesia destination,1024,680,768,510,54.635,067aab1a8979179752014e8379eef9502c4ec0e2
0186.jpg,localtourism,b9b0cd1a-87d7-4538-8424-267fa8ba3c7d,What Have I Done?,flickr,tropicaLiving - Jessy Eykendorp,https://www.flickr.com/photos/13948669@N07/3667880356,https://live.staticflickr.com/2605/3667880356_02c4707471.jpg,by-sa,2.0,https://creativecommons.org/licenses/by-sa/2.0/,Indonesia landmark,500,333,500,333,64.04,94bb94e4118c4a30ce2726ede1dd11cfb4cd7236
0187.jpg,localtourism,165de646-7af7-4ea6-a8e7-d625b64a356d,HKBP Tomang Barat Church,flickr,Black_Claw,https://www.flickr.com/photos/24833567@N03/34988561491,https://live.staticflickr.com/4243/34988561491_94fcb07f41_b.jpg,by,2.0,https://creativecommons.org/licenses/by/2.0/,Indonesia landmark,1024,576,768,432,31.422,61ffca4fee80402586e6d85e408497d7d5e9be7a
0190.jpg,localtourism,d1ffca55-2842-4292-b781-aef3c2d9f88f,USS Becuna (SS–319),flickr,Teemu008,https://www.flickr.com/photos/43943756@N07/8575736152,https://live.staticflickr.com/8527/8575736152_0c418f4138_b.jpg,by-sa,2.0,https://creativecommons.org/licenses/by-sa/2.0/,Indonesia landmark,802,1024,601,768,61.044,ced6d71988d147f49d4cd0d0a0df4082fa88b441
0191.jpg,localtourism,eab330ab-a8e6-4732-8e47-88189cf9bfe2,landmark building called 'Satay House',flickr,leemey,https://www.flickr.com/photos/34472629@N04/14539636581,https://live.staticflickr.com/3911/14539636581_55d01724ba_b.jpg,by,2.0,https://creativecommons.org/licenses/by/2.0/,Indonesia landmark,1024,743,768,557,70.556,ca7a54cf9941e12ea0e08a77fe0ebc3a0724b3d3
0194.jpg,localtourism,013f675f-cb11-4498-b825-3ee681c60f86,Lawang Sewu,flickr,Black_Claw,https://www.flickr.com/photos/24833567@N03/23144461309,https://live.staticflickr.com/585/23144461309_8ce094ce41_b.jpg,by,2.0,https://creativecommons.org/licenses/by/2.0/,Indonesia landmark,1024,768,768,576,39.025,b4f0f203d7d85c8ba4749bf8352b707babb75bdf
0192.jpg,localtourism,76f0f9e7-36c6-450c-b801-a1a7e260c601,Hotel Selecta,flickr,Prayitno / Thank you for (12 millions +) view,https://www.flickr.com/photos/34128007@N04/13035212634,https://live.staticflickr.com/3267/13035212634_9f43407010_b.jpg,by,2.0,https://creativecommons.org/licenses/by/2.0/,Indonesia landmark,1024,683,768,512,60.074,264a9dbfe713e1d67ad0a3935ab517bfc955e801
0193.jpg,localtourism,a65178bb-3b40-4dd3-9cc0-08c19e1aa663,Monas,flickr,Rolling Okie,https://www.flickr.com/photos/27228302@N04/5450189399,https://live.staticflickr.com/4142/5450189399_bfedea620e_b.jpg,by,2.0,https://creativecommons.org/licenses/by/2.0/,Indonesia landmark,768,1024,576,768,21.718,089992716fa81e9cb9a4422f1526a0dd709a76d5
0195.jpg,localtourism,889626ba-8c07-492c-876a-b2692e362ce7,Borobodur 03/03,flickr,Dennis S. Hurd,https://www.flickr.com/photos/43296902@N00/37246771,https://live.staticflickr.com/25/37246771_4db6a4a374_b.jpg,cc0,1.0,https://creativecommons.org/publicdomain/zero/1.0/,Indonesia landmark,1024,757,768,568,38.242,62b2d5ded2d972b79a7d72467caa96b787a44f0f
0198.jpg,localtourism,0091a2bc-fcf0-49e9-bf49-f1d38dbb84d5,Water_Palace_12,flickr,variationblogr,https://www.flickr.com/photos/62003934@N05/16933688040,https://live.staticflickr.com/8722/16933688040_5008311602_b.jpg,by,2.0,https://creativecommons.org/licenses/by/2.0/,Indonesia landmark,1024,683,768,512,33.914,8eebe7628ca1c6f6f6ab3ed760d38e64023acfa3
0196.jpg,localtourism,e59bd6cc-55f7-4d38-ac80-81368ef401e0,borobudur,flickr,belgianchocolate,https://www.flickr.com/photos/90901507@N00/10052811,https://live.staticflickr.com/6/10052811_2bafd79d35_b.jpg,by,2.0,https://creativecommons.org/licenses/by/2.0/,Indonesia landmark,1024,768,768,576,69.374,00326e735f956294123045868a4bc0b0f9e46317
0199.jpg,localtourism,13a29046-8061-4de6-a0ff-69330b3f85b0,Menara Telkom,flickr,"Ya, saya inBaliTimur",https://www.flickr.com/photos/96261485@N08/39116139125,https://live.staticflickr.com/4769/39116139125_497be8c81b_b.jpg,by-sa,2.0,https://creativecommons.org/licenses/by-sa/2.0/,Indonesia landmark,768,1024,576,768,45.295,6938042e3d95ff414ae8fc3e5e1593543d07dc0c
0200.jpg,localtourism,5b628a40-4841-4fa5-8c3e-b146d40998ed,Temple decorations being put up in the grounds of the Ubud Palace,flickr,shankar s.,https://www.flickr.com/photos/77742560@N06/45187425345,https://live.staticflickr.com/4804/45187425345_fb57ded696_b.jpg,by,2.0,https://creativecommons.org/licenses/by/2.0/,Indonesia landmark,1024,684,768,513,70.566,1837576aa8a41c7bac45ac2ec1068f450216ab5a
0201.jpg,localtourism,91112a49-e27d-4f96-9051-2575060fd2cd,Jam Gadang - The Landmark of Bukittinggi,flickr,Makka Kesuma,https://www.flickr.com/photos/11302163@N08/2136623571,https://live.staticflickr.com/2275/2136623571_384e42b8b0_b.jpg,by,2.0,https://creativecommons.org/licenses/by/2.0/,Indonesia landmark,1024,685,768,514,29.533,6de4a748a0498442337ea6f47c7a7954c903a288
0203.jpg,localtourism,3172a41b-45ab-4bda-ba4b-ab68a6449146,Beautiful green landscape of mount volcano Agung on Bali island.,flickr,Artem Beliaikin,https://www.flickr.com/photos/157635012@N07/48100076857,https://live.staticflickr.com/65535/48100076857_aa23e51a58_b.jpg,cc0,1.0,https://creativecommons.org/publicdomain/zero/1.0/,Indonesia landmark,1024,683,768,512,69.946,417c322f65fc8899f62968fbb2e6b9613dbcebd3
0205.jpg,localtourism,65a18bb5-770c-49e7-9afc-5367a45a64d2,alicaliya paramount,flickr,IMAM HARTOYO,https://www.flickr.com/photos/27273668@N05/7092408227,https://live.staticflickr.com/5446/7092408227_fedd728f1c_b.jpg,by,2.0,https://creativecommons.org/licenses/by/2.0/,Indonesia landmark,781,1023,586,768,49.327,9a132c4d9b1a9fc206b1e58ea283e81db416de8b
0204.jpg,localtourism,a28404bf-828b-4db2-8615-48f6382aef2c,Stasiun Djakarta Kota,flickr,dazzlingteeta,https://www.flickr.com/photos/70383862@N00/3408438676,https://live.staticflickr.com/3406/3408438676_0e385ea41b.jpg,by,2.0,https://creativecommons.org/licenses/by/2.0/,Indonesia landmark,499,369,499,369,38.345,690e140113496a3d2b5c41dd84629d7329962770
0206.jpg,localtourism,776bd1f6-5263-47a5-bb3f-bf85e741e80b,"Torpedo Bays, USS Bowfin, Pearl Harbor, Honolulu, HI",flickr,w_lemay,https://www.flickr.com/photos/59081381@N03/52263957528,https://live.staticflickr.com/65535/52263957528_354e966589_b.jpg,by-sa,2.0,https://creativecommons.org/licenses/by-sa/2.0/,Indonesia landmark,768,1024,576,768,77.644,4ab337da11c6f86f433cd9442f50558377b61882
0212.jpg,localtourism,b1b8ad22-7804-423d-a239-2b201a4cb8a9,So this is the temple deep in the valley- closed to all but devotees in prayer attire,flickr,shankar s.,https://www.flickr.com/photos/77742560@N06/45375178674,https://live.staticflickr.com/4816/45375178674_facf703d85_b.jpg,by,2.0,https://creativecommons.org/licenses/by/2.0/,Indonesia landmark,1024,684,768,513,63.602,4ac2bdc259bb992b0fe515258f416eea3c71b8ef
0213.jpg,localtourism,54eb3215-a2bb-4578-a79f-ecd94d805ffd,"A far view of the sea temple at Tanah Lot, Bali",flickr,shankar s.,https://www.flickr.com/photos/77742560@N06/46049685682,https://live.staticflickr.com/4817/46049685682_1caf4fe844_b.jpg,by,2.0,https://creativecommons.org/licenses/by/2.0/,Indonesia landmark,1024,684,768,513,53.642,515bcda20e11e61107ee68d379b9f0688670d0ef
0214.jpg,localtourism,00dc2921-7a15-48ea-a73b-9fd883116333,Maimoon Palace in Medan,flickr,haydar91,https://www.flickr.com/photos/96272045@N06/8803185033,https://live.staticflickr.com/2814/8803185033_9193fdcb15_b.jpg,by,2.0,https://creativecommons.org/licenses/by/2.0/,Indonesia landmark,1024,576,768,432,73.947,0d2083e7dd17662935250fff2eecab4beaa0392d
0216.jpg,localtourism,ca1edffc-e510-4c6b-a9da-5159dca69927,Dieng hills at sunrise,flickr,Jimmy McIntyre - Editor HDR One Magazine,https://www.flickr.com/photos/73064996@N08/7841063764,https://live.staticflickr.com/8435/7841063764_42ee5b0899.jpg,by-sa,2.0,https://creativecommons.org/licenses/by-sa/2.0/,Indonesia tourism,500,333,500,333,46.577,ca97a87afe842ba1d8bc807d5f81cf8ba6fa1256
0217.jpg,localtourism,1ba18378-b92c-4510-90b6-448903b24da6,Istano Silinduang Bulan (Queen's Palace),flickr,Arian Zwegers,https://www.flickr.com/photos/67769030@N07/6951749113,https://live.staticflickr.com/7195/6951749113_4a9372866f_b.jpg,by,2.0,https://creativecommons.org/licenses/by/2.0/,Indonesia tourism,1024,683,768,512,61.541,44d856c1e727f7fb216615417ae84ec21d8d3808
0218.jpg,localtourism,ebcaf20d-d3e5-4e48-b2bb-6b76f32e9625,"Rumah Gadang, Padang Panjang",flickr,algenta101,https://www.flickr.com/photos/8056635@N02/2262985264,https://live.staticflickr.com/2398/2262985264_14cc144ea8_b.jpg,by,2.0,https://creativecommons.org/licenses/by/2.0/,Indonesia tourism,1024,679,768,509,60.628,9316c7bff4ffec5ef32086d7d48d26e15c80055b
0219.jpg,localtourism,51e3e7a4-d70a-4b50-be75-bb5b244a0580,Pura Jagatnatha,flickr,D-Stanley,https://www.flickr.com/photos/79721788@N00/6336843951,https://live.staticflickr.com/6107/6336843951_086c6e9223_b.jpg,by,2.0,https://creativecommons.org/licenses/by/2.0/,Indonesia tourism,1024,768,768,576,51.57,7c611dcda9e2dddcb81bef7272d7c2fc262a13e8
0220.jpg,localtourism,2d650e24-ca0e-4aea-9fc8-c940bc22d21d,Bali,flickr,dennisikeller,https://www.flickr.com/photos/75701398@N00/11388071034,https://live.staticflickr.com/5497/11388071034_765476cdbe_b.jpg,by,2.0,https://creativecommons.org/licenses/by/2.0/,Indonesia tourism,1023,574,768,431,71.492,24d54bbc8f6753df0cf5f7f32752281887ff0c28
0221.jpg,localtourism,d78d4b95-c98a-48b8-adce-d9406685388d,Loto. A qui le tour ?,flickr,Tiomax80,https://www.flickr.com/photos/69062568@N02/14559090792,https://live.staticflickr.com/5530/14559090792_3317450356_b.jpg,by,2.0,https://creativecommons.org/licenses/by/2.0/,Indonesia tourism,1024,678,768,509,91.504,b2ca1e30f181493cd407b2783ba2d5fe71b7aa42
0222.jpg,localtourism,8c7afea6-dff4-4bf4-a42d-db519389957b,"Tana Toraja, Lemo",flickr,Arian Zwegers,https://www.flickr.com/photos/67769030@N07/6969213671,https://live.staticflickr.com/7057/6969213671_143a5554f5_b.jpg,by,2.0,https://creativecommons.org/licenses/by/2.0/,Indonesia tourism,1024,683,768,512,73.652,c1820f75f259a283dd7ae5e278ac9d128ba22776
0223.jpg,localtourism,4287a395-07ac-40f0-8d44-ac18459a345e,"Ubud, Pura Taman Saraswati",flickr,Arian Zwegers,https://www.flickr.com/photos/67769030@N07/6827593602,https://live.staticflickr.com/7178/6827593602_955ed2e3ef_b.jpg,by,2.0,https://creativecommons.org/licenses/by/2.0/,Indonesia tourism,1024,683,768,512,65.49,d78cd7eba21e9eb34172b42a78815ee83929f65b
0224.jpg,localtourism,c0b6592f-f97e-47d6-8512-0f07e256a69c,"Prambanan, Candi Sewu",flickr,Arian Zwegers,https://www.flickr.com/photos/67769030@N07/6807096272,https://live.staticflickr.com/7069/6807096272_f1785215ce_b.jpg,by,2.0,https://creativecommons.org/licenses/by/2.0/,Indonesia tourism,1024,683,768,512,46.015,2fe6c2afce8288b976d00e61725d47817b3d5625
0225.jpg,localtourism,25c4e687-713e-404f-ae0b-e45311ce3fde,Pura Beji,flickr,Arian Zwegers,https://www.flickr.com/photos/67769030@N07/6826676708,https://live.staticflickr.com/7050/6826676708_e83da3e439_b.jpg,by,2.0,https://creativecommons.org/licenses/by/2.0/,Indonesia tourism,1024,683,768,512,75.103,2be5c736aea23b82d8aae51c21433156033d550a
0226.jpg,localtourism,82cd1a7a-040a-4c3e-a060-f373928401ae,The G20 Leaders - Caricatures (update 10-27-2015),flickr,DonkeyHotey,https://www.flickr.com/photos/47422005@N04/22500559776,https://live.staticflickr.com/755/22500559776_ca898b73eb_b.jpg,by-sa,2.0,https://creativecommons.org/licenses/by-sa/2.0/,Indonesia tourism,1024,576,768,432,66.898,89c3becca45a59e4bf7d359b0c786bcf4315c55f
0227.jpg,localtourism,1ed93501-ba37-4779-a8be-f93e1d3bc0e7,The G-20 Leaders - Caricatures,flickr,DonkeyHotey,https://www.flickr.com/photos/47422005@N04/15805515922,https://live.staticflickr.com/5614/15805515922_e7306ff2a0_b.jpg,by-sa,2.0,https://creativecommons.org/licenses/by-sa/2.0/,Indonesia tourism,1024,439,768,329,65.885,b3e8c8443af3dc59f4bc9611dcbd28815eab43a1
0228.jpg,localtourism,644b668b-4b7d-4d3e-99d1-aeacb78ada34,The G20 Leaders - Caricatures (update 11-16-2015),flickr,DonkeyHotey,https://www.flickr.com/photos/47422005@N04/22648503257,https://live.staticflickr.com/617/22648503257_82ee1e0c04_b.jpg,by-sa,2.0,https://creativecommons.org/licenses/by-sa/2.0/,Indonesia tourism,1024,576,768,432,68.595,0495dc95941b2230094dcf958e9b7d6a31f102eb
0229.jpg,localtourism,03798a34-ee00-4c3e-b4d1-980357511340,The G20 Leaders - Caricatures (update 01-24-2015),flickr,DonkeyHotey,https://www.flickr.com/photos/47422005@N04/16356082655,https://live.staticflickr.com/7303/16356082655_2f3be62ca1_b.jpg,by-sa,2.0,https://creativecommons.org/licenses/by-sa/2.0/,Indonesia tourism,1024,439,768,329,65.808,cdcc5bda39aee443904e0e4f172602c2d04971d8
0231.jpg,localtourism,ae2986a6-b2b6-4a74-833a-5461b01bd185,G20 2014 heads of government - Caricatures,flickr,DonkeyHotey,https://www.flickr.com/photos/47422005@N04/14238125925,https://live.staticflickr.com/5537/14238125925_ee52be3308_b.jpg,by-sa,2.0,https://creativecommons.org/licenses/by-sa/2.0/,Indonesia tourism,1024,439,768,329,64.599,40fc5e28297cf7c8b5f2810d93c729d17afc1736
0230.jpg,localtourism,de3f5558-0264-4cf3-831f-17dd63e73d4a,The G20 Leaders - Caricatures (update 12-13-14),flickr,DonkeyHotey,https://www.flickr.com/photos/47422005@N04/15824785430,https://live.staticflickr.com/7488/15824785430_a929f2a0f3_b.jpg,by-sa,2.0,https://creativecommons.org/licenses/by-sa/2.0/,Indonesia tourism,1024,439,768,329,66.124,b33029a4653d95b648ed9343d22f4cb832cda3ae
0232.jpg,localtourism,fa2381f7-be94-49ca-9bef-d2083fb6e27a,"Dream Beach, Nusa Lemobngan Sunset",flickr,Jeda Villa Bali,https://www.flickr.com/photos/53779476@N08/5047028038,https://live.staticflickr.com/4113/5047028038_4bb97eba57_b.jpg,by,2.0,https://creativecommons.org/licenses/by/2.0/,Indonesia tourism,1023,612,768,459,60.066,cf4a6190bf992b0b2a631e7f32b6260b58ae5599
0234.jpg,localtourism,8b751bd6-cb9b-4115-85e6-204b22187d73,Water Palace,flickr,D-Stanley,https://www.flickr.com/photos/79721788@N00/6336845613,https://live.staticflickr.com/6042/6336845613_a2840d9c1f_b.jpg,by,2.0,https://creativecommons.org/licenses/by/2.0/,Indonesia tourism,1024,768,768,576,52.007,ef2e50fb45756da602f2a00d6bcfd58e07dfa4dc
0236.jpg,localtourism,bfb6c50c-9a1b-40d3-8c9f-88aeeae92f0f,"The Gilis and Lombok Island, Indonesia (DSC7019)",flickr,Schristia,https://www.flickr.com/photos/12054060@N04/14860582286,https://live.staticflickr.com/3915/14860582286_65436a9e5f_b.jpg,by-sa,2.0,https://creativecommons.org/licenses/by-sa/2.0/,Indonesia tourism,1024,576,768,432,22.391,efe2d89f2bc84a525696c906cd74ff0929802a48
0233.jpg,localtourism,3fcf91d0-6a20-4271-ae59-1bda445aac76,2008-0608 (7119) Ulun Danu Temple,flickr,jenniferphoon,https://www.flickr.com/photos/7930413@N06/2573064842,https://live.staticflickr.com/3093/2573064842_d497899887.jpg,by,2.0,https://creativecommons.org/licenses/by/2.0/,Indonesia tourism,499,334,499,334,57.836,ede65cf9f6ada9bd205e029fa70b7dc1533f3df4
0235.jpg,localtourism,e292c2ba-3069-4b9c-a960-da00b309b49d,"Lake Toba, tomb",flickr,Arian Zwegers,https://www.flickr.com/photos/67769030@N07/6932223815,https://live.staticflickr.com/7187/6932223815_d764abfd26_b.jpg,by,2.0,https://creativecommons.org/licenses/by/2.0/,Indonesia tourism,1024,683,768,512,45.067,cf894b2f4681fcc2e86f57699ebfb5762312a1fe
0237.jpg,localtourism,3b668e8a-949f-48b8-9280-bea378047c11,Puputan Square,flickr,D-Stanley,https://www.flickr.com/photos/79721788@N00/6337598676,https://live.staticflickr.com/6108/6337598676_394d45faee_b.jpg,by,2.0,https://creativecommons.org/licenses/by/2.0/,Indonesia tourism,1024,768,768,576,48.267,8370cc3351cfbf8e370ccbd93b83c214e568ad22
0238.jpg,localtourism,4d7f6298-15a5-48c6-b520-ec8b6a5f19f3,The Lawang Sewu,flickr,^riza^,https://www.flickr.com/photos/44115070@N00/44287374,https://live.staticflickr.com/29/44287374_dfae59982a.jpg,by,2.0,https://creativecommons.org/licenses/by/2.0/,Indonesia tourism,329,450,329,450,81.018,87d75c8950d82faaa10cbf90c8e995163f2d632a
0239.jpg,localtourism,c389d7b1-5a2b-42a3-809b-da958234cef3,Gunung Kawi,flickr,Arian Zwegers,https://www.flickr.com/photos/67769030@N07/6985841305,https://live.staticflickr.com/7177/6985841305_096aeffbce_b.jpg,by,2.0,https://creativecommons.org/licenses/by/2.0/,Indonesia tourism,1024,683,768,512,61.901,c207b7cfd2b1418f7dd9c73af5bea0006d0dd80c
0240.jpg,localtourism,e7036c50-6e5d-4715-8781-235e28e3d987,"Banjar, Brahmavihara, mini Borobudur",flickr,Arian Zwegers,https://www.flickr.com/photos/67769030@N07/6972806985,https://live.staticflickr.com/7193/6972806985_ddc20e5cd1_b.jpg,by,2.0,https://creativecommons.org/licenses/by/2.0/,Indonesia tourism,1024,683,768,512,52.157,56df33dd3315e4b1b83295d94b2bdbfec5463107
0242.jpg,localtourism,fa74aa7b-1c08-4e70-bd00-121b79ac5e74,Bali – Lake Batur,flickr,williamcho,https://www.flickr.com/photos/84493444@N00/2699184942,https://live.staticflickr.com/3023/2699184942_29dde09d46_b.jpg,by-sa,2.0,https://creativecommons.org/licenses/by-sa/2.0/,Indonesia tourism,1024,678,768,509,66.641,9a3719558583d71690e447206948baf1906c0052
0241.jpg,localtourism,b3786244-7276-408c-a7d7-dec36ec66523,Borobudur,flickr,Arian Zwegers,https://www.flickr.com/photos/67769030@N07/6806826704,https://live.staticflickr.com/7068/6806826704_8c04db0554_b.jpg,by,2.0,https://creativecommons.org/licenses/by/2.0/,Indonesia tourism,1024,683,768,512,40.338,d86bb324330fece9c7b41582162d5fa90a3f6bc5
0245.jpg,localtourism,489ea2db-ac74-45cd-b6ae-44c00499288d,Coagulation,flickr,nSeika,https://www.flickr.com/photos/33542052@N07/5715688636,https://live.staticflickr.com/2317/5715688636_2f0e61b173_b.jpg,by,2.0,https://creativecommons.org/licenses/by/2.0/,Indonesia tourism,1024,576,768,432,66.27,fcd7a1dba6410ea067dc41cd30ed720bfa9157c9
0246.jpg,localtourism,f8efa2eb-969d-49f6-99c2-9e007bc94366,Borobudur,flickr,anthonycramp,https://www.flickr.com/photos/7770166@N05/2964074136,https://live.staticflickr.com/3047/2964074136_f17ede4ca2_b.jpg,by,2.0,https://creativecommons.org/licenses/by/2.0/,Indonesia tourism,1024,683,768,512,50.797,d1a36bdcc67fd5f10cf01c68d7797871caaf6abc
0244.jpg,localtourism,2b414eea-e98c-4f04-9eb5-73f671e38a52,Bali – Mt Batur Volcano,flickr,williamcho,https://www.flickr.com/photos/84493444@N00/2699183310,https://live.staticflickr.com/3085/2699183310_c02baeae9a_b.jpg,by-sa,2.0,https://creativecommons.org/licenses/by-sa/2.0/,Indonesia tourism,1023,685,768,514,77.016,1c26cbf869415bb0ea387fd203b1a43222557cac
0243.jpg,localtourism,5808bce4-f666-47cf-9ff1-be6453f33e6b,W Hotel Bali pool,flickr,Simon_sees,https://www.flickr.com/photos/39551170@N02/7070540061,https://live.staticflickr.com/7132/7070540061_6450a90e0e_b.jpg,by,2.0,https://creativecommons.org/licenses/by/2.0/,Indonesia tourism,1024,683,768,512,70.164,d97fa27cc58d3029dfed63380ccbf49aaa388f1e
0247.jpg,localtourism,6ee36f4c-feda-4023-b3aa-1c5482c82804,Kota Lama,flickr,^riza^,https://www.flickr.com/photos/44115070@N00/4504890,https://live.staticflickr.com/4/4504890_c9da94a06c.jpg,by,2.0,https://creativecommons.org/licenses/by/2.0/,Indonesia tourism,500,289,500,289,84.888,57ee87badf2ff698afca67b7182e624267f33f48
0248.jpg,localtourism,93c16530-4df3-4e8d-9880-a3b6ebff92cb,Fisherman Village,flickr,^riza^,https://www.flickr.com/photos/44115070@N00/2147673003,https://live.staticflickr.com/2209/2147673003_18dde81888_b.jpg,by,2.0,https://creativecommons.org/licenses/by/2.0/,Indonesia tourism,1024,685,768,514,44.935,f5270ecf594aff39e4159db76ba535fcb65094d1
0253.jpg,localtourism,e7723f17-4909-4101-8ea9-dc068ab80fd2,Silhouette of palm trees at tropical sunset on Bali island.,flickr,Artem Beliaikin,https://www.flickr.com/photos/157635012@N07/46229009221,https://live.staticflickr.com/4891/46229009221_7499d87b7c_b.jpg,cc0,1.0,https://creativecommons.org/publicdomain/zero/1.0/,Indonesia tourism,1024,683,768,512,24.056,915a0bd26933a47a26511ce04e269ec36e162cee
0250.jpg,localtourism,48520987-000b-4e43-8ec3-98074fb54ce1,Incheon_AsianGames_Beach_Volleyball_03,flickr,KOREA.NET - Official page of the Republic of Korea,https://www.flickr.com/photos/42438955@N05/15174266407,https://live.staticflickr.com/3843/15174266407_e3d54f15be_b.jpg,by-sa,2.0,https://creativecommons.org/licenses/by-sa/2.0/,Indonesia tourism,747,1024,560,768,42.266,49d65815f6e303f108a40cb5017f996a2fb05890
0251.jpg,localtourism,746df434-f40d-400e-94b4-0b46498d9a77,Incheon_AsianGames_Beach_Volleyball_02,flickr,KOREA.NET - Official page of the Republic of Korea,https://www.flickr.com/photos/42438955@N05/15174040049,https://live.staticflickr.com/3914/15174040049_73f4e47247_b.jpg,by-sa,2.0,https://creativecommons.org/licenses/by-sa/2.0/,Indonesia tourism,1024,646,768,485,39.108,f13b28f5946ee6f56d0aac9a095957e392439952
0255.jpg,localtourism,9111563d-c772-4c39-859a-47687910a0e7,Jakarta Indonesia,flickr,Prayitno / Thank you for (12 millions +) view,https://www.flickr.com/photos/34128007@N04/8523814806,https://live.staticflickr.com/8515/8523814806_cd8a12ac62_b.jpg,by,2.0,https://creativecommons.org/licenses/by/2.0/,Indonesia tourism,819,1024,614,768,46.096,89fa73350f90f7803e2dad7e6436646c9a2cb1ad
0252.jpg,localtourism,fbfed16f-3e4c-4815-9a13-a18afd39fde4,"Flowerbud Bungalows, Balangan Beach, Bali, Indonesia",flickr,Nate Robert,https://www.flickr.com/photos/43548605@N06/4479145246,https://live.staticflickr.com/4056/4479145246_3d0d7649ed_b.jpg,by,2.0,https://creativecommons.org/licenses/by/2.0/,Indonesia tourism,1024,1024,768,768,72.379,6f2379e68dd01dd952222bf26fa0ad1b00f2f742
0254.jpg,localtourism,331a39a7-4d11-4807-b1c6-d692e8517b17,Bali-Waiting for sunset at Tanah Lot Temple,flickr,ustung,https://www.flickr.com/photos/126397594@N03/16774788167,https://live.staticflickr.com/7609/16774788167_2f029a40d9_b.jpg,by,2.0,https://creativecommons.org/licenses/by/2.0/,Indonesia tourism,1024,768,768,576,56.261,ae4dc97ec429cd969d170a335cfc41c5a8b78c4c
0256.jpg,localtourism,58e85d17-6d35-46e0-a50d-f97123ab6a56,Jambansari pasca gempa September 2009,flickr,MangAndri ...on/off,https://www.flickr.com/photos/8420290@N03/4261772674,https://live.staticflickr.com/4036/4261772674_e3256a11e8_b.jpg,by,2.0,https://creativecommons.org/licenses/by/2.0/,Indonesia tourism,1024,621,768,466,62.777,7fc002643c9154cff120851d655e3c09c318eb09
0257.jpg,localtourism,18c5bfaf-2a20-4967-84ce-ea57fd0b3f60,Bali,flickr,Beneath_B1ue_Skies,https://www.flickr.com/photos/43197952@N00/3932358147,https://live.staticflickr.com/3442/3932358147_8817693983_b.jpg,by,2.0,https://creativecommons.org/licenses/by/2.0/,Indonesia tourism,1024,681,768,511,55.08,4e2851260c9636b94e4fe27891e8ef6848d0deff
0258.jpg,localtourism,196d139b-c4a6-474e-8ded-7c5f1b09c62c,stocks-1084,flickr,Artem Beliaikin,https://www.flickr.com/photos/157635012@N07/28164605967,https://live.staticflickr.com/837/28164605967_9d06c446a2_b.jpg,cc0,1.0,https://creativecommons.org/publicdomain/zero/1.0/,Indonesia tourism,1024,683,768,512,21.042,f0e939519d673620ecfc44ea31c1e16687bb63e2
0259.jpg,localtourism,02fb3fd6-81c7-48e8-ba02-e3d3c5e194f2,Just a balinese street on the West of island. Bali.,flickr,Artem Beliaikin,https://www.flickr.com/photos/157635012@N07/28483413457,https://live.staticflickr.com/922/28483413457_17f49bb89b_b.jpg,cc0,1.0,https://creativecommons.org/publicdomain/zero/1.0/,Indonesia tourism,1024,683,768,512,78.383,ff8e2032fb3291162db28c4f393f216f6ce6741c
0260.jpg,localtourism,d6d415f1-e00d-4939-a637-0f43da714afb,Tugu Malang - Civic Center,flickr,Prayitno / Thank you for (12 millions +) view,https://www.flickr.com/photos/34128007@N04/12874437323,https://live.staticflickr.com/7343/12874437323_0a40654e54_b.jpg,by,2.0,https://creativecommons.org/licenses/by/2.0/,Indonesia tourism,1024,453,768,340,72.208,e3e5e6c4a4e075fb65f88aa319853bd3a3ea3362
0262.jpg,localtourism,04bbbd2b-a814-4216-bd62-b87a994031b7,"Suluban Beach, Bali (DSC6436_7_8)",flickr,Schristia,https://www.flickr.com/photos/12054060@N04/13099532473,https://live.staticflickr.com/2608/13099532473_7b9d185175_b.jpg,by-sa,2.0,https://creativecommons.org/licenses/by-sa/2.0/,Indonesia tourism,1024,677,768,508,72.681,8c0d9ba0e1a429bc91ea320de28c12026ae6a3cd
0265.jpg,localtourism,401778ee-824d-409d-befa-d2b2e0ef9383,Lake Kintamani,flickr,sektordua,https://www.flickr.com/photos/60169539@N00/201605422,https://live.staticflickr.com/66/201605422_c24c6449de_b.jpg,by,2.0,https://creativecommons.org/licenses/by/2.0/,Indonesia tourism,1024,407,768,305,43.849,4f6f7c910085201837ac73ca90885be321bcfe4b
0263.jpg,localtourism,df6251c4-2806-48db-b359-e5cf16edcab7,Pura Desa Ubud,flickr,D-Stanley,https://www.flickr.com/photos/79721788@N00/6337601346,https://live.staticflickr.com/6214/6337601346_0907692369_b.jpg,by,2.0,https://creativecommons.org/licenses/by/2.0/,Indonesia tourism,1024,768,768,576,63.728,88ce24e643eb2561e3cf8faad93062e3dcd1b6cc
0261.jpg,localtourism,7db102de-df66-40d9-9dab-87f494bb048e,"Taman Sari, Yogyakarta",flickr,DMahendra,https://www.flickr.com/photos/7175652@N02/4347844125,https://live.staticflickr.com/4030/4347844125_379991da18_b.jpg,by,2.0,https://creativecommons.org/licenses/by/2.0/,Indonesia tourism,683,1024,512,768,65.361,ee076baae1a4d58fa604038469515b49dc712bfb
0264.jpg,localtourism,05dd0ba0-25e9-48a8-ad65-5f83bde7062c,(DSC8316_7),flickr,Schristia,https://www.flickr.com/photos/12054060@N04/15310449233,https://live.staticflickr.com/8577/15310449233_c60ecb2283_b.jpg,by-sa,2.0,https://creativecommons.org/licenses/by-sa/2.0/,Indonesia tourism,1000,667,768,512,55.389,e938c0a3efad285074078c7fffdddece1988568c
0266.jpg,localtourism,ff8c674a-c6d7-4346-a076-670e2ab11814,Silhouette of palm trees at tropical sunset on Bali island.,flickr,Artem Beliaikin,https://www.flickr.com/photos/157635012@N07/43539009010,https://live.staticflickr.com/1909/43539009010_76a116c173_b.jpg,cc0,1.0,https://creativecommons.org/publicdomain/zero/1.0/,Indonesia tourism,1024,683,768,512,16.482,aaa35918ba485620a4c0b4a6e445f04e5ce8eb07
0267.jpg,localtourism,a19a63de-d126-496f-ab81-58e09e90cad3,"Coconuts for sale on a roadside on Bali island, Indonesia.",flickr,Artem Beliaikin,https://www.flickr.com/photos/157635012@N07/42050695265,https://live.staticflickr.com/1811/42050695265_003f0cd5a9_b.jpg,by-sa,2.0,https://creativecommons.org/licenses/by-sa/2.0/,Indonesia tourism,1024,683,768,512,48.746,d8bddad3efb015680a52aaf06a732f1dbf17995e
0268.jpg,localtourism,0d99fcb0-78ff-4a1c-8d10-76e5657a9439,Korea_President_Park_Visiting_Indonesia_02,flickr,KOREA.NET - Official page of the Republic of Korea,https://www.flickr.com/photos/42438955@N05/10134641045,https://live.staticflickr.com/5451/10134641045_2b9c5bc622_b.jpg,by-sa,2.0,https://creativecommons.org/licenses/by-sa/2.0/,Indonesia tourism,1024,611,768,458,55.114,63257431fb703fab1480c43c4ac2a01b997f2c64
0269.jpg,localtourism,a28cd84b-5fc0-405b-8cb8-b5201341d3ec,Korea_President_Park_ContemporaryArts_Exhibition_09,flickr,KOREA.NET - Official page of the Republic of Korea,https://www.flickr.com/photos/42438955@N05/10263585325,https://live.staticflickr.com/2887/10263585325_76cccc1637_b.jpg,by-sa,2.0,https://creativecommons.org/licenses/by-sa/2.0/,Indonesia tourism,1024,570,768,428,62.255,9410fdb036f701ef12391e26f497a45d62a847b2
0270.jpg,localtourism,c5394330-2856-4b83-9aab-03a7db952a96,Bumiayu,flickr,anwarsiak***sibuk***,https://www.flickr.com/photos/43928101@N02/6263700168,https://live.staticflickr.com/6225/6263700168_0818164daf_b.jpg,by,2.0,https://creativecommons.org/licenses/by/2.0/,Indonesia tourism,1024,683,768,512,57.098,be3c4cb581caaf60cb83753dc4aa7b1381327dea
0271.jpg,localtourism,7182d59a-40c7-44c4-8888-8b94a885c422,W Hotel Bali,flickr,Simon_sees,https://www.flickr.com/photos/39551170@N02/6924462698,https://live.staticflickr.com/7226/6924462698_09d4f6bd70_b.jpg,by,2.0,https://creativecommons.org/licenses/by/2.0/,Indonesia tourism,1024,683,768,512,53.767,42b813d5b6eaa65732b05546d0fea1e5ae3e5d40
0272.jpg,localtourism,77304873-95c8-4118-b93f-e795fc87f1f5,Incheon_AsianGames_Beach_Volleyball_04,flickr,KOREA.NET - Official page of the Republic of Korea,https://www.flickr.com/photos/42438955@N05/15337772636,https://live.staticflickr.com/2947/15337772636_18dbb51f27_b.jpg,by-sa,2.0,https://creativecommons.org/licenses/by-sa/2.0/,Indonesia tourism,1023,580,768,435,30.046,404c919fbdfad523fc7eff1c19d531c5ecc5dc37
0273.jpg,localtourism,86317a03-e528-4966-b2cb-a649cb0c1a42,Korea_President_Park_ContemporaryArts_Exhibition_06,flickr,KOREA.NET - Official page of the Republic of Korea,https://www.flickr.com/photos/42438955@N05/10263578836,https://live.staticflickr.com/8271/10263578836_357424d2d4_b.jpg,by-sa,2.0,https://creativecommons.org/licenses/by-sa/2.0/,Indonesia tourism,1024,664,768,498,52.202,51ada38e93955dda59a699e9bb884dd8c48f6426
0276.jpg,localtourism,a3ffb79b-e6c1-4bec-83b8-864bba4c252e,Official_Welcoming_Ceremony_11,flickr,KOREA.NET - Official page of the Republic of Korea,https://www.flickr.com/photos/42438955@N05/27014939336,https://live.staticflickr.com/7166/27014939336_9a4b381d5f_b.jpg,by-sa,2.0,https://creativecommons.org/licenses/by-sa/2.0/,Indonesia tourism,1024,542,768,407,50.761,35a2b20d46f76ed378eee650aa99a665ae2716fa
0275.jpg,localtourism,418b5f54-692f-4039-bd6f-98915ab48bfa,Bogor Botanical Garden,flickr,siska maria eviline,https://www.flickr.com/photos/63803822@N06/7307891974,https://live.staticflickr.com/7105/7307891974_c50f722c4c_b.jpg,by,2.0,https://creativecommons.org/licenses/by/2.0/,Indonesia tourism,1024,683,768,512,64.83,e26dd6fc0f575551cf00271ae5a7aa4635b80bbc
0274.jpg,localtourism,5c734a04-71d9-4659-b1ee-b74929bae5cc,Incheon_AsianGames_Beach_Volleyball_01,flickr,KOREA.NET - Official page of the Republic of Korea,https://www.flickr.com/photos/42438955@N05/15360488292,https://live.staticflickr.com/3847/15360488292_cc2088b3f7_b.jpg,by-sa,2.0,https://creativecommons.org/licenses/by-sa/2.0/,Indonesia tourism,1023,599,768,450,44.782,d18a107db11c2ecd22743fd7d87f712f6b2fe2bf
0277.jpg,localtourism,60c60c3b-c528-410c-9bfd-505777fcad0a,Faculty of Medicine,flickr,Mohamad Sani,https://www.flickr.com/photos/46191595@N08/9475279409,https://live.staticflickr.com/3781/9475279409_76376e727b_b.jpg,by,2.0,https://creativecommons.org/licenses/by/2.0/,Indonesia tourism,1024,768,768,576,53.036,528ac8ab7e519383cb6eb45b2c57b76d15ec413e
0278.jpg,localtourism,4c82e361-e7fc-4333-9753-17866363c8f0,"Coconuts on a coconut palm, Bali island.",flickr,Artem Beliaikin,https://www.flickr.com/photos/157635012@N07/46142271694,https://live.staticflickr.com/7911/46142271694_0a55b4069e_b.jpg,cc0,1.0,https://creativecommons.org/publicdomain/zero/1.0/,Indonesia tourism,1024,683,768,512,83.261,1523ad246d140c060b42746d2e356189a34ae8c0
0279.jpg,localtourism,4049bc33-082e-43b3-a5b6-505af4bab408,Old Train Station @ Jogyakarta,flickr,DMahendra,https://www.flickr.com/photos/7175652@N02/6928373449,https://live.staticflickr.com/7186/6928373449_88288f4641_b.jpg,by,2.0,https://creativecommons.org/licenses/by/2.0/,Indonesia tourism,1024,683,768,512,43.917,af60a325f0db44ec8dc6b2b3a9d85b6d6bec7cc4
0280.jpg,localtourism,68a8d5bf-4a43-4d8b-ad09-faa0b32d6a60,Korea_President_Park_ContemporaryArts_Exhibition_05,flickr,KOREA.NET - Official page of the Republic of Korea,https://www.flickr.com/photos/42438955@N05/10263688563,https://live.staticflickr.com/3694/10263688563_22c801f771_b.jpg,by-sa,2.0,https://creativecommons.org/licenses/by-sa/2.0/,Indonesia tourism,712,1024,534,768,43.251,7a952bdf709265f9a9c709c679917b89bd5bcd93
0281.jpg,localtourism,654beb79-6560-4b9f-b8c2-676d343e18ee,"Taman Sari, Yogyakarta",flickr,DMahendra,https://www.flickr.com/photos/7175652@N02/4348576218,https://live.staticflickr.com/4049/4348576218_da56013db1_b.jpg,by,2.0,https://creativecommons.org/licenses/by/2.0/,Indonesia tourism,1024,683,768,512,34.717,477a673a1506e33b8220c86c93e6495d12deaf9a
0282.jpg,localtourism,639ab017-c626-4189-ab67-ae51a91fe25f,Bali – Lake Batur,flickr,williamcho,https://www.flickr.com/photos/84493444@N00/2698373409,https://live.staticflickr.com/3205/2698373409_090442a4a3_b.jpg,by-sa,2.0,https://creativecommons.org/licenses/by-sa/2.0/,Indonesia tourism,1024,604,768,453,71.043,2b805c08474546d5d9a1c029d3ce06794f480306
0283.jpg,localtourism,8a75f4f0-e75b-4177-9180-af9a5cc2560e,Korea_President_Park_ContemporaryArts_Exhibition_10,flickr,KOREA.NET - Official page of the Republic of Korea,https://www.flickr.com/photos/42438955@N05/10263583595,https://live.staticflickr.com/7406/10263583595_88fee56ce7_b.jpg,by-sa,2.0,https://creativecommons.org/licenses/by-sa/2.0/,Indonesia tourism,1023,594,768,446,33.95,0fa77352af3d68d5f2261fafc4888df0d3ea44af
0285.jpg,localtourism,65f464b2-0c35-45f8-a413-e3c6d55b7a2f,Memorial Wall,flickr,D-Stanley,https://www.flickr.com/photos/79721788@N00/6337602146,https://live.staticflickr.com/6219/6337602146_1c6e09a85a_b.jpg,by,2.0,https://creativecommons.org/licenses/by/2.0/,Indonesia tourism,1024,768,768,576,50.321,dd68aac5a410c3b069aafcf313cb2ae1ea69131f
0284.jpg,localtourism,d9d9fe6f-25ee-4a27-9b1d-09d61fb4643f,Pura Besakih / Mothertemple,flickr,nerdwithoutglasses,https://www.flickr.com/photos/30392243@N00/1916300701,https://live.staticflickr.com/2372/1916300701_3ac70f7b1f_b.jpg,by,2.0,https://creativecommons.org/licenses/by/2.0/,Indonesia tourism,1024,768,768,576,45.734,3737121c0a45649e519f55a497a125d220bee594
0286.jpg,localtourism,7d5ef1e0-4d60-4fb4-b477-6718fa395c30,Candi Pengapit,flickr,anwarsiak***sibuk***,https://www.flickr.com/photos/43928101@N02/5680177168,https://live.staticflickr.com/5182/5680177168_8db31003ee_b.jpg,by,2.0,https://creativecommons.org/licenses/by/2.0/,Indonesia tourism,749,1024,562,768,29.383,04ccdb6f24a1de6505dbd15a039e6f3fe6679aae
0287.jpg,localtourism,503a6da5-9d7a-4c7d-9671-0e4e8028149e,Bali 105 - Tirtagangga Water Palace,flickr,mckaysavage,https://www.flickr.com/photos/56796376@N00/9738185034,https://live.staticflickr.com/7352/9738185034_9560bfb328_b.jpg,by,2.0,https://creativecommons.org/licenses/by/2.0/,Indonesia tourism,1024,683,768,512,46.91,ea108f48785215d26116ed3b9404d60e1b1d3a01
0289.jpg,localtourism,d99c5e4b-bae6-47d6-8a6b-cb097791fa2c,"Taman Sari, Yogyakarta",flickr,DMahendra,https://www.flickr.com/photos/7175652@N02/4348576432,https://live.staticflickr.com/2684/4348576432_630a97ecef_b.jpg,by,2.0,https://creativecommons.org/licenses/by/2.0/,Indonesia tourism,1024,683,768,512,40.834,39941e4d9f7127bfab101f7bde2bb1b72af7e8d6
0290.jpg,localtourism,34caeb49-0771-453e-ad44-73dd26bc0902,"Seminyak, Bali",flickr,JasonParis,https://www.flickr.com/photos/94064020@N00/6231915276,https://live.staticflickr.com/6039/6231915276_9d5a645947_b.jpg,by,2.0,https://creativecommons.org/licenses/by/2.0/,Indonesia tourism,768,1024,576,768,46.444,44e61686b9dc622650ba2ca25d608e1379af3520
0291.jpg,localtourism,6a388e20-8eec-49f9-95dc-9afe1f8a2ad0,Korea_President_Park_ContemporaryArts_Exhibition_01,flickr,KOREA.NET - Official page of the Republic of Korea,https://www.flickr.com/photos/42438955@N05/10263591975,https://live.staticflickr.com/8115/10263591975_be516c5c45_b.jpg,by-sa,2.0,https://creativecommons.org/licenses/by-sa/2.0/,Indonesia tourism,1024,642,768,482,45.729,7c0c4bc456922d741fc0d666e54ea764f8220dfe
0292.jpg,localtourism,2cc7c347-ebc0-4dcf-854b-1e7a30bfa87d,Korea_President_Park_ContemporaryArts_Exhibition_04,flickr,KOREA.NET - Official page of the Republic of Korea,https://www.flickr.com/photos/42438955@N05/10263688903,https://live.staticflickr.com/2818/10263688903_4251262b54_b.jpg,by-sa,2.0,https://creativecommons.org/licenses/by-sa/2.0/,Indonesia tourism,1023,638,768,479,52.306,2117d0363fc4dea8e68a21150fcc8a256adf3089
0293.jpg,localtourism,70ff35ee-f4d8-4820-818d-d37f59cc1f7a,"Taman Sari, Yogyakarta",flickr,DMahendra,https://www.flickr.com/photos/7175652@N02/4347829799,https://live.staticflickr.com/4032/4347829799_f6ebf91f89_b.jpg,by,2.0,https://creativecommons.org/licenses/by/2.0/,Indonesia tourism,683,1024,512,768,35.595,a7d6027281661779aba0bc2d588a1dfc08f23717
0294.jpg,localtourism,c90f02b3-1b07-47e6-a867-9b8cec89ab32,"Parliament Compound (Jakarta, Indonesia)",flickr,~MVI~ (warped),https://www.flickr.com/photos/20119750@N00/527134793,https://live.staticflickr.com/248/527134793_fd9f4c9dbf.jpg,by,2.0,https://creativecommons.org/licenses/by/2.0/,Indonesia tourism,323,499,323,499,29.71,0473d8a59856e7209de8a0a1e79eda63facf9aa2
0296.jpg,localtourism,4af8b1dd-ce74-408c-9a36-887524681678,Korea_President_Park_ContemporaryArts_Exhibition_07,flickr,KOREA.NET - Official page of the Republic of Korea,https://www.flickr.com/photos/42438955@N05/10263685313,https://live.staticflickr.com/2844/10263685313_9595f5fa08_b.jpg,by-sa,2.0,https://creativecommons.org/licenses/by-sa/2.0/,Indonesia tourism,1024,667,768,500,49.785,55c6d45a3ab407b64092e90149696534c9a9bfea
0297.jpg,localtourism,fa7a8017-94c0-4ea2-a2af-c45a26c8f915,Korea_President_Park_ContemporaryArts_Exhibition_02,flickr,KOREA.NET - Official page of the Republic of Korea,https://www.flickr.com/photos/42438955@N05/10263686133,https://live.staticflickr.com/2812/10263686133_034c7c22f6_b.jpg,by-sa,2.0,https://creativecommons.org/licenses/by-sa/2.0/,Indonesia tourism,1023,643,768,483,39.671,11d955e0227f96592275e4d3f3301dd7bf81f50f
0295.jpg,localtourism,dea39962-616a-4f17-97ba-f4a78a254027,Korea_President_Park_ContemporaryArts_Exhibition_08,flickr,KOREA.NET - Official page of the Republic of Korea,https://www.flickr.com/photos/42438955@N05/10263476464,https://live.staticflickr.com/5461/10263476464_6b644f7748_b.jpg,by-sa,2.0,https://creativecommons.org/licenses/by-sa/2.0/,Indonesia tourism,1023,674,768,506,46.223,1b2e76cca94b8af4ee6c05cbdad40b6361bb3285
0288.jpg,localtourism,e6bb3801-6ab0-41de-853e-fc7024bb00b8,"Gili Trawangan, Lombok",flickr,Jeda Villa Bali,https://www.flickr.com/photos/53779476@N08/5135643188,https://live.staticflickr.com/1089/5135643188_96207cd534_b.jpg,by,2.0,https://creativecommons.org/licenses/by/2.0/,Indonesia tourism,1024,680,768,510,60.142,f9421faaf7852f9b024695b178e90eb2aa92a50d
0298.jpg,localtourism,05907321-7970-4d84-9a20-a72d78e937f2,W Hotel Bali,flickr,Simon_sees,https://www.flickr.com/photos/39551170@N02/6924463930,https://live.staticflickr.com/7036/6924463930_b07d5e4d8d_b.jpg,by,2.0,https://creativecommons.org/licenses/by/2.0/,Indonesia tourism,1024,683,768,512,72.902,fc35e710d8b97d51ffd2950aa90819e3aeb2e5f7
0299.jpg,localtourism,94a6451a-4de9-4c22-a7ca-3970e67f278f,Crown,flickr,nSeika,https://www.flickr.com/photos/33542052@N07/5720115981,https://live.staticflickr.com/3643/5720115981_3fb8c7df29_b.jpg,by,2.0,https://creativecommons.org/licenses/by/2.0/,Indonesia tourism,768,1024,576,768,47.355,93c54e6a694c79a69bd56dc4ebda4eb250b9976a
0300.jpg,localtourism,09fbaaa8-3d91-473a-871b-27f9574d3d4d,Ternate. the water city,flickr,Hidden Park,https://www.flickr.com/photos/44413211@N00/5022080740,https://live.staticflickr.com/4103/5022080740_a28522cf12_b.jpg,by,2.0,https://creativecommons.org/licenses/by/2.0/,Indonesia tourism,1024,680,768,510,59.168,0d3afef4dceb2c723e5a82474ebb942a6f4114b0
0301.jpg,localtourism,9f63f4e0-512d-40b5-91a8-057c15fbb096,"Taman Sari, Yogyakarta",flickr,DMahendra,https://www.flickr.com/photos/7175652@N02/4348569670,https://live.staticflickr.com/2700/4348569670_a56a4baf57_b.jpg,by,2.0,https://creativecommons.org/licenses/by/2.0/,Indonesia tourism,683,1024,512,768,46.073,76434381e5eef9ce9d4d25e404cc64cf55cedad6
0302.jpg,localtourism,24046dc5-14ca-4436-9e6b-2e1fadce3a4e,Borobudur 4,flickr,Praziquantel,https://www.flickr.com/photos/97446046@N00/32022801,https://live.staticflickr.com/22/32022801_ce7f594d1d.jpg,by,2.0,https://creativecommons.org/licenses/by/2.0/,Indonesia tourism,482,349,482,349,63.286,2722a19136346144ae860eb227c3fca715e63b6a
0304.jpg,localtourism,17d136ce-f557-4ac2-a5e5-97cf08b33a92,buddha,flickr,Maks Karochkin,https://www.flickr.com/photos/35457262@N06/3839797178,https://live.staticflickr.com/3568/3839797178_17f179d824_b.jpg,by,2.0,https://creativecommons.org/licenses/by/2.0/,Indonesia tourism,1023,682,768,512,28.342,6d9961f520eaa22c1e81d63605745db199796a22
0303.jpg,localtourism,fcc9591a-66e0-42f8-9d13-0cb4815ce445,"Taman Sari, Yogyakarta",flickr,DMahendra,https://www.flickr.com/photos/7175652@N02/4347843973,https://live.staticflickr.com/4065/4347843973_a66779bd01_b.jpg,by,2.0,https://creativecommons.org/licenses/by/2.0/,Indonesia tourism,683,1024,512,768,67.932,c4e7966afdf6b596dfcd2ac917f7f651515c4415
0305.jpg,localtourism,c6b6ba40-8ad7-4e01-85b8-19931076ef01,"Taman Sari, Yogyakarta",flickr,DMahendra,https://www.flickr.com/photos/7175652@N02/4347829733,https://live.staticflickr.com/4034/4347829733_fc3f6e05a1_b.jpg,by,2.0,https://creativecommons.org/licenses/by/2.0/,Indonesia tourism,1024,683,768,512,36.632,7b34c73d6e2883d2454dff676b9a6292f1d4bccb
0307.jpg,localtourism,041117b5-241e-4cf6-aec5-8abce24c8d3a,"Nusa Ceningan, Bali",flickr,Jeda Villa Bali,https://www.flickr.com/photos/53779476@N08/5010910696,https://live.staticflickr.com/4087/5010910696_0e608dc7d5_b.jpg,by,2.0,https://creativecommons.org/licenses/by/2.0/,Indonesia tourism,1024,680,768,510,77.571,a21610fd4c540145aeb7e91349f76380ae52c38a
0306.jpg,localtourism,225037a7-9577-433f-8d7c-fa4e10182b19,We Serve Indonesia,flickr,BEST PHOTO,https://www.flickr.com/photos/51434968@N00/3488025426,https://live.staticflickr.com/3584/3488025426_17d9390868_b.jpg,by,2.0,https://creativecommons.org/licenses/by/2.0/,Indonesia tourism,1024,690,768,518,77.478,35499a8039f5002054e501dd9736acdea63b2b08
0308.jpg,localtourism,7b60bd0c-cc8b-4a40-8d50-65885b7f7f87,"Keraton, Yogyakarta",flickr,DMahendra,https://www.flickr.com/photos/7175652@N02/4347842247,https://live.staticflickr.com/4060/4347842247_8ef059642b_b.jpg,by,2.0,https://creativecommons.org/licenses/by/2.0/,Indonesia tourism,1024,683,768,512,62.076,10672cd59d82c91cb245dcfb99d00f48bc814c25
0309.jpg,localtourism,647a7306-8453-4fc0-bae4-1d20aadf16c0,Korea_President_Park_Visiting_Indonesia_03,flickr,KOREA.NET - Official page of the Republic of Korea,https://www.flickr.com/photos/42438955@N05/10134719606,https://live.staticflickr.com/7449/10134719606_9ec0866519_b.jpg,by-sa,2.0,https://creativecommons.org/licenses/by-sa/2.0/,Indonesia tourism,1023,615,768,462,38.569,98b0dc058808d694bf039c5e905f83010d0eb49c
0310.jpg,localtourism,38d6e324-a87d-44cc-8eda-6a086ffc2f63,Four Seasons Resort Jimbaran Bay,flickr,Studio Sarah Lou,https://www.flickr.com/photos/86665756@N00/15216066018,https://live.staticflickr.com/3905/15216066018_49bba9137d_b.jpg,by,2.0,https://creativecommons.org/licenses/by/2.0/,Indonesia tourism,768,1024,576,768,75.194,afb12df45786fba533ed696310627a28c95e959c
0311.jpg,localtourism,762e0318-9289-4614-80be-d675372477df,Jalan Surabaya,flickr,DMahendra,https://www.flickr.com/photos/7175652@N02/4368980001,https://live.staticflickr.com/4047/4368980001_3ec6530bc9_b.jpg,by,2.0,https://creativecommons.org/licenses/by/2.0/,Indonesia tourism,1023,687,768,516,44.319,a89cdac0b25c54c0bad530aba6c17650e9e95a73
0312.jpg,localtourism,3335ee16-5f24-4937-88fe-2bf1975f3757,Korea_President_Park_ContemporaryArts_Exhibition_03,flickr,KOREA.NET - Official page of the Republic of Korea,https://www.flickr.com/photos/42438955@N05/10263590895,https://live.staticflickr.com/2827/10263590895_44c8ca49b4_b.jpg,by-sa,2.0,https://creativecommons.org/licenses/by-sa/2.0/,Indonesia tourism,691,1024,518,768,36.944,c241baba2c53dcaeb895f0b4fb5e2f435dab5fc3
0313.jpg,localtourism,13a89e5d-62db-4554-b0b0-bbb35a01347f,Kpop_World_Festival_18,flickr,KOREA.NET - Official page of the Republic of Korea,https://www.flickr.com/photos/42438955@N05/8156724391,https://live.staticflickr.com/8490/8156724391_4637511368_b.jpg,by-sa,2.0,https://creativecommons.org/licenses/by-sa/2.0/,Indonesia tourism,1024,660,768,495,40.178,2c92736be10e331a49f01e19fd08d210ba68833c
0314.jpg,localtourism,90df2612-4a31-4270-bfac-2740072e2f4c,Kpop_World_Festival_19,flickr,KOREA.NET - Official page of the Republic of Korea,https://www.flickr.com/photos/42438955@N05/8156756946,https://live.staticflickr.com/8203/8156756946_d05298bca7_b.jpg,by-sa,2.0,https://creativecommons.org/licenses/by-sa/2.0/,Indonesia tourism,1024,648,768,486,38.143,db9c21e57771cd9f8e86b5df363debc46d3d026d
0316.jpg,localtourism,e62ea0ea-0d77-45d3-8d53-f2fe8bd2626b,"Taman Sari, Yogyakarta",flickr,DMahendra,https://www.flickr.com/photos/7175652@N02/4348576284,https://live.staticflickr.com/4023/4348576284_a015f15a45_b.jpg,by,2.0,https://creativecommons.org/licenses/by/2.0/,Indonesia tourism,683,1024,512,768,33.836,8a188f3e180a2ab4f2bd29067cb3dc69888b3d1d
0317.jpg,localtourism,821088a1-7949-4c83-bda7-008c81e6651f,Pura Besakih,flickr,wiifm,https://www.flickr.com/photos/12350347@N03/6346857032,https://live.staticflickr.com/6094/6346857032_3ea08644c2_b.jpg,by,2.0,https://creativecommons.org/licenses/by/2.0/,Indonesia tourism,1024,675,768,506,76.099,ee92b8e450fc54c6ea80bf9f8bc44fd4b2c0d80d
0318.jpg,localtourism,98560737-69cb-49c3-8e08-229ffdfc4613,"Aerial picture of Campuhan Ridge Walk , Scenic Green Valley in Ubud Bali. Drone photo.",flickr,Artem Beliaikin,https://www.flickr.com/photos/157635012@N07/46112155712,https://live.staticflickr.com/4856/46112155712_d3f412e2e6_b.jpg,cc0,1.0,https://creativecommons.org/publicdomain/zero/1.0/,Indonesia tourism,1024,767,768,575,33.931,95bf8a4d55a3ad917ae9e7db9cbb3fe07b0bfec5
0319.jpg,localtourism,4d9fbd70-ea1b-4d60-9ba4-704b85625273,Silhouette of palm trees at tropical sunset on Bali island.,flickr,Artem Beliaikin,https://www.flickr.com/photos/157635012@N07/44817340244,https://live.staticflickr.com/1914/44817340244_d38a129e25_b.jpg,cc0,1.0,https://creativecommons.org/publicdomain/zero/1.0/,Indonesia tourism,1024,683,768,512,19.096,a300ead714b4bf9836460c7d10bf0beb37dd85e7
0320.jpg,localtourism,be4207a9-8e53-499e-8ec0-86cd55f9ac60,Kpop_World_Festival_20,flickr,KOREA.NET - Official page of the Republic of Korea,https://www.flickr.com/photos/42438955@N05/8156756554,https://live.staticflickr.com/7106/8156756554_fe9b0db878_b.jpg,by-sa,2.0,https://creativecommons.org/licenses/by-sa/2.0/,Indonesia tourism,1023,639,768,480,43.886,20e3cd1239723dcf4c3615385ef95c5c9f7f2f89
0323.jpg,localtourism,2281e160-a651-4476-8e22-0b69dd87997d,Train and Istiqlal Mosque,flickr,anthonycramp,https://www.flickr.com/photos/7770166@N05/3085844073,https://live.staticflickr.com/3250/3085844073_6376897fa9_b.jpg,by,2.0,https://creativecommons.org/licenses/by/2.0/,Indonesia tourism,1023,819,768,615,52.751,a580b5a54ef1d06e4ff21fd84b10396d80618574
0324.jpg,localtourism,a81290dd-ac1c-43d0-bab2-669792374d55,Indonesian_President_Business_Meeting_01,flickr,KOREA.NET - Official page of the Republic of Korea,https://www.flickr.com/photos/42438955@N05/26948063042,https://live.staticflickr.com/7046/26948063042_2e8cef1f41_b.jpg,by-sa,2.0,https://creativecommons.org/licenses/by-sa/2.0/,Indonesia tourism,1024,578,768,434,36.516,0f154034fc56f5ff6439ef18466d3bf6e7b1d6b6
0325.jpg,localtourism,dae3dd78-d0f4-4b99-b747-5da363168125,Chaise lounges on the beautiful tropical beach with white sand. Bali island. Indonesia.,flickr,Artem Beliaikin,https://www.flickr.com/photos/157635012@N07/40931154163,https://live.staticflickr.com/65535/40931154163_c81276108e_b.jpg,by,2.0,https://creativecommons.org/licenses/by/2.0/,Indonesia tourism,1024,683,768,512,70.616,003cbd87e8ed9741882dfbc0f632c01558c7bb8b
0326.jpg,localtourism,7403c70f-21fd-4f52-b4e0-f29874455fdc,Danau Linaouw,flickr,Doni Ismanto,https://www.flickr.com/photos/44335509@N08/6729824721,https://live.staticflickr.com/7009/6729824721_d09bd36364_b.jpg,by,2.0,https://creativecommons.org/licenses/by/2.0/,Indonesia tourism,713,1024,535,768,69.957,35ab82cd5f984338b08cf5f69069fb7b26dfbb80
0327.jpg,localtourism,fc1f6ec1-11c6-4586-9417-e9d54411ee84,riverfront property,flickr,oh sk,https://www.flickr.com/photos/7752378@N03/5880380105,https://live.staticflickr.com/5224/5880380105_f116d4827a_b.jpg,by,2.0,https://creativecommons.org/licenses/by/2.0/,Indonesia tourism,1024,576,768,432,27.108,2aaa4a0e818b83734eeba8055d04516cd86f8c8a
0328.jpg,localtourism,69e3bc2b-75d2-4efc-b9e0-365fa8760258,Jalan Surabaya,flickr,DMahendra,https://www.flickr.com/photos/7175652@N02/4369727910,https://live.staticflickr.com/2593/4369727910_b1e0a4cbb3_b.jpg,by,2.0,https://creativecommons.org/licenses/by/2.0/,Indonesia tourism,1023,674,768,506,43.165,5cf1c3dfa3858403640891c7732016bde84e7060
0330.jpg,localtourism,5f91884e-552a-4369-bc2a-048dbc91f679,Indonesian_President_Seoul_National_Cemetery_10,flickr,KOREA.NET - Official page of the Republic of Korea,https://www.flickr.com/photos/42438955@N05/26999757681,https://live.staticflickr.com/7059/26999757681_a6f97209ce_b.jpg,by-sa,2.0,https://creativecommons.org/licenses/by-sa/2.0/,Indonesia tourism,1024,632,768,474,38.404,75ee4a5d9e0cf8a2bb3d232c6f1cff871296a703
0331.jpg,localtourism,eb3369f2-7993-4728-9bcb-47e0107fb733,Korea_Indonesia_Press_Conference_04,flickr,KOREA.NET - Official page of the Republic of Korea,https://www.flickr.com/photos/42438955@N05/26445291043,https://live.staticflickr.com/7254/26445291043_3278e4a700_b.jpg,by-sa,2.0,https://creativecommons.org/licenses/by-sa/2.0/,Indonesia tourism,1024,531,768,398,38.908,25f5e244efd40ec784e7f37705c59f2fcc19266d
0332.jpg,localtourism,0a274c2e-fd42-4402-820e-d7dd78c9cdc4,Indonesian_President_Seoul_National_Cemetery_11,flickr,KOREA.NET - Official page of the Republic of Korea,https://www.flickr.com/photos/42438955@N05/26999753821,https://live.staticflickr.com/7168/26999753821_6ba6330f5a_b.jpg,by-sa,2.0,https://creativecommons.org/licenses/by-sa/2.0/,Indonesia tourism,1024,502,768,377,57.641,6fb328ba9ebc5f7a05ba79692c08941762dd29a7
0333.jpg,localtourism,254e4dbd-e826-48ee-a98c-82cb241fbadb,Indonesian_President_Seoul_National_Cemetery_12,flickr,KOREA.NET - Official page of the Republic of Korea,https://www.flickr.com/photos/42438955@N05/26793410530,https://live.staticflickr.com/7019/26793410530_c1e127193f_b.jpg,by-sa,2.0,https://creativecommons.org/licenses/by-sa/2.0/,Indonesia tourism,1024,476,768,357,60.212,173b2b8e3498a0f888dc3eff55eb9468d3a7aad6
0335.jpg,localtourism,6265a5f5-4999-4b7e-8216-e6de7daf51e3,kalimutu3,flickr,mynikon78,https://www.flickr.com/photos/83096657@N04/7634977656,https://live.staticflickr.com/8286/7634977656_22f8ef3ce9.jpg,by,2.0,https://creativecommons.org/licenses/by/2.0/,Indonesia tourism,493,250,493,250,34.163,c131f77d5bd3e36f5697977a4de58341b43cd32f
0336.jpg,localtourism,92b3a280-b503-4b4b-a5a0-e1bd8f65a639,Another rice terrace at Seloliman village,flickr,java tourism,https://www.flickr.com/photos/22371164@N02/2844347980,https://live.staticflickr.com/3159/2844347980_92cf655e0e.jpg,by,2.0,https://creativecommons.org/licenses/by/2.0/,Indonesia tourism,500,268,500,268,58.769,fd46dccf4bb237f613a19af6c3ad89f6b51d73b0
0334.jpg,localtourism,fc5a198a-197b-4be7-baf9-70bedeaf2f95,Boats on the Beach,flickr,D-Stanley,https://www.flickr.com/photos/79721788@N00/6215695488,https://live.staticflickr.com/6110/6215695488_8e5b80cf62_b.jpg,by,2.0,https://creativecommons.org/licenses/by/2.0/,Indonesia tourism,1024,768,768,576,48.575,8801ff013677f3bd6bd7559d7f333c46056bb9ff
0329.jpg,localtourism,3604f4ae-d4b8-4481-9432-8732d8fc1e15,"Kampung at Kali Code, Yogya",flickr,DMahendra,https://www.flickr.com/photos/7175652@N02/2599249974,https://live.staticflickr.com/3170/2599249974_d3380ed86b_b.jpg,by,2.0,https://creativecommons.org/licenses/by/2.0/,Indonesia tourism,1024,676,768,507,38.641,60cb8ed6aa744d5465a4610de30ef9a47b852be4
0337.jpg,localtourism,1e0a703c-c021-43f1-9bdb-1a7f68183696,Pura Taman Ayun,flickr,Igor Klisov,https://www.flickr.com/photos/38778174@N07/5380882748,https://live.staticflickr.com/5209/5380882748_734710ca28.jpg,by,2.0,https://creativecommons.org/licenses/by/2.0/,Indonesia tourism,500,333,500,333,59.07,80992cd3569a7522bd2a046e5b6cbb4a2d00554c
0338.jpg,localtourism,911fccd0-257d-4968-80f4-7ae812ece2a7,IMG_3031,flickr,kenner116,https://www.flickr.com/photos/50178625@N00/6441494071,https://live.staticflickr.com/7173/6441494071_c3b4f0c52a_b.jpg,by,2.0,https://creativecommons.org/licenses/by/2.0/,Indonesia tourism,1024,768,768,576,46.093,90de67154fbcfe781da1ac21ed304c67d8136d1d
0340.jpg,localtourism,c4d5fdc7-011c-4927-9df8-78cad93a850c,IMG_1774,flickr,World Travel & Tourism Council,https://www.flickr.com/photos/78618717@N07/9721026326,https://live.staticflickr.com/7428/9721026326_3f20672e88_b.jpg,by,2.0,https://creativecommons.org/licenses/by/2.0/,Indonesia tourism,1024,683,768,512,24.382,8119fa29bf964445683753dbb0174de9898965a1
0341.jpg,localtourism,9af1f523-5d3d-419f-b79a-9470c19419ae,Prambanan,flickr,Arian Zwegers,https://www.flickr.com/photos/67769030@N07/6953197043,https://live.staticflickr.com/7040/6953197043_5a24dcf81a_b.jpg,by,2.0,https://creativecommons.org/licenses/by/2.0/,Indonesia heritage site,1024,683,768,512,52.442,f2753b645d67e7b4b2efc0dc12a6e47ea5a1853b
0342.jpg,localtourism,c40e1d18-80cc-47c2-8005-20f19fb53d16,Borobudur,flickr,Jan Alonzo,https://www.flickr.com/photos/52265670@N00/14149953649,https://live.staticflickr.com/3871/14149953649_54b4e39d48_b.jpg,by-sa,2.0,https://creativecommons.org/licenses/by-sa/2.0/,Indonesia heritage site,1024,563,768,422,49.562,6762a352f97ef81129e4d6dca7b5cc615e3b0c1d
0344.jpg,localtourism,dc702728-5801-4f0b-bc4b-45dcc1787198,Fuji Yama,flickr,Black_Claw,https://www.flickr.com/photos/24833567@N03/31368332783,https://live.staticflickr.com/350/31368332783_3814c23838_b.jpg,by,2.0,https://creativecommons.org/licenses/by/2.0/,Indonesia heritage site,768,1024,576,768,24.526,6e7319f6b7073436b699c7e9c4524fdb17a925ef
0343.jpg,localtourism,86b893d5-2934-4afd-8c14-33a81fe3c3d5,Elephant Cave entrance,flickr,Strocchi,https://www.flickr.com/photos/46383895@N00/49273736567,https://live.staticflickr.com/65535/49273736567_a107a5d3c4_b.jpg,by-sa,2.0,https://creativecommons.org/licenses/by-sa/2.0/,Indonesia heritage site,1024,683,768,512,74.326,da2754810d61f17e90165fea276aea26c7e881df
0345.jpg,localtourism,da8507a1-515d-4a6b-b248-7e43f3b27f52,The steps are much more steep than they look,flickr,shankar s.,https://www.flickr.com/photos/77742560@N06/44681238951,https://live.staticflickr.com/1870/44681238951_0c99f59b8f_b.jpg,by,2.0,https://creativecommons.org/licenses/by/2.0/,Indonesia heritage site,1024,684,768,513,56.441,8f91a9acaa923b77ce3102e5c54125117a7ddc54
0346.jpg,localtourism,093e0297-9262-4582-8941-948ad2d64578,World Heritage Site: Museum Wayang,flickr,Brian Giesen,https://www.flickr.com/photos/13658024@N00/4046073024,https://live.staticflickr.com/3524/4046073024_5c7c71760c_b.jpg,by,2.0,https://creativecommons.org/licenses/by/2.0/,Indonesia heritage site,768,1024,576,768,15.788,3d8fd929fdcd3b8b5500838e5fcabc8abfad51cb
0347.jpg,localtourism,dc25df4a-1a6c-49d6-ba06-babe773a2835,"Prambanan, 1987",flickr,nathanh100,https://www.flickr.com/photos/41383869@N07/6355977679,https://live.staticflickr.com/6106/6355977679_d47fce7a66_b.jpg,by,2.0,https://creativecommons.org/licenses/by/2.0/,Indonesia heritage site,1024,713,768,535,77.997,13aa5aa378628060e7738268154f4fd0e607746f
0348.jpg,localtourism,8566bac1-e05d-4e58-b23e-9ad6d9248ac3,DSCN5248,flickr,Mark Joseph Lopez,https://www.flickr.com/photos/7625814@N05/1360279393,https://live.staticflickr.com/1297/1360279393_8fb7e006e6_b.jpg,by,2.0,https://creativecommons.org/licenses/by/2.0/,Indonesia heritage site,1024,768,768,576,70.157,104f862fba65bcbdfae3dcfc20a030edb5825cf4
0351.jpg,localtourism,ada1b26f-6e22-444a-a308-de1c5d5e99a8,"Borobudur, 1987",flickr,nathanh100,https://www.flickr.com/photos/41383869@N07/6355993559,https://live.staticflickr.com/6120/6355993559_0f3815dc06_b.jpg,by,2.0,https://creativecommons.org/licenses/by/2.0/,Indonesia heritage site,1024,633,768,475,85.188,2e5159c0554c6cdc247c2364ee0708e9d8de5ab8
0352.jpg,localtourism,9a93580d-a0f7-430a-bdec-bd5661ffcd9c,"1996 #241-21 Java, Indonesia",flickr,Dan Lundberg,https://www.flickr.com/photos/9508280@N07/31727252337,https://live.staticflickr.com/4819/31727252337_c81b643c3a_b.jpg,by-sa,2.0,https://creativecommons.org/licenses/by-sa/2.0/,Indonesia heritage site,643,1024,482,768,72.296,ca5d8e0a6127e3e00353cbcf81fdc1233cc3ba58
0353.jpg,localtourism,8b4f3ab9-7671-4c1f-ae8d-cee48ebd637c,"1996 #241-24 Java, Indonesia",flickr,Dan Lundberg,https://www.flickr.com/photos/9508280@N07/31727251067,https://live.staticflickr.com/4862/31727251067_421943e69c_b.jpg,by-sa,2.0,https://creativecommons.org/licenses/by-sa/2.0/,Indonesia heritage site,1024,636,768,477,64.212,24c64f0e7d596103a46b1d76a2b3447916bce7f5
0350.jpg,localtourism,ca26f3d2-446b-4ed4-a519-b4e6368971af,The legendary Prambanan temple- it was too late to go in,flickr,shankar s.,https://www.flickr.com/photos/77742560@N06/44681990171,https://live.staticflickr.com/1848/44681990171_fb99e63f87_b.jpg,by,2.0,https://creativecommons.org/licenses/by/2.0/,Indonesia heritage site,1024,684,768,513,40.873,54b8722b4bd42847f68fb88ed7775cfcf40a8793
0354.jpg,localtourism,86d673bb-6aff-4dfc-bbdf-6c25d853c981,The Taman sari water palace was beautiful in it's own right,flickr,shankar s.,https://www.flickr.com/photos/77742560@N06/30809826628,https://live.staticflickr.com/1877/30809826628_89b2b1bf4e_b.jpg,by,2.0,https://creativecommons.org/licenses/by/2.0/,Indonesia heritage site,1024,684,768,513,59.867,88258abe295f89d9867d681656286c49c3ebd756
0355.jpg,localtourism,bd504667-8751-4bb2-a45e-12b505df76eb,"A water lili in Borobudur World Cultural Heritage Site, Java, Indonesia",flickr,IUCNweb,https://www.flickr.com/photos/31206821@N04/6788529618,https://live.staticflickr.com/7038/6788529618_a04f3fc997_b.jpg,by,2.0,https://creativecommons.org/licenses/by/2.0/,Indonesia heritage site,1000,750,768,576,13.573,3a6958edf786ee715ddd9842cfba19dcc9577225
0356.jpg,localtourism,1e89c965-2886-49e1-91ee-17c02f79bb08,"Borobudur, 1987",flickr,nathanh100,https://www.flickr.com/photos/41383869@N07/22434067332,https://live.staticflickr.com/761/22434067332_e53e278c7e_b.jpg,by,2.0,https://creativecommons.org/licenses/by/2.0/,Indonesia heritage site,800,1024,600,768,98.651,5f007b30a84e35e01ea7454540f7cb3b36cd6a59
0357.jpg,localtourism,6da995f2-14bf-4fec-8b26-58be5ba18340,"1996 #241-20 Java, Indonesia",flickr,Dan Lundberg,https://www.flickr.com/photos/9508280@N07/31727253227,https://live.staticflickr.com/7845/31727253227_0f3c4f1af6_b.jpg,by-sa,2.0,https://creativecommons.org/licenses/by-sa/2.0/,Indonesia heritage site,1024,637,768,478,90.536,7eefe291eb9f6a2b12053a717c1f12f451589d94
0358.jpg,localtourism,a613cbb4-3a0e-4261-b7bd-3c592cd08e81,"1996 #241-11 Java, Indonesia",flickr,Dan Lundberg,https://www.flickr.com/photos/9508280@N07/31727260337,https://live.staticflickr.com/4808/31727260337_d4e466c184_b.jpg,by-sa,2.0,https://creativecommons.org/licenses/by-sa/2.0/,Indonesia heritage site,1023,642,768,482,80.149,e919427c395542669459c524d750049e5e11ed7c
0359.jpg,localtourism,d44ca736-574a-49ff-841f-53f51ad48fc9,"1996 #241-18 Java, Indonesia",flickr,Dan Lundberg,https://www.flickr.com/photos/9508280@N07/31727254177,https://live.staticflickr.com/7892/31727254177_e24061d233_b.jpg,by-sa,2.0,https://creativecommons.org/licenses/by-sa/2.0/,Indonesia heritage site,643,1024,482,768,74.815,a53ebc9f497d42fe40c4327dbd33bfc91c43b622
0360.jpg,localtourism,4d82c1f6-6833-47e1-8a21-2b697e139a1a,"1996 #241-16 Java, Indonesia",flickr,Dan Lundberg,https://www.flickr.com/photos/9508280@N07/31727256397,https://live.staticflickr.com/4833/31727256397_352ebaac59_b.jpg,by-sa,2.0,https://creativecommons.org/licenses/by-sa/2.0/,Indonesia heritage site,636,1024,477,768,88.296,7763ea04a912bd4d238a0796b7cfd0783e0a8d50
0361.jpg,localtourism,7dfa4b00-c773-4b17-8ba9-bd09ac6dfd3e,"1996 #241-17 Java, Indonesia",flickr,Dan Lundberg,https://www.flickr.com/photos/9508280@N07/31727254867,https://live.staticflickr.com/7813/31727254867_3e5a25fe38_b.jpg,by-sa,2.0,https://creativecommons.org/licenses/by-sa/2.0/,Indonesia heritage site,640,1024,480,768,61.697,4f16d670620c06e995791c888cba011c3c4c9f7b
0364.jpg,localtourism,086103e6-3ede-48ac-ba82-a718e7c1a08e,"1996 #241-15 Java, Indonesia",flickr,Dan Lundberg,https://www.flickr.com/photos/9508280@N07/31727257377,https://live.staticflickr.com/7897/31727257377_c9fea0ffd3_b.jpg,by-sa,2.0,https://creativecommons.org/licenses/by-sa/2.0/,Indonesia heritage site,1024,636,768,477,87.152,3bfd9ce8f66ba6c96526ef817b2c9a3badc8a25b
0365.jpg,localtourism,0690d03c-9488-46ee-b634-c4ab3a084f33,"1996 #241-10 Java, Indonesia",flickr,Dan Lundberg,https://www.flickr.com/photos/9508280@N07/31727261267,https://live.staticflickr.com/7888/31727261267_1ab71575eb_b.jpg,by-sa,2.0,https://creativecommons.org/licenses/by-sa/2.0/,Indonesia heritage site,1024,650,768,488,94.86,150eacb32955d2b863d6c264e7892bca8b51e0c6
0366.jpg,localtourism,49a3263c-829a-4b84-b659-8d1caa0dfb25,"1996 #240-33 Java, Indonesia",flickr,Dan Lundberg,https://www.flickr.com/photos/9508280@N07/32794073448,https://live.staticflickr.com/4856/32794073448_2a59c361d5_b.jpg,by-sa,2.0,https://creativecommons.org/licenses/by-sa/2.0/,Indonesia heritage site,1024,709,768,532,62.237,5e251309a09e3dde4aa9da716902e7657092fce4
0367.jpg,localtourism,525de073-cbc4-4f5e-930d-a78dd8fb4956,"1996 #240-35 Java, Indonesia",flickr,Dan Lundberg,https://www.flickr.com/photos/9508280@N07/32794072928,https://live.staticflickr.com/7899/32794072928_36ffe91f4f_b.jpg,by-sa,2.0,https://creativecommons.org/licenses/by-sa/2.0/,Indonesia heritage site,1023,642,768,482,67.643,fe73aa8f60a8432eb8cbb3f91f04c71f7bb30690
0369.jpg,localtourism,46693b15-45c6-4724-9884-f144409347b4,"1996 #240-29 Java, Indonesia",flickr,Dan Lundberg,https://www.flickr.com/photos/9508280@N07/32794075068,https://live.staticflickr.com/7804/32794075068_b0e277a7c5_b.jpg,by-sa,2.0,https://creativecommons.org/licenses/by-sa/2.0/,Indonesia heritage site,705,1024,529,768,77.631,0a5e41af7fc639def93adb916ab4960c4fcd262a
0368.jpg,localtourism,ec35ddab-e524-480b-ac28-a0ab20581dd3,"1996 #240-31 Java, Indonesia",flickr,Dan Lundberg,https://www.flickr.com/photos/9508280@N07/32794074348,https://live.staticflickr.com/7888/32794074348_fdcefbdcaa_b.jpg,by-sa,2.0,https://creativecommons.org/licenses/by-sa/2.0/,Indonesia heritage site,1023,639,768,480,66.662,fe93d87dc843dd8ea29ececd51637bfa01ec24ae
0370.jpg,localtourism,d09f8eb9-c08e-41e6-8e8c-effd411714c8,"1996 #240-19 Java, Indonesia",flickr,Dan Lundberg,https://www.flickr.com/photos/9508280@N07/46668994871,https://live.staticflickr.com/7885/46668994871_a4c42803fa_b.jpg,by-sa,2.0,https://creativecommons.org/licenses/by-sa/2.0/,Indonesia heritage site,1023,637,768,478,87.097,062de802f3834ed3f042cb8c0a0fa70469be4fac
0371.jpg,localtourism,3c8743cb-6dd7-40b2-92ee-7c14bbe351fe,"1996 #240-17 Java, Indonesia",flickr,Dan Lundberg,https://www.flickr.com/photos/9508280@N07/46668996351,https://live.staticflickr.com/7847/46668996351_f5b48c9c2a_b.jpg,by-sa,2.0,https://creativecommons.org/licenses/by-sa/2.0/,Indonesia heritage site,1024,640,768,480,76.881,a5a9bed05f8ef3700fd73311abc3167c7521fc03
0372.jpg,localtourism,3d4dbbeb-7b50-40f6-88ed-72fdd380a5b4,"1996 #240-26 Java, Indonesia",flickr,Dan Lundberg,https://www.flickr.com/photos/9508280@N07/32794075918,https://live.staticflickr.com/7903/32794075918_8206b627a3_b.jpg,by-sa,2.0,https://creativecommons.org/licenses/by-sa/2.0/,Indonesia heritage site,709,1024,532,768,82.21,e7e6c6e47def3a2b775de4a46ed224b2af604fbf
0373.jpg,localtourism,e1638eb9-7e86-451e-b551-c81d2b00e13c,"1996 #240-21 Java, Indonesia",flickr,Dan Lundberg,https://www.flickr.com/photos/9508280@N07/46668992771,https://live.staticflickr.com/4912/46668992771_fb168767f7_b.jpg,by-sa,2.0,https://creativecommons.org/licenses/by-sa/2.0/,Indonesia heritage site,1024,634,768,476,77.474,96eb4b8ec5d864b2041f9b95fdcd95731046ae14
0374.jpg,localtourism,0579accc-32d6-46e8-b5ed-d6baf77339c3,"1996 #240-24 Java, Indonesia",flickr,Dan Lundberg,https://www.flickr.com/photos/9508280@N07/32794076588,https://live.staticflickr.com/4824/32794076588_b358fb7a9c_b.jpg,by-sa,2.0,https://creativecommons.org/licenses/by-sa/2.0/,Indonesia heritage site,642,1023,482,768,66.775,e8c44fa5e02904bfc6edf4b661094d19f87f0707
0375.jpg,localtourism,cb3aa27c-e458-4b04-874b-0fe06f09a43e,We finally made it to the UNESCO World Heritage listed to the Borobodur temple,flickr,shankar s.,https://www.flickr.com/photos/77742560@N06/43772748025,https://live.staticflickr.com/1889/43772748025_bc6bdd4cd2_b.jpg,by,2.0,https://creativecommons.org/licenses/by/2.0/,Indonesia heritage site,1024,684,768,513,55.884,0315ac2bf53b174cb4eb2f5f3b8c0604a613ae68
0376.jpg,localtourism,b9439d53-1c65-4949-8785-77a4586f14c0,"1994 #190-5A Komodo, Indonesia",flickr,Dan Lundberg,https://www.flickr.com/photos/9508280@N07/46669031411,https://live.staticflickr.com/4896/46669031411_280ce19ba2_b.jpg,by-sa,2.0,https://creativecommons.org/licenses/by-sa/2.0/,Indonesia heritage site,630,1024,472,768,93.092,f857f5aab1e51e0b7f0e6d735163c0de0ba8dc8a
0378.jpg,localtourism,dcb10c98-bd9a-42cc-aff5-53e919447821,"1994 #190-23A Komodo, Indonesia",flickr,Dan Lundberg,https://www.flickr.com/photos/9508280@N07/46669030311,https://live.staticflickr.com/4839/46669030311_5e9b4c0b06_b.jpg,by-sa,2.0,https://creativecommons.org/licenses/by-sa/2.0/,Indonesia heritage site,1024,635,768,476,100.268,de6bca54ffa5bf3fdda87748e7d80d898a5b0c2a
0379.jpg,localtourism,de705614-c806-47c2-a904-33cf00d37ab7,Jatiluwih Rice Terrace,flickr,SqueakyMarmot,https://www.flickr.com/photos/37804160@N00/29752809402,https://live.staticflickr.com/8382/29752809402_4a37b7a282_b.jpg,by-sa,2.0,https://creativecommons.org/licenses/by-sa/2.0/,Indonesia heritage site,819,1024,614,768,45.98,c02f99886680e3d747dd76ada3e481f8eb95cf58
0380.jpg,localtourism,86e7ec4c-bc12-4e14-bc73-017203ccd073,Great Tomb #2,flickr,hibino,https://www.flickr.com/photos/19126881@N00/4417338,https://live.staticflickr.com/3/4417338_59675532dc_b.jpg,by,2.0,https://creativecommons.org/licenses/by/2.0/,Indonesia heritage site,1024,768,768,576,82.987,e762074edbaad5a9ed2ca1446a67e956d7265b22
0377.jpg,localtourism,62667997-4a5f-4963-96b3-7abafae73e02,Jatiluwih Rice Terrace,flickr,SqueakyMarmot,https://www.flickr.com/photos/37804160@N00/29752809352,https://live.staticflickr.com/5107/29752809352_a7f8f660fc_b.jpg,by-sa,2.0,https://creativecommons.org/licenses/by-sa/2.0/,Indonesia heritage site,1024,768,768,576,52.517,254be27975847d36f64b4711f4e29514095f1223
0381.jpg,localtourism,e206a244-8a40-456f-a764-709b8a10fa86,"1994 #190-32A Komodo, Indonesia",flickr,Dan Lundberg,https://www.flickr.com/photos/9508280@N07/46669029981,https://live.staticflickr.com/4876/46669029981_0c63d88009_b.jpg,by-sa,2.0,https://creativecommons.org/licenses/by-sa/2.0/,Indonesia heritage site,1023,632,768,474,82.95,3b0f530be510c669a08a028d4ec6d02c0442ecbb
0383.jpg,localtourism,22dba449-06ee-4559-b619-5dd077de9396,Borobudur,flickr,Cben.art,https://www.flickr.com/photos/165667897@N08/51141371117,https://live.staticflickr.com/65535/51141371117_af755f34df.jpg,by,2.0,https://creativecommons.org/licenses/by/2.0/,Indonesia heritage site,500,333,500,333,56.628,990366fce1bf283c2221f90543fad042d1d8bf3e
0382.jpg,localtourism,ceae1b77-07d0-4b77-8646-f072c2251ba9,"1994 #190-3A Komodo, Indonesia",flickr,Dan Lundberg,https://www.flickr.com/photos/9508280@N07/46669032141,https://live.staticflickr.com/4843/46669032141_de51f9621c_b.jpg,by-sa,2.0,https://creativecommons.org/licenses/by-sa/2.0/,Indonesia heritage site,1024,643,768,482,103.968,030b415a4daac0c7ef267b55ccc2c684c22bb74f
0429.jpg,localtourism,53e1a7bf-5695-4e22-9cc7-c0466a7f5e07,Borobudur,flickr,Seth Mazow,https://www.flickr.com/photos/40225648@N00/2208728204,https://live.staticflickr.com/2148/2208728204_7dd517c7dd_b.jpg,by-sa,2.0,https://creativecommons.org/licenses/by-sa/2.0/,Borobudur,1024,768,768,576,58.384,4f768af4f734033244391392f45d8e3b8fefd9f3
0430.jpg,localtourism,1814f8f6-f6ff-4f64-82cd-a78d01487604,Borobudur,flickr,^riza^,https://www.flickr.com/photos/44115070@N00/2256932935,https://live.staticflickr.com/2171/2256932935_de79a3f9b6.jpg,by,2.0,https://creativecommons.org/licenses/by/2.0/,Borobudur,500,335,500,335,66.026,678eb3b9a22aa0b3e4a0484248c9dc4a360c7171
0427.jpg,localtourism,eb659a8c-4f95-4eae-b49d-6414870a5f69,Borobudur,flickr,F H Mira,https://www.flickr.com/photos/25894583@N08/3718902271,https://live.staticflickr.com/3429/3718902271_5dfc693556_b.jpg,by-sa,2.0,https://creativecommons.org/licenses/by-sa/2.0/,Borobudur,1024,768,768,576,43.319,5631f7c583485e8f2cc1a782f415239c46e11033
0434.jpg,localtourism,f5e00c93-635d-40d7-8519-18ef062b69f5,Borobudur,flickr,Arian Zwegers,https://www.flickr.com/photos/67769030@N07/6806955622,https://live.staticflickr.com/7058/6806955622_0e5ac66523_b.jpg,by,2.0,https://creativecommons.org/licenses/by/2.0/,Borobudur,1024,683,768,512,66.819,39302982bb5a293ab74bfc979d8d061c1a773b7a
0435.jpg,localtourism,2f6abefb-2476-4297-8f75-ee900f13af0c,"Borobudur, Buddha",flickr,Arian Zwegers,https://www.flickr.com/photos/67769030@N07/6952673465,https://live.staticflickr.com/7038/6952673465_8f9e3dcce9_b.jpg,by,2.0,https://creativecommons.org/licenses/by/2.0/,Borobudur,1024,683,768,512,22.463,91b50bbc1a433c907b45c532d1ddf75e2084dee7
0436.jpg,localtourism,41cb23a0-88e8-456b-a427-af458cffcf23,Borobudur Sunrise,flickr,Justyn™,https://www.flickr.com/photos/21045320@N03/6702589479,https://live.staticflickr.com/7020/6702589479_a10fde69ee_b.jpg,by,2.0,https://creativecommons.org/licenses/by/2.0/,Borobudur,1024,680,768,510,33.38,1536e91ffbf27f88a52a1908a033cda505ed0052
0438.jpg,localtourism,7026dfa2-d0ae-4e60-a8d2-2ad34e0c7dcf,Borobudur stupa,wikimedia,,https://commons.wikimedia.org/w/index.php?curid=250175,https://upload.wikimedia.org/wikipedia/commons/a/a3/Borobudur_stupa.jpg,by-sa,3.0,https://creativecommons.org/licenses/by-sa/3.0/,Borobudur,640,435,640,435,39.042,f8883e2365648b3cfaa749d0aa18f191889980a0
0439.jpg,localtourism,121269f9-132f-4e17-ba97-1f03432248b0,Borobudur,flickr,F H Mira,https://www.flickr.com/photos/25894583@N08/3721894524,https://live.staticflickr.com/3470/3721894524_ca698bc3d8_b.jpg,by-sa,2.0,https://creativecommons.org/licenses/by-sa/2.0/,Borobudur,1024,768,768,576,83.875,f8476c0941560be492dcbbfa0ab0e02f87164690
0442.jpg,localtourism,7b0aee02-1896-48b1-8bd7-988eb9683df9,Borobudur monks 1,wikimedia,"frank wouters from antwerpen, belgium",https://commons.wikimedia.org/w/index.php?curid=1266701,https://upload.wikimedia.org/wikipedia/commons/5/5a/Borobudur_monks_1.jpg,by,2.0,https://creativecommons.org/licenses/by/2.0/,Borobudur,1280,960,768,576,34.347,b55a9e2063ae12a6a06ad7ca86c61777dbb25d46
0445.jpg,localtourism,1d1326c6-6f5c-4ee1-9c19-7ee8c41323e6,Borobudur scenery 1,wikimedia,,https://commons.wikimedia.org/w/index.php?curid=1183354,https://upload.wikimedia.org/wikipedia/commons/f/f0/Borobudur_scenery_1.jpg,by-sa,3.0,https://creativecommons.org/licenses/by-sa/3.0/,Borobudur,612,408,612,408,54.117,2b53f77f5556431963e917162044f11c99684724
0446.jpg,localtourism,f9377bcb-08de-4ac5-8b0d-3809a0f3d2d4,Borobudur,flickr,jmhullot,https://www.flickr.com/photos/32856635@N00/3866888594,https://live.staticflickr.com/3482/3866888594_b15d8605b6_b.jpg,by-sa,2.0,https://creativecommons.org/licenses/by-sa/2.0/,Borobudur,1024,683,768,512,38.827,448e8369c7a493e54827f2e7dc61ed53e4624e14
0447.jpg,localtourism,a3641d43-7960-4e94-a553-3d83d714484d,Candi Borobudur # 1,flickr,yudha aria,https://www.flickr.com/photos/71960670@N04/6505019797,https://live.staticflickr.com/7156/6505019797_8a7e182141_b.jpg,by,2.0,https://creativecommons.org/licenses/by/2.0/,Borobudur,1024,683,768,512,62.202,49976d9068d76bd78c7aad5681f6c0903f1e5655
0448.jpg,localtourism,abfd709b-1280-44c7-a370-99027e78cce3,Borobudur,flickr,Justyn™,https://www.flickr.com/photos/21045320@N03/6702545199,https://live.staticflickr.com/7029/6702545199_f649246c59_b.jpg,by,2.0,https://creativecommons.org/licenses/by/2.0/,Borobudur,1023,669,768,502,43.247,7d1e7b5f3480c52e4e075630c105757598fc9030
0451.jpg,localtourism,2b27017c-67d6-45c0-a3ca-e62fb778c904,"Sailendra King and Queen, Borobudur",wikimedia,Gunawan Kartapranata,https://commons.wikimedia.org/w/index.php?curid=12306628,https://upload.wikimedia.org/wikipedia/commons/b/b8/Sailendra_King_and_Queen%2C_Borobudur.jpg,by-sa,3.0,https://creativecommons.org/licenses/by-sa/3.0/,Borobudur,1034,530,768,394,67.988,9e050a3de41b85e85f69a6cdb2e98ac0b8d46e7f
0450.jpg,localtourism,8ed17be0-b00a-4ca3-bfa7-0e3f5ccc49f1,Borobudur,flickr,F H Mira,https://www.flickr.com/photos/25894583@N08/3721895550,https://live.staticflickr.com/2465/3721895550_13d3b798af_b.jpg,by-sa,2.0,https://creativecommons.org/licenses/by-sa/2.0/,Borobudur,1024,768,768,576,20.194,3753f251c6954e66bc15b9edbc2beea3fa4529d0
0449.jpg,localtourism,3d7d57af-187a-411b-b08f-3ccb979c04e5,Borobudur,flickr,born1945,https://www.flickr.com/photos/12567713@N00/2479436410,https://live.staticflickr.com/3009/2479436410_a284d1f0d5_b.jpg,by,2.0,https://creativecommons.org/licenses/by/2.0/,Borobudur,1024,696,768,522,33.776,2911886247c2d1bdea310eed868f80f3c8df61e5
0455.jpg,localtourism,333836bf-60bb-49de-addb-78350d8a8a14,Borobudur,flickr,jmhullot,https://www.flickr.com/photos/32856635@N00/3866888340,https://live.staticflickr.com/2530/3866888340_dde1472948_b.jpg,by-sa,2.0,https://creativecommons.org/licenses/by-sa/2.0/,Borobudur,1024,683,768,512,32.109,e584130dfc8dcc3141e30641e9675a51e82e57c6
0456.jpg,localtourism,701024d8-1541-4af7-a44e-22f43a255410,Borobudur,flickr,jmhullot,https://www.flickr.com/photos/32856635@N00/3866889878,https://live.staticflickr.com/2522/3866889878_05d6ab7fb4_b.jpg,by-sa,2.0,https://creativecommons.org/licenses/by-sa/2.0/,Borobudur,1024,683,768,512,15.213,28696cb4fc29204a61ff9dc1ac7e22ca6176b2b3
0457.jpg,localtourism,c904a295-17c2-42cf-b4cb-bbd3851e856b,Borobudur,flickr,jmhullot,https://www.flickr.com/photos/32856635@N00/3866888056,https://live.staticflickr.com/2482/3866888056_29da0572a9_b.jpg,by-sa,2.0,https://creativecommons.org/licenses/by-sa/2.0/,Borobudur,1024,683,768,512,18.87,a17f67fb8d93bbbf97ed7871a613d282c2e689e2
0458.jpg,localtourism,f39912e4-3b15-4b39-8902-35ea076e150d,"Borobudur, Jogjakarta",flickr,akupunyahal,https://www.flickr.com/photos/12154566@N02/7669431630,https://live.staticflickr.com/8156/7669431630_a32e7831ed_b.jpg,pdm,1.0,https://creativecommons.org/publicdomain/mark/1.0/,Borobudur,1024,768,768,576,30.148,b16c58c5aa7ad308ee2ee58cc26fb55eeb591ae7
0460.jpg,localtourism,cedec227-c934-4297-9eed-359d4284491c,Borobudur 2009,flickr,ingodibella,https://www.flickr.com/photos/30997285@N00/4681829234,https://live.staticflickr.com/4013/4681829234_2787748a25_b.jpg,by-sa,2.0,https://creativecommons.org/licenses/by-sa/2.0/,Borobudur,1024,322,768,242,48.491,b70cb985d1a162088a00f350fd1429e1e4248d5e
0463.jpg,localtourism,c867c4d9-c849-4653-ad59-6254b4eab958,"Borobudur, Indonesia",flickr,Christopher.Michel,https://www.flickr.com/photos/50979393@N00/26187040005,https://live.staticflickr.com/1502/26187040005_36cd07d1b8_b.jpg,by,2.0,https://creativecommons.org/licenses/by/2.0/,Borobudur,1024,755,768,566,31.886,9d63176abc546d83b7fe17225f5b8ea413a9352c
0466.jpg,localtourism,5c0e0d1a-39e1-4859-8e01-5fe2de25dfce,~ Borobudur Temple ~,flickr,Nico Time,https://www.flickr.com/photos/80845204@N07/9505636923,https://live.staticflickr.com/3759/9505636923_729fe9d876_b.jpg,by-sa,2.0,https://creativecommons.org/licenses/by-sa/2.0/,Borobudur,1024,602,768,452,32.922,e8ceed5f0d5f9a4a627b852d5a7ac14707767151
0468.jpg,localtourism,76c951f2-4c85-4421-8ca4-84262a758f23,Morning at Borobudur Temple,flickr,Prayudi Hartono,https://www.flickr.com/photos/30040853@N02/6194941223,https://live.staticflickr.com/6161/6194941223_169a329566_b.jpg,by,2.0,https://creativecommons.org/licenses/by/2.0/,Borobudur,1024,678,768,509,44.481,1ef165184c4e4f8bc353ef984fb12bcbd30abe40
0470.jpg,localtourism,4f0d842e-694e-4511-9377-def69e813258,"The Buddha. Borobudur, Indonesia",flickr,Christopher.Michel,https://www.flickr.com/photos/50979393@N00/26161106116,https://live.staticflickr.com/1719/26161106116_c4e1f21075_b.jpg,by,2.0,https://creativecommons.org/licenses/by/2.0/,Borobudur,1024,716,768,537,26.955,5cd9bef0359074cb2e7c3a1d26de849c0a8c363a
0469.jpg,localtourism,829c4155-2e1b-4e9a-978a-f1e3f46da9b2,Java ~ Borobudur,flickr,VasenkaPhotography,https://www.flickr.com/photos/40774255@N07/6219154041,https://live.staticflickr.com/6152/6219154041_5586ca8736_b.jpg,by,2.0,https://creativecommons.org/licenses/by/2.0/,Borobudur,1024,768,768,576,46.723,8d3e1d37fff782df88b9a177793ad8c5725d26c6
0471.jpg,localtourism,de4e6855-bf14-4017-bcb7-37697ebe2f69,COLLECTIE TROPENMUSEUM Boeddhabeeld van de Borobudur TMnr 60013976,wikimedia,Isidore van Kinsbergen,https://commons.wikimedia.org/w/index.php?curid=8577998,https://upload.wikimedia.org/wikipedia/commons/0/0b/COLLECTIE_TROPENMUSEUM_Boeddhabeeld_van_de_Borobudur_TMnr_60013976.jpg,by-sa,3.0,https://creativecommons.org/licenses/by-sa/3.0/,Borobudur,568,700,568,700,36.497,81f483b90d7b1bb8db85a468d380fdf2d589e77d
0472.jpg,localtourism,ac945683-3d98-4a74-a8d1-06c1d1f03c92,Borobudur,flickr,Jorge Franganillo,https://www.flickr.com/photos/46191841@N00/44430829644,https://live.staticflickr.com/1908/44430829644_ec070706a2_b.jpg,by,2.0,https://creativecommons.org/licenses/by/2.0/,Borobudur,1024,683,768,512,42.797,11309d49ce2343d3634111ed306d8324b398b165
0477.jpg,localtourism,5bd2ea87-8a95-4bee-ba3d-17883c1c7cba,COLLECTIE TROPENMUSEUM Boeddhabeeld van de Borobudur voorstellende Dhyani Boeddha Amogasiddha TMnr 10025273,wikimedia,Unknown authorUnknown author,https://commons.wikimedia.org/w/index.php?curid=8595293,https://upload.wikimedia.org/wikipedia/commons/6/64/COLLECTIE_TROPENMUSEUM_Boeddhabeeld_van_de_Borobudur_voorstellende_Dhyani_Boeddha_Amogasiddha_TMnr_10025273.jpg,by-sa,3.0,https://creativecommons.org/licenses/by-sa/3.0/,Borobudur,501,700,501,700,46.256,61094d1a56c3f9b11f6d25b18b44ded7a6b06256
0481.jpg,localtourism,80a9204a-a098-4f82-b60d-c8150eda08fe,Transition to Borobudur,flickr,F H Mira,https://www.flickr.com/photos/25894583@N08/3718699986,https://live.staticflickr.com/3494/3718699986_52e744bbd4_b.jpg,by-sa,2.0,https://creativecommons.org/licenses/by-sa/2.0/,Borobudur,768,1024,576,768,23.565,a3e9be346390e07abbf1af6b8398336a6e24582b
0482.jpg,localtourism,99ab668a-5fa9-4b0e-886e-88581e332914,001 View of Borobudur,flickr,Anandajoti,https://www.flickr.com/photos/64337707@N07/7634080900,https://live.staticflickr.com/8019/7634080900_28b10c5446_b.jpg,by-sa,2.0,https://creativecommons.org/licenses/by-sa/2.0/,Borobudur,1024,768,768,576,60.097,7e42fe67afaedd3a4cb02e8cd6a779ea857fec84
0484.jpg,localtourism,ce4bd1ce-ab0c-485e-9cfa-79128faeb57b,Candi Borobudur,flickr,irwandy,https://www.flickr.com/photos/15468843@N00/3277445541,https://live.staticflickr.com/3390/3277445541_d43dcd634f.jpg,by,2.0,https://creativecommons.org/licenses/by/2.0/,Borobudur,500,332,500,332,47.565,031d0878cd6180b360afe78b2e4787db17195b83
0485.jpg,localtourism,f5f7c666-72dc-4590-bff7-ad84992e9794,"Borobudur at dawn, Jogjakarta",flickr,akupunyahal,https://www.flickr.com/photos/12154566@N02/7669507724,https://live.staticflickr.com/7251/7669507724_e9524aa994_b.jpg,pdm,1.0,https://creativecommons.org/publicdomain/mark/1.0/,Borobudur,1024,683,768,512,26.922,0b386f53fcaf523bf0ee477404a24fc95c7b023f
0486.jpg,localtourism,1989723c-b460-4c85-806e-ab2e02c9f4e6,Borobudur at Dawn,flickr,Prayudi Hartono,https://www.flickr.com/photos/30040853@N02/6299026808,https://live.staticflickr.com/6237/6299026808_7d9df4b860_b.jpg,by,2.0,https://creativecommons.org/licenses/by/2.0/,Borobudur,1024,644,768,483,22.32,210ee1e8099c401bd19999366fb243fc6cfd8e18
0487.jpg,localtourism,e23884dc-1e89-455c-901f-1aaca1605afb,Java ~ Borobudur,flickr,VasenkaPhotography,https://www.flickr.com/photos/40774255@N07/6598028759,https://live.staticflickr.com/7019/6598028759_8c3f776408_b.jpg,by,2.0,https://creativecommons.org/licenses/by/2.0/,Borobudur,768,1024,576,768,37.74,3258e22c780a1996407ab1a0032bc91e6091a2f1
0488.jpg,localtourism,03a06498-8129-46b5-9eb3-b16de5324213,"Borobudur, Indonesia",flickr,Christopher.Michel,https://www.flickr.com/photos/50979393@N00/26161115566,https://live.staticflickr.com/1629/26161115566_7f9dc10d23_b.jpg,by,2.0,https://creativecommons.org/licenses/by/2.0/,Borobudur,1024,716,768,537,32.494,00edbc8699cabc2cbdbbe003801860e979732085
0489.jpg,localtourism,7882fb4c-c16b-46d9-b77b-d8e832bc8ba0,Borobudur spout,wikimedia,bicrom das,https://commons.wikimedia.org/w/index.php?curid=1907663,https://upload.wikimedia.org/wikipedia/commons/c/c5/Borobudur_spout.jpg,by,2.0,https://creativecommons.org/licenses/by/2.0/,Borobudur,500,374,500,374,59.92,bd1aae815bb77b0dabd25dbbc64df26f7197aaa5
0495.jpg,localtourism,3747917a-8881-4378-9701-b84f88a021a2,"Sunrise in Borobudur Temple, Indonesia",flickr,sutrebor,https://www.flickr.com/photos/56197195@N03/5228708660,https://live.staticflickr.com/5002/5228708660_6b5ee64b31_b.jpg,by-sa,2.0,https://creativecommons.org/licenses/by-sa/2.0/,Borobudur,1024,768,768,576,19.428,66f3694c6e658fdc58925eba886c347f10996379
0496.jpg,localtourism,0482c103-ca48-49b0-b9e0-75889c2e2001,Java ~ Borobudur,flickr,VasenkaPhotography,https://www.flickr.com/photos/40774255@N07/6597758123,https://live.staticflickr.com/7150/6597758123_7c8a9d4b39_b.jpg,by,2.0,https://creativecommons.org/licenses/by/2.0/,Borobudur,1024,768,768,576,51.192,9693ad8346a3081a447de565298f8835763fcb56
0497.jpg,localtourism,70aa54a2-cb46-4d36-b656-a2b7da52f21d,Java ~ Borobudur,flickr,VasenkaPhotography,https://www.flickr.com/photos/40774255@N07/6597931339,https://live.staticflickr.com/7142/6597931339_e5285edb52_b.jpg,by,2.0,https://creativecommons.org/licenses/by/2.0/,Borobudur,1024,768,768,576,42.303,fef7a882f4bdf00cc83bdd2984608c3139e9933f
0498.jpg,localtourism,e7ecd268-345c-4239-ba40-28d72a845d1f,"Borobudur, Jogjakarta",flickr,akupunyahal,https://www.flickr.com/photos/12154566@N02/7669397326,https://live.staticflickr.com/8282/7669397326_141b33fce4_b.jpg,pdm,1.0,https://creativecommons.org/publicdomain/mark/1.0/,Borobudur,1024,768,768,576,23.692,6d40cf6169a1138cc190f760f1dcd4f8ce785d02
0499.jpg,localtourism,949cc0a6-184b-45bc-b1dc-a7d9a83a53f9,"Borobudur Temple lay hidden for centuries under layers of volcanic ash and jungle growth, photographed by JavaTourism.com",flickr,java tourism,https://www.flickr.com/photos/22371164@N02/2193411698,https://live.staticflickr.com/2285/2193411698_cc836e58bd.jpg,by,2.0,https://creativecommons.org/licenses/by/2.0/,Borobudur,500,375,500,375,81.653,32002a8c47a4d14a9c4fe14a9706c23aba5c674d
0500.jpg,localtourism,2f0446ab-fa1a-4840-892d-12f379573988,Borobudur,flickr,CazzJj,https://www.flickr.com/photos/64249609@N08/6618096933,https://live.staticflickr.com/7169/6618096933_2636e51964_b.jpg,by,2.0,https://creativecommons.org/licenses/by/2.0/,Borobudur,1024,680,768,510,21.058,67e9853cdd1ab5ce7c73a84a280ab13423d66bad
0501.jpg,localtourism,23dbc9a4-decb-4ba1-bf9c-177883584642,"Borobudur, Jogjakarta",flickr,akupunyahal,https://www.flickr.com/photos/12154566@N02/7669453652,https://live.staticflickr.com/8016/7669453652_1450d87123_b.jpg,pdm,1.0,https://creativecommons.org/publicdomain/mark/1.0/,Borobudur,1024,597,768,448,35.125,fd12c90789631bdbf1c3d1c27f3731be41f34378
0502.jpg,localtourism,76fdefb0-edaa-46c0-8e52-b23fd0e6d2db,Java ~ Borobudur,flickr,VasenkaPhotography,https://www.flickr.com/photos/40774255@N07/6219127335,https://live.staticflickr.com/6042/6219127335_9d3f02f73b_b.jpg,by,2.0,https://creativecommons.org/licenses/by/2.0/,Borobudur,1024,768,768,576,42.405,b18548c7136d16f07f78c110df0d52016a31ef7c
0508.jpg,localtourism,a3ee5938-2e72-48e3-83ab-d9a08b5cf7fc,Java ~ Borobudur,flickr,VasenkaPhotography,https://www.flickr.com/photos/40774255@N07/6597849319,https://live.staticflickr.com/7023/6597849319_3e62f9faaa_b.jpg,by,2.0,https://creativecommons.org/licenses/by/2.0/,Borobudur,1024,768,768,576,28.795,c9f87dbb6342a1d38ee5f4a19726988f383fadbd
0509.jpg,localtourism,820fa03d-e0a4-4c71-b9d7-e36157e7ed40,Borobudur,flickr,F H Mira,https://www.flickr.com/photos/25894583@N08/3719690402,https://live.staticflickr.com/2664/3719690402_554f3dfccf_b.jpg,by-sa,2.0,https://creativecommons.org/licenses/by-sa/2.0/,Borobudur,1024,768,768,576,31.089,90e0b23073ad4f9a18dcf5875592d4e6323926d9
0510.jpg,localtourism,0aa07568-8b15-4d32-934e-c0be96e05617,DSC00110/Java Centre/Borobudur at Sunset Time,flickr,dany13,https://www.flickr.com/photos/11493299@N00/6220094684,https://live.staticflickr.com/6177/6220094684_09a721185b_b.jpg,by,2.0,https://creativecommons.org/licenses/by/2.0/,Borobudur,1024,683,768,512,53.823,8fcf77159258caec6c7d03f62d5c40003c86f2ab
0511.jpg,localtourism,bd65b66d-d2a4-4ca3-bd1f-14245f59e162,DSC00090/Java/Borobudur Main View,flickr,dany13,https://www.flickr.com/photos/11493299@N00/6220085008,https://live.staticflickr.com/6218/6220085008_1153204644_b.jpg,by,2.0,https://creativecommons.org/licenses/by/2.0/,Borobudur,1024,664,768,498,54.243,d13c18f49e9b026f3f0c54f6eae2e525bd95b322
0515.jpg,localtourism,9f26c6a9-7ee0-43dd-aa4e-f3780c09b2eb,Java ~ Borobudur,flickr,VasenkaPhotography,https://www.flickr.com/photos/40774255@N07/6597799833,https://live.staticflickr.com/7146/6597799833_c6dd53f808_b.jpg,by,2.0,https://creativecommons.org/licenses/by/2.0/,Borobudur,1024,768,768,576,56.361,334e7bc7de12f73111b4103431d10d7b458011ae
0516.jpg,localtourism,d49289bf-f620-4b1f-a747-9fe233813710,Java ~ Borobudur,flickr,VasenkaPhotography,https://www.flickr.com/photos/40774255@N07/6597857659,https://live.staticflickr.com/7152/6597857659_71715563eb_b.jpg,by,2.0,https://creativecommons.org/licenses/by/2.0/,Borobudur,1024,768,768,576,80.174,cadad0198caab29c571cc4b8eba24ddd083631a8
0518.jpg,localtourism,b42ef2e1-34cc-4f9c-81ce-b649cc8b4471,Back home after school near Borobudur,flickr,jmhullot,https://www.flickr.com/photos/32856635@N00/3866736269,https://live.staticflickr.com/3432/3866736269_1f8708f552_b.jpg,by-sa,2.0,https://creativecommons.org/licenses/by-sa/2.0/,Borobudur,1024,683,768,512,47.431,2859400adffed991c604a1af8c1d2f8442d2bcee
0519.jpg,localtourism,f5181f81-9d69-4546-8b33-360af22da3a6,Borobudur floor,flickr,frankdouwes,https://www.flickr.com/photos/26209626@N05/14976904136,https://live.staticflickr.com/5581/14976904136_302e71907d_b.jpg,by,2.0,https://creativecommons.org/licenses/by/2.0/,Borobudur,1024,768,768,576,50.953,760d9479b200b3ea609f15e2c3e34524977b58c0
0520.jpg,localtourism,c0783887-5180-4feb-9c85-023b1920c14f,"Hotel Borobudur, Jakarta.",flickr,@yakobusan Jakob Montrasio,https://www.flickr.com/photos/37803129@N00/4469373631,https://live.staticflickr.com/2738/4469373631_01098bc648_b.jpg,by,2.0,https://creativecommons.org/licenses/by/2.0/,Borobudur,1024,683,768,512,83.988,649978a17b84d3caa271b233253f67779e6946fe
0521.jpg,localtourism,8763af6e-8d86-4759-a374-a98088e3aa91,2008-09-12 Borobudur 2,flickr,zhaffsky,https://www.flickr.com/photos/94636189@N00/3002932728,https://live.staticflickr.com/3046/3002932728_5d0c8a583a_b.jpg,by-sa,2.0,https://creativecommons.org/licenses/by-sa/2.0/,Borobudur,1022,323,768,243,49.679,3b2faf629c8c522b43fdb9b682c52f6c36276e60
0524.jpg,localtourism,40e0ce81-813a-4810-a456-bd3d8587cac1,Java ~ Borobudur,flickr,VasenkaPhotography,https://www.flickr.com/photos/40774255@N07/6597961781,https://live.staticflickr.com/7035/6597961781_6b320f483f_b.jpg,by,2.0,https://creativecommons.org/licenses/by/2.0/,Borobudur,1024,768,768,576,80.25,683a3d50f8f27a48040eea6842b359d888fe3f46
0525.jpg,localtourism,4fae9e48-9fe8-4d8e-b3fd-9dffb837ff98,Java ~ Borobudur,flickr,VasenkaPhotography,https://www.flickr.com/photos/40774255@N07/6219127327,https://live.staticflickr.com/6157/6219127327_d4e83748d9_b.jpg,by,2.0,https://creativecommons.org/licenses/by/2.0/,Borobudur,1024,768,768,576,47.649,df52fa324f490040ce6372c88b2095139b960e75
0526.jpg,localtourism,722ef957-0a05-4409-8991-6563f676771d,Java ~ Borobudur,flickr,VasenkaPhotography,https://www.flickr.com/photos/40774255@N07/6219154031,https://live.staticflickr.com/6057/6219154031_10e1376a44_b.jpg,by,2.0,https://creativecommons.org/licenses/by/2.0/,Borobudur,1024,768,768,576,55.155,c7a9fbad81e6c5614df34827f1f523243ba573e0
0529.jpg,localtourism,065a0f3d-9ab6-45b1-b1d1-cf65d92b5719,COLLECTIE TROPENMUSEUM De Borobudur TMnr 10023620,wikimedia,Unknown authorUnknown author,https://commons.wikimedia.org/w/index.php?curid=8608036,https://upload.wikimedia.org/wikipedia/commons/c/c8/COLLECTIE_TROPENMUSEUM_De_Borobudur_TMnr_10023620.jpg,by-sa,3.0,https://creativecommons.org/licenses/by-sa/3.0/,Borobudur,700,529,700,529,53.747,ff47857dda2ff7bc41f40513cde4f3e3498f2d10
0530.jpg,localtourism,d437f8af-eb01-4b0c-a323-ae5b7d622a08,Java ~ Borobudur,flickr,VasenkaPhotography,https://www.flickr.com/photos/40774255@N07/6597925743,https://live.staticflickr.com/7029/6597925743_515cec9295_b.jpg,by,2.0,https://creativecommons.org/licenses/by/2.0/,Borobudur,1024,768,768,576,81.694,dc05b9b2d69a33fab216b42c8c2cb0ea8e349852
0531.jpg,localtourism,7cfbd0ba-33b9-493b-aa81-3fbb441f716b,Java ~ Borobudur,flickr,VasenkaPhotography,https://www.flickr.com/photos/40774255@N07/6598032389,https://live.staticflickr.com/7031/6598032389_3860cf8c0d_b.jpg,by,2.0,https://creativecommons.org/licenses/by/2.0/,Borobudur,768,1024,576,768,50.468,ff7939ec2e254e254f250802c01f31ca5daf5365
0532.jpg,localtourism,9fcdb51d-187f-4a26-b631-21f0292f01b4,Java ~ Borobudur,flickr,VasenkaPhotography,https://www.flickr.com/photos/40774255@N07/6597966253,https://live.staticflickr.com/7028/6597966253_af8fb9a89f_b.jpg,by,2.0,https://creativecommons.org/licenses/by/2.0/,Borobudur,1024,768,768,576,76.02,89dd63f33da7fd25aed4956e0b689d25f01e4ca0
0533.jpg,localtourism,9c46eedc-4c0b-445f-b901-da9e83b45cf4,Java ~ Borobudur,flickr,VasenkaPhotography,https://www.flickr.com/photos/40774255@N07/6597834959,https://live.staticflickr.com/7032/6597834959_8422512d50_b.jpg,by,2.0,https://creativecommons.org/licenses/by/2.0/,Borobudur,1024,768,768,576,67.381,be79a936c987c87d4a56dd08836b085a0fe5a07c
0534.jpg,localtourism,78125338-e288-4d06-93da-8ffdac42e24e,Java ~ Borobudur,flickr,VasenkaPhotography,https://www.flickr.com/photos/40774255@N07/6598026889,https://live.staticflickr.com/7012/6598026889_852233f9de_b.jpg,by,2.0,https://creativecommons.org/licenses/by/2.0/,Borobudur,1024,768,768,576,56.054,0385c74b2e68b613bc2b7438ffe662f4151477c7
0535.jpg,localtourism,1e4e054a-ebc5-4ef8-ad47-c12a15259e59,Java ~ Borobudur,flickr,VasenkaPhotography,https://www.flickr.com/photos/40774255@N07/6597871337,https://live.staticflickr.com/7151/6597871337_a96b72a495_b.jpg,by,2.0,https://creativecommons.org/licenses/by/2.0/,Borobudur,1024,768,768,576,45.911,ed146411c49747465df9ccc8d4cb06938cc4e911
0536.jpg,localtourism,5ea9629c-4c9e-41b3-b934-ef0c578ebd11,"Borobudur, Java",flickr,Jeda Villa Bali,https://www.flickr.com/photos/53779476@N08/5000227155,https://live.staticflickr.com/4130/5000227155_0c7021bdd1_b.jpg,by,2.0,https://creativecommons.org/licenses/by/2.0/,Borobudur,759,1023,570,768,43.701,883c2de1923e11583018f23628f9edecdcca3436
0537.jpg,localtourism,8e9e36a9-b3b1-447c-ac4c-6e3ef86affbf,"Sometimes the dream is real. Borobudur, Indonesia (2016).",flickr,Christopher.Michel,https://www.flickr.com/photos/50979393@N00/33382823591,https://live.staticflickr.com/2933/33382823591_6a70fce0bd_b.jpg,by,2.0,https://creativecommons.org/licenses/by/2.0/,Borobudur,1024,647,768,485,24.546,f859380d409f1e2461d6409d1d9ebf839e7b5c67
0538.jpg,localtourism,fa246fe7-f056-4db1-86c6-ec771598b42e,Borobudur,flickr,Technomancy,https://www.flickr.com/photos/43319799@N00/76632728,https://live.staticflickr.com/41/76632728_c6984b954e_b.jpg,by-sa,2.0,https://creativecommons.org/licenses/by-sa/2.0/,Borobudur,1024,736,768,552,19.085,c4d8fbb1016f28e28709e7d4532c85d9a0cc9b73
0539.jpg,localtourism,9561f25b-3760-4cf9-8f9a-110e1c7d9e67,Borobudur,flickr,jmhullot,https://www.flickr.com/photos/32856635@N00/3866104203,https://live.staticflickr.com/2577/3866104203_d1aa1f15b5_b.jpg,by-sa,2.0,https://creativecommons.org/licenses/by-sa/2.0/,Borobudur,1024,683,768,512,43.79,8c9b8c4751bf1fd29f0f7f23f16932a5eecc579e
0540.jpg,localtourism,95c0cf86-cbc4-4e35-9300-666093d2532a,"Borobudur, Java",flickr,Jeda Villa Bali,https://www.flickr.com/photos/53779476@N08/5000243523,https://live.staticflickr.com/4153/5000243523_7173d72d46_b.jpg,by,2.0,https://creativecommons.org/licenses/by/2.0/,Borobudur,680,1024,510,768,27.788,436c067f246bef8cbf954a9e62904ab04e603695
0541.jpg,localtourism,948e116c-bdc3-4b68-bbde-5890a26f263f,Borobudur,flickr,jmhullot,https://www.flickr.com/photos/32856635@N00/3866888888,https://live.staticflickr.com/2499/3866888888_7495852557_b.jpg,by-sa,2.0,https://creativecommons.org/licenses/by-sa/2.0/,Borobudur,1024,683,768,512,41.707,6e4b018760126c084dc3f9e861e3b717fd525171
0542.jpg,localtourism,bf424d89-51db-48a8-b51e-ffd84c31cc7b,"Borobudur Temple the forgotten Wonder of the world, photographed by JavaTourism.com",flickr,java tourism,https://www.flickr.com/photos/22371164@N02/2193406152,https://live.staticflickr.com/2036/2193406152_c44526f40b.jpg,by,2.0,https://creativecommons.org/licenses/by/2.0/,Borobudur,500,375,500,375,35.268,2711dc40368be87589d3ca2db48a2b70fb1e15c9
0543.jpg,localtourism,15e13b5b-9031-4a00-a6d8-c0815e576606,Java ~ Borobudur,flickr,VasenkaPhotography,https://www.flickr.com/photos/40774255@N07/6598031509,https://live.staticflickr.com/7174/6598031509_2ac0de6d69_b.jpg,by,2.0,https://creativecommons.org/licenses/by/2.0/,Borobudur,768,1024,576,768,46.468,3f47fdfda14320f533a5e4c5c9c72e342028defc
0544.jpg,localtourism,1b23f613-cad0-4f03-b0e5-1e3cace98a92,Java ~ Borobudur,flickr,VasenkaPhotography,https://www.flickr.com/photos/40774255@N07/6597859493,https://live.staticflickr.com/7027/6597859493_13c3ca4418_b.jpg,by,2.0,https://creativecommons.org/licenses/by/2.0/,Borobudur,1024,768,768,576,92.916,a5db6bc5bb990bdd299ceba2eac80b78ab141cf5
0545.jpg,localtourism,011291fd-5c19-46d1-96d8-2b2fb4b463c5,Java ~ Borobudur,flickr,VasenkaPhotography,https://www.flickr.com/photos/40774255@N07/6597896941,https://live.staticflickr.com/7170/6597896941_d750156de7_b.jpg,by,2.0,https://creativecommons.org/licenses/by/2.0/,Borobudur,1024,768,768,576,66.516,e0c2166f3236c679048a9f8aa377d9c8f8353434
0546.jpg,localtourism,7af2a528-efca-4b31-83da-774ddf5c7bbf,Java ~ Borobudur,flickr,VasenkaPhotography,https://www.flickr.com/photos/40774255@N07/6597997127,https://live.staticflickr.com/7155/6597997127_a51d3bcef5_b.jpg,by,2.0,https://creativecommons.org/licenses/by/2.0/,Borobudur,1024,768,768,576,58.124,34f1e99a2ed6d1ca3c85b6c9cfc5b0e6db0eabf7
0547.jpg,localtourism,2047f7d6-f53e-475a-8472-93a5a0013f98,Java ~ Borobudur,flickr,VasenkaPhotography,https://www.flickr.com/photos/40774255@N07/6597973445,https://live.staticflickr.com/7026/6597973445_ae8d874828_b.jpg,by,2.0,https://creativecommons.org/licenses/by/2.0/,Borobudur,1024,768,768,576,80.329,0ae72b9722973666d07b10a5df8ba966264945ae
0548.jpg,localtourism,febab66c-fe81-489c-974b-55c0c5ce7dc9,Java ~ Borobudur,flickr,VasenkaPhotography,https://www.flickr.com/photos/40774255@N07/6598001827,https://live.staticflickr.com/7013/6598001827_bd0c41df15_b.jpg,by,2.0,https://creativecommons.org/licenses/by/2.0/,Borobudur,1024,768,768,576,67.118,63c269377a2b3150c133658e56d78541a9a28dc8
0550.jpg,localtourism,fdddd816-13d1-415c-ab38-9f0d61e14158,Borobudur,flickr,Christopher.Michel,https://www.flickr.com/photos/50979393@N00/26006462280,https://live.staticflickr.com/1609/26006462280_5825704a74_b.jpg,by,2.0,https://creativecommons.org/licenses/by/2.0/,Borobudur,1024,612,768,459,15.524,0d4f7b2cab522e6ca80424bce4e999e193a57aaa
0549.jpg,localtourism,c403cb68-9741-4f4a-973a-a3f19c378e4e,Java ~ Borobudur,flickr,VasenkaPhotography,https://www.flickr.com/photos/40774255@N07/6107647097,https://live.staticflickr.com/6200/6107647097_2763319751_b.jpg,by,2.0,https://creativecommons.org/licenses/by/2.0/,Borobudur,1024,768,768,576,72.883,aaa7f76a1ce6c211292fbd0681110bc72306f20e
0553.jpg,localtourism,84b64a3b-0de0-4162-b2bd-fdb86353ff55,Borobudur in Bali,flickr,d10n2000,https://www.flickr.com/photos/98071575@N00/261392489,https://live.staticflickr.com/108/261392489_a8758704f0_b.jpg,by,2.0,https://creativecommons.org/licenses/by/2.0/,Borobudur,1024,683,768,512,57.125,96a4e7c6f681f66545705e23bd8db6c6bc59ba94
0557.jpg,localtourism,71c83669-5547-4470-b1f4-cf0a9b175084,Java ~ Borobudur,flickr,VasenkaPhotography,https://www.flickr.com/photos/40774255@N07/6598007505,https://live.staticflickr.com/7146/6598007505_d59050f5bf_b.jpg,by,2.0,https://creativecommons.org/licenses/by/2.0/,Borobudur,1024,768,768,576,69.502,b8b3b869ec8caf40ece5b4891cdb516305f0d741
0558.jpg,localtourism,7a830eab-b0a5-4c55-9e54-bc8daa233d6a,Java ~ Borobudur,flickr,VasenkaPhotography,https://www.flickr.com/photos/40774255@N07/6598021553,https://live.staticflickr.com/7026/6598021553_43ea0fb164_b.jpg,by,2.0,https://creativecommons.org/licenses/by/2.0/,Borobudur,768,1024,576,768,50.017,afea681c0d246c1c426d9d80a1e608dcfdc6cdf2
0560.jpg,localtourism,80349e5a-26e4-4ba4-8631-2fdfde26bd47,Java ~ Borobudur,flickr,VasenkaPhotography,https://www.flickr.com/photos/40774255@N07/6221883845,https://live.staticflickr.com/6042/6221883845_700f41f97e_b.jpg,by,2.0,https://creativecommons.org/licenses/by/2.0/,Borobudur,1024,661,768,496,59.433,45a9d9fa06a3147e2187ad4559546c3569d4c2ec
0559.jpg,localtourism,dd4bae29-61b2-494e-984e-c6541b57981d,Java ~ Borobudur,flickr,VasenkaPhotography,https://www.flickr.com/photos/40774255@N07/6597940337,https://live.staticflickr.com/7161/6597940337_27b1322973_b.jpg,by,2.0,https://creativecommons.org/licenses/by/2.0/,Borobudur,1024,768,768,576,70.858,1159357c5319052451256da6062912eb797aff7c
0561.jpg,localtourism,87132661-97f0-4786-986a-99ea5bb88422,Java ~ Borobudur,flickr,VasenkaPhotography,https://www.flickr.com/photos/40774255@N07/6597860393,https://live.staticflickr.com/7030/6597860393_dc6ce07613_b.jpg,by,2.0,https://creativecommons.org/licenses/by/2.0/,Borobudur,1024,768,768,576,56.207,45c9a8e08ca17d8f573ea0cba768643ea8d8ea24
0563.jpg,localtourism,c4a30c85-2b75-49cd-a86c-1ad0db1693e3,Java ~ Borobudur,flickr,VasenkaPhotography,https://www.flickr.com/photos/40774255@N07/6597892231,https://live.staticflickr.com/7019/6597892231_7afe0c3c1f_b.jpg,by,2.0,https://creativecommons.org/licenses/by/2.0/,Borobudur,1024,768,768,576,45.411,aba071078ee85556682e7c3247d7c85bd13f0f03
0562.jpg,localtourism,065b085a-06c2-47d8-99b8-678d480eb535,Java ~ Borobudur,flickr,VasenkaPhotography,https://www.flickr.com/photos/40774255@N07/6597779449,https://live.staticflickr.com/7014/6597779449_e16b662e98_b.jpg,by,2.0,https://creativecommons.org/licenses/by/2.0/,Borobudur,1024,768,768,576,68.43,13d84a4fabbbdae8cf6eba18d449ec277ae6beae
0564.jpg,localtourism,453fc4b0-4560-4855-ab9d-b39477b523eb,Candi Borobudur # 2,flickr,yudha aria,https://www.flickr.com/photos/71960670@N04/6505008325,https://live.staticflickr.com/7021/6505008325_eff632db3f_b.jpg,by,2.0,https://creativecommons.org/licenses/by/2.0/,Borobudur,1024,683,768,512,82.823,d085109c94763abab8af0bb2bf9c4e3a1f7692f8
0565.jpg,localtourism,ad6f4ec6-d7b8-47c4-b4f6-1402fe32666a,Borobudur,flickr,Tokuriki,https://www.flickr.com/photos/59722994@N00/52712259,https://live.staticflickr.com/33/52712259_b83ad43992.jpg,by,2.0,https://creativecommons.org/licenses/by/2.0/,Borobudur,500,323,500,323,33.189,a66692db378eb77c111bc06766e53bcffccc6c04
0566.jpg,localtourism,bdec35ec-4526-432a-a1c2-04e3ef42cdcc,"Borobudur, Java",flickr,Jeda Villa Bali,https://www.flickr.com/photos/53779476@N08/5000838588,https://live.staticflickr.com/4109/5000838588_dc770a0350_b.jpg,by,2.0,https://creativecommons.org/licenses/by/2.0/,Borobudur,1024,680,768,510,25.198,e91c5887d93032bc426334a5392485be88b2b556
0567.jpg,localtourism,959c0e92-a9d9-4d4a-a375-520ac14b5eb5,Java ~ Borobudur,flickr,VasenkaPhotography,https://www.flickr.com/photos/40774255@N07/6219154055,https://live.staticflickr.com/6157/6219154055_1bdc5440a5_b.jpg,by,2.0,https://creativecommons.org/licenses/by/2.0/,Borobudur,1024,768,768,576,42.103,2a6d2e1de47010255cd7108c3197f3db6a42ae8e
0569.jpg,localtourism,41f6c337-cfde-4c1d-ba58-94e35405b88e,Borobudur,flickr,Tokuriki,https://www.flickr.com/photos/59722994@N00/52712176,https://live.staticflickr.com/33/52712176_83e5fd1ffc.jpg,by,2.0,https://creativecommons.org/licenses/by/2.0/,Borobudur,500,323,500,323,13.99,5a94226b013b8eae720c202fc1ab9c9f452ad031
0568.jpg,localtourism,f3c7103b-0d32-4cd2-bca0-b29775f5ff86,Java ~ Borobudur,flickr,VasenkaPhotography,https://www.flickr.com/photos/40774255@N07/6108191396,https://live.staticflickr.com/6075/6108191396_7083f759f6_b.jpg,by,2.0,https://creativecommons.org/licenses/by/2.0/,Borobudur,1024,768,768,576,52.798,cb5bdeb4b36d4b6583057d924f8a2162e99221d0
0571.jpg,localtourism,40078ec7-4dd9-414e-9434-7cbbf2b2fbfb,Java ~ Borobudur,flickr,VasenkaPhotography,https://www.flickr.com/photos/40774255@N07/6597953303,https://live.staticflickr.com/7149/6597953303_1f7e8a6285_b.jpg,by,2.0,https://creativecommons.org/licenses/by/2.0/,Borobudur,768,1024,576,768,72.199,7a8d846700fdb0d8bcba11b374acb40521773b9d
0572.jpg,localtourism,1743bb1d-fba9-4dd6-8fe1-954f4adc9094,Java ~ Borobudur,flickr,VasenkaPhotography,https://www.flickr.com/photos/40774255@N07/6597944871,https://live.staticflickr.com/7150/6597944871_35c3e7e03c_b.jpg,by,2.0,https://creativecommons.org/licenses/by/2.0/,Borobudur,768,1024,576,768,63.532,873d90e79f34a59574be814272320960a1707d12
0573.jpg,localtourism,b0ac7847-1abd-40c7-bfc6-0136b3f192e7,Java ~ Borobudur,flickr,VasenkaPhotography,https://www.flickr.com/photos/40774255@N07/6597809257,https://live.staticflickr.com/7002/6597809257_131526548f_b.jpg,by,2.0,https://creativecommons.org/licenses/by/2.0/,Borobudur,1024,768,768,576,65.132,6500992d77701bac00c636eadd4b2a92de27d4ac
0574.jpg,localtourism,18bc3c8e-2061-4fa0-a932-5aafe1cb5747,Java ~ Borobudur,flickr,VasenkaPhotography,https://www.flickr.com/photos/40774255@N07/6597950555,https://live.staticflickr.com/7030/6597950555_855e285a23_b.jpg,by,2.0,https://creativecommons.org/licenses/by/2.0/,Borobudur,1024,768,768,576,75.201,050937c5a3fd1afaa27f1bbc649e27d296e4a637
0575.jpg,localtourism,5bcde23f-a43f-4e96-9997-295f495c5e6c,Java ~ Borobudur,flickr,VasenkaPhotography,https://www.flickr.com/photos/40774255@N07/6597943967,https://live.staticflickr.com/7173/6597943967_617a509198_b.jpg,by,2.0,https://creativecommons.org/licenses/by/2.0/,Borobudur,1024,768,768,576,76.639,c5631de7bf5943ef66ccc4a0d2d7c649ea24b3ba
0576.jpg,localtourism,2addc306-5fa8-4725-830f-1da4eb9745da,Java ~ Borobudur,flickr,VasenkaPhotography,https://www.flickr.com/photos/40774255@N07/6597861389,https://live.staticflickr.com/7011/6597861389_cb2cbe8b2e_b.jpg,by,2.0,https://creativecommons.org/licenses/by/2.0/,Borobudur,1024,768,768,576,85.042,5ae518373f4e41fc6c6075bc208be4d17333e5fd
0577.jpg,localtourism,5603950f-b61c-42a4-b7e3-82e23e10467f,borobudur,flickr,Hernan Irastorza,https://www.flickr.com/photos/34422126@N05/17037414003,https://live.staticflickr.com/5465/17037414003_37eaf65c30_b.jpg,by,2.0,https://creativecommons.org/licenses/by/2.0/,Borobudur,1024,355,768,266,78.744,a7ab1de4eb04f5339c094d51a14643d5ba9f1267
0578.jpg,localtourism,b6ea24af-1c39-4247-83ea-cd9cd3525ac7,Borobudur,flickr,jmhullot,https://www.flickr.com/photos/32856635@N00/3866889346,https://live.staticflickr.com/2537/3866889346_c4cd860230_b.jpg,by-sa,2.0,https://creativecommons.org/licenses/by-sa/2.0/,Borobudur,1024,683,768,512,24.643,3b35d186cb9788e633e46c2a28cd53048ea0506a
0579.jpg,localtourism,cb6da2b9-737d-4976-ae88-ec89277b5ba5,"Borobudur, Java",flickr,Jeda Villa Bali,https://www.flickr.com/photos/53779476@N08/5000240419,https://live.staticflickr.com/4103/5000240419_ac3b123fed_b.jpg,by,2.0,https://creativecommons.org/licenses/by/2.0/,Borobudur,1024,680,768,510,88.456,f22d05279750d657e1dee63e7f864401540f147d
0580.jpg,localtourism,a7bd06e6-96eb-4029-98be-8feac528a029,Java ~ Borobudur,flickr,VasenkaPhotography,https://www.flickr.com/photos/40774255@N07/6219154037,https://live.staticflickr.com/6175/6219154037_f752128c84_b.jpg,by,2.0,https://creativecommons.org/licenses/by/2.0/,Borobudur,768,1024,576,768,47.536,1829fc1e28e813bde8566808eada75fddb8b6b20
0584.jpg,localtourism,2dfdcaf2-750f-419c-8744-0608b9ade984,COLLECTIE TROPENMUSEUM Bas-reliëf op de Borobudur TMnr 10027564,wikimedia,Dr. W.G.N. (Wicher Gosen Nicolaas) van der Sleen (Fotograaf/photographer).,https://commons.wikimedia.org/w/index.php?curid=8597001,https://upload.wikimedia.org/wikipedia/commons/2/28/COLLECTIE_TROPENMUSEUM_Bas-reli%C3%ABf_op_de_Borobudur_TMnr_10027564.jpg,by-sa,3.0,https://creativecommons.org/licenses/by-sa/3.0/,Borobudur,700,506,700,506,52.371,a69f022be36f7d81ae6e6eb36df27ac30d52ac40
0588.jpg,localtourism,95fae56c-ca28-45a2-bf41-4b4ec586a553,Java ~ Borobudur,flickr,VasenkaPhotography,https://www.flickr.com/photos/40774255@N07/6598035999,https://live.staticflickr.com/7166/6598035999_49c4b4f50b_b.jpg,by,2.0,https://creativecommons.org/licenses/by/2.0/,Borobudur,768,1024,576,768,24.401,5fb192d5015a3cb1eb87a7b86ea06f364474fa6a
0589.jpg,localtourism,4d1cb25b-af69-4130-8465-790246f5b622,Java ~ Borobudur,flickr,VasenkaPhotography,https://www.flickr.com/photos/40774255@N07/6597962685,https://live.staticflickr.com/7009/6597962685_ce5e570a9c_b.jpg,by,2.0,https://creativecommons.org/licenses/by/2.0/,Borobudur,1024,768,768,576,75.156,830a3ee75b65cb6ed59a082d15dd928aa59d26ed
0590.jpg,localtourism,27168d1c-8edf-40be-af43-15592b8215e5,Java ~ Borobudur,flickr,VasenkaPhotography,https://www.flickr.com/photos/40774255@N07/6597924719,https://live.staticflickr.com/7144/6597924719_1083627f79_b.jpg,by,2.0,https://creativecommons.org/licenses/by/2.0/,Borobudur,1024,768,768,576,80.168,3dd22d32c3ef74d67908611d82c6525d698ad247
0591.jpg,localtourism,3c7bcd66-bded-42c1-a932-0b8be42e7c1b,Java ~ Borobudur,flickr,VasenkaPhotography,https://www.flickr.com/photos/40774255@N07/6219154045,https://live.staticflickr.com/6219/6219154045_b3437123d7_b.jpg,by,2.0,https://creativecommons.org/licenses/by/2.0/,Borobudur,1024,768,768,576,49.433,91bb2ef8972014c07588afe154139409b66fc986
0592.jpg,localtourism,88df0bfb-7154-4865-8d0d-425ff1b0f25d,Java ~ Borobudur,flickr,VasenkaPhotography,https://www.flickr.com/photos/40774255@N07/6597915413,https://live.staticflickr.com/7158/6597915413_bdae835c99_b.jpg,by,2.0,https://creativecommons.org/licenses/by/2.0/,Borobudur,1024,768,768,576,49.835,d23fe9664631ee1f29e7d83f00fd8fd8656c4a4b
0593.jpg,localtourism,569abcff-7171-4d29-a9ba-a1d0a4686a1f,Java ~ Borobudur,flickr,VasenkaPhotography,https://www.flickr.com/photos/40774255@N07/6598023191,https://live.staticflickr.com/7029/6598023191_4b4c17795e_b.jpg,by,2.0,https://creativecommons.org/licenses/by/2.0/,Borobudur,1024,768,768,576,53.416,a04623525750e85911b91c6276a151bf70a6152e
0594.jpg,localtourism,e6f1a6aa-88e5-4229-a784-6b2cd0b670a8,Borobudur temple @ night,flickr,j3ffm4n,https://www.flickr.com/photos/39017080@N07/7156324372,https://live.staticflickr.com/7072/7156324372_7baa72412b.jpg,by,2.0,https://creativecommons.org/licenses/by/2.0/,Borobudur,500,500,500,500,40.377,af1bf02f778e952b6bb5f57578a9fa9ce8f10ad8
0595.jpg,localtourism,e37c7818-f03c-4848-bf97-87c8c1a0af70,Java ~ Borobudur,flickr,VasenkaPhotography,https://www.flickr.com/photos/40774255@N07/6598020753,https://live.staticflickr.com/7162/6598020753_49c0aabefb_b.jpg,by,2.0,https://creativecommons.org/licenses/by/2.0/,Borobudur,768,1024,576,768,27.033,34d6b9bfea6d56b17f2cf83530deb75a18e4dfb6
0596.jpg,localtourism,ff5af1f8-296a-41c1-b650-a828246482ff,Borobudur,flickr,Hernan Irastorza,https://www.flickr.com/photos/34422126@N05/17080769021,https://live.staticflickr.com/8772/17080769021_b2442de3c1_b.jpg,by,2.0,https://creativecommons.org/licenses/by/2.0/,Borobudur,1024,431,768,323,48.246,249bf60700a5deef3cbacad20d48aa9d2890bfc5
0597.jpg,localtourism,b265145a-3314-4854-9617-f05b95e5a7bd,DSC00096/Java Centre/ Borobudur/Stupas and Temple,flickr,dany13,https://www.flickr.com/photos/11493299@N00/6219572675,https://live.staticflickr.com/6214/6219572675_eb85018661_b.jpg,by,2.0,https://creativecommons.org/licenses/by/2.0/,Borobudur,1024,683,768,512,60.528,e5e1f4ba9599f7b2081d407c5bb0751e241bbd19
0598.jpg,localtourism,bac4b742-8868-4173-85d0-73efad6e962a,Java ~ Borobudur,flickr,VasenkaPhotography,https://www.flickr.com/photos/40774255@N07/6597879093,https://live.staticflickr.com/7158/6597879093_09a6acb128_b.jpg,by,2.0,https://creativecommons.org/licenses/by/2.0/,Borobudur,1024,768,768,576,54.42,4d104670d6339df9267b310e8df1aab6dad0b813
0599.jpg,localtourism,b7381ee1-e964-4aec-9aa3-7b817dc2f142,Borobudur,flickr,Tokuriki,https://www.flickr.com/photos/59722994@N00/52712211,https://live.staticflickr.com/27/52712211_578b802af7.jpg,by,2.0,https://creativecommons.org/licenses/by/2.0/,Borobudur,500,323,500,323,31.031,c9c0c067bfa4e151c276f56a08d9953b9c398c3f
0601.jpg,localtourism,4d54e843-c6a6-4271-9852-f11410ab6076,Borobudur,flickr,Tokuriki,https://www.flickr.com/photos/59722994@N00/52712201,https://live.staticflickr.com/33/52712201_e8eff2026f.jpg,by,2.0,https://creativecommons.org/licenses/by/2.0/,Borobudur,327,500,327,500,21.466,865cc1a61591ccf45f7e301315863eb9d2a5f29f
0600.jpg,localtourism,c4774e48-bce2-4c76-bbe0-f7a77332c9e9,Borobudur,flickr,zhaffsky,https://www.flickr.com/photos/94636189@N00/2894223389,https://live.staticflickr.com/3218/2894223389_5084c5dfc4_b.jpg,by-sa,2.0,https://creativecommons.org/licenses/by-sa/2.0/,Borobudur,1024,768,768,576,57.958,6e9b016bb42bb161440e9f42d069c70f24e683c9
0604.jpg,localtourism,e0cfb31a-4e39-47ee-a10d-cececcb904e9,Java ~ Borobudur,flickr,VasenkaPhotography,https://www.flickr.com/photos/40774255@N07/6597984553,https://live.staticflickr.com/7152/6597984553_9ef2c22860_b.jpg,by,2.0,https://creativecommons.org/licenses/by/2.0/,Borobudur,1024,768,768,576,53.299,2d3cc6985ce43d9481f6e7cded2596f294909952
0605.jpg,localtourism,7fb895bb-b26b-48bc-b71d-8dcc328eba24,Java ~ Borobudur,flickr,VasenkaPhotography,https://www.flickr.com/photos/40774255@N07/6219154047,https://live.staticflickr.com/6118/6219154047_73934dcf2f_b.jpg,by,2.0,https://creativecommons.org/licenses/by/2.0/,Borobudur,1024,768,768,576,59.492,987bbb87d09f553720bcaf694525d29c342ba52b
0606.jpg,localtourism,77b13a00-68d7-40a1-9bd4-a9d773ba4aa1,Java ~ Borobudur,flickr,VasenkaPhotography,https://www.flickr.com/photos/40774255@N07/6219127307,https://live.staticflickr.com/6104/6219127307_ce560ea9ab_b.jpg,by,2.0,https://creativecommons.org/licenses/by/2.0/,Borobudur,1024,768,768,576,71.931,47f391d0de9f37f9a6139a41379307e8a00fee6b
0607.jpg,localtourism,f102e142-5585-4ec6-a77c-8c16c4725f63,Candi Borobudur,flickr,Yan Arief,https://www.flickr.com/photos/8360434@N06/503197291,https://live.staticflickr.com/212/503197291_8dd9f4f658.jpg,by-sa,2.0,https://creativecommons.org/licenses/by-sa/2.0/,Borobudur,361,480,361,480,70.627,809001b2d422e3bf3055267603a9d5c8b2d85b57
0608.jpg,localtourism,4df5818d-d78a-4608-a0a1-8e3059f278f0,Java ~ Borobudur,flickr,VasenkaPhotography,https://www.flickr.com/photos/40774255@N07/6221883843,https://live.staticflickr.com/6158/6221883843_44b9dfc34c_b.jpg,by,2.0,https://creativecommons.org/licenses/by/2.0/,Borobudur,1024,478,768,359,52.927,c32895832e5c88a91e3f21b8c0d4b0c299e62e26
0609.jpg,localtourism,4f64772a-4be4-4a6b-a544-492da0d060d0,Java ~ Borobudur,flickr,VasenkaPhotography,https://www.flickr.com/photos/40774255@N07/6598004769,https://live.staticflickr.com/7175/6598004769_5d4a212674_b.jpg,by,2.0,https://creativecommons.org/licenses/by/2.0/,Borobudur,1024,768,768,576,26.331,ef30fdc6624c770ec2ff6d8166959d1a4432dd7b
0610.jpg,localtourism,a039ec1b-9c12-4321-be7c-d097991ef74e,Java ~ Borobudur,flickr,VasenkaPhotography,https://www.flickr.com/photos/40774255@N07/6598018301,https://live.staticflickr.com/7174/6598018301_bd9c1cebaa_b.jpg,by,2.0,https://creativecommons.org/licenses/by/2.0/,Borobudur,1024,768,768,576,56.015,77cd33c6ac7688d295b1b2b741ddc96ded713c58
0612.jpg,localtourism,01800e28-db20-4941-a6d3-cce5518f3796,Java ~ Borobudur,flickr,VasenkaPhotography,https://www.flickr.com/photos/40774255@N07/6597894145,https://live.staticflickr.com/7031/6597894145_33a757666c_b.jpg,by,2.0,https://creativecommons.org/licenses/by/2.0/,Borobudur,1024,768,768,576,46.968,ab1f380ccca3977f3265bf4ae0f72a189fcf7305
0611.jpg,localtourism,65c8d9f2-4172-43eb-900f-d1e5403c8d20,Java ~ Borobudur,flickr,VasenkaPhotography,https://www.flickr.com/photos/40774255@N07/6598010249,https://live.staticflickr.com/7174/6598010249_24162f20e0_b.jpg,by,2.0,https://creativecommons.org/licenses/by/2.0/,Borobudur,768,1024,576,768,66.451,4148083894548a4b187e3fb008e06579ce243372
0613.jpg,localtourism,3b0db201-2e5c-4f76-8dc5-ce72c2bf5d66,Java ~ Borobudur,flickr,VasenkaPhotography,https://www.flickr.com/photos/40774255@N07/6597895937,https://live.staticflickr.com/7034/6597895937_759715a96d_b.jpg,by,2.0,https://creativecommons.org/licenses/by/2.0/,Borobudur,768,1024,576,768,65.392,44d95eab7d254fe713884a91c93e6affcebcbdae
0615.jpg,localtourism,908568d2-a68b-4f2b-bb94-eea4b6370768,Java ~ Borobudur,flickr,VasenkaPhotography,https://www.flickr.com/photos/40774255@N07/6597797785,https://live.staticflickr.com/7141/6597797785_459807927f_b.jpg,by,2.0,https://creativecommons.org/licenses/by/2.0/,Borobudur,1024,768,768,576,56.855,b8f6f3c9996b74f4b31c684528aa1f245779a145
0614.jpg,localtourism,cf1d5e81-a0bf-44d3-8418-5e4816755170,Java ~ Borobudur,flickr,VasenkaPhotography,https://www.flickr.com/photos/40774255@N07/6598033305,https://live.staticflickr.com/7160/6598033305_4f43a5df8e_b.jpg,by,2.0,https://creativecommons.org/licenses/by/2.0/,Borobudur,1024,768,768,576,38.043,3e0499c2681cbb6d51f16257b40ca740d17794cd
0616.jpg,localtourism,a863fa9f-c275-4244-b69f-caf00ca3c0a4,Java ~ Borobudur,flickr,VasenkaPhotography,https://www.flickr.com/photos/40774255@N07/6597965277,https://live.staticflickr.com/7163/6597965277_feaff9fd9b_b.jpg,by,2.0,https://creativecommons.org/licenses/by/2.0/,Borobudur,1024,768,768,576,74.663,522b29cb98c6be9f279844aa84e97a4571be6022
0617.jpg,localtourism,a9cf9a7b-9b5b-4ed3-abfb-e3f63fc7ebe6,Java ~ Borobudur,flickr,VasenkaPhotography,https://www.flickr.com/photos/40774255@N07/6597813541,https://live.staticflickr.com/7007/6597813541_3ca74d7f30_b.jpg,by,2.0,https://creativecommons.org/licenses/by/2.0/,Borobudur,1024,768,768,576,62.658,38db6e0f16409d5f923d6971721a550a36f7ae8e
0619.jpg,localtourism,3e7eb4b0-6930-4889-a8ce-3ff5e49a2c67,Java ~ Borobudur,flickr,VasenkaPhotography,https://www.flickr.com/photos/40774255@N07/6597902637,https://live.staticflickr.com/7151/6597902637_d8680561cd_b.jpg,by,2.0,https://creativecommons.org/licenses/by/2.0/,Borobudur,1024,768,768,576,59.752,07b03e0a3a021bab603542e368adf6fb134e34f4
0618.jpg,localtourism,2c9675ef-3b74-434a-90f9-a43557bc48cc,Java ~ Borobudur,flickr,VasenkaPhotography,https://www.flickr.com/photos/40774255@N07/6597967133,https://live.staticflickr.com/7023/6597967133_957b1bfc65_b.jpg,by,2.0,https://creativecommons.org/licenses/by/2.0/,Borobudur,1024,768,768,576,70.394,da88762081486ea9a79347a9f3d8bc416a43853f
0620.jpg,localtourism,e738ef86-9fc9-47ba-8366-5ca46b6c9f44,Java ~ Borobudur,flickr,VasenkaPhotography,https://www.flickr.com/photos/40774255@N07/6598025861,https://live.staticflickr.com/7154/6598025861_7b1fc64cc1_b.jpg,by,2.0,https://creativecommons.org/licenses/by/2.0/,Borobudur,1024,768,768,576,57.593,b66b61d6d379c5925d094f9a0c460ab5e49634da
0623.jpg,localtourism,9f7b5f17-e98f-47cf-9745-7a61c0b0693f,Java ~ Borobudur,flickr,VasenkaPhotography,https://www.flickr.com/photos/40774255@N07/6597999033,https://live.staticflickr.com/7022/6597999033_9bdcaae290_b.jpg,by,2.0,https://creativecommons.org/licenses/by/2.0/,Borobudur,1024,768,768,576,70.654,138c50817ff4ad1490b1b8fc01319425ac7bfaee
0624.jpg,localtourism,d424a25d-24da-435a-aa39-94ae9fd1f58c,Java ~ Borobudur,flickr,VasenkaPhotography,https://www.flickr.com/photos/40774255@N07/6597951507,https://live.staticflickr.com/7017/6597951507_5026313db2_b.jpg,by,2.0,https://creativecommons.org/licenses/by/2.0/,Borobudur,1024,768,768,576,76.357,90a5dff8d3cbde840998aea024fca456b9b74284
0625.jpg,localtourism,01c49d38-9e4b-4f81-ad32-91d091d082ee,Java ~ Borobudur,flickr,VasenkaPhotography,https://www.flickr.com/photos/40774255@N07/6598012145,https://live.staticflickr.com/7172/6598012145_8eebc1dbb3_b.jpg,by,2.0,https://creativecommons.org/licenses/by/2.0/,Borobudur,768,1024,576,768,67.102,3b6be5356c90f0a89bd8995c03b0d348521a8261
0626.jpg,localtourism,cca682e8-1986-49b4-bf23-4a84c7a89502,Java ~ Borobudur,flickr,VasenkaPhotography,https://www.flickr.com/photos/40774255@N07/6597911593,https://live.staticflickr.com/7002/6597911593_a1bc117b46_b.jpg,by,2.0,https://creativecommons.org/licenses/by/2.0/,Borobudur,768,1024,576,768,62.902,16712b6d2bd5cfa2d5dd1fd8270032c78bcc0727
0627.jpg,localtourism,2f3ee4c7-8bf7-4bbd-b92a-ab54c03a52e4,Java ~ Borobudur,flickr,VasenkaPhotography,https://www.flickr.com/photos/40774255@N07/6598002791,https://live.staticflickr.com/7021/6598002791_6c135737cd_b.jpg,by,2.0,https://creativecommons.org/licenses/by/2.0/,Borobudur,1024,768,768,576,35.975,973448e1861afb10aca8db712e56bb70f33ad39c
0628.jpg,localtourism,b65e4ed6-3a88-4d84-9219-695b392d2ad3,Java ~ Borobudur,flickr,VasenkaPhotography,https://www.flickr.com/photos/40774255@N07/6597988315,https://live.staticflickr.com/7009/6597988315_aa25d1d426_b.jpg,by,2.0,https://creativecommons.org/licenses/by/2.0/,Borobudur,1024,768,768,576,42.361,71d4bdd2936d6195abc43aaba7cc5d4a640a24d7
0629.jpg,localtourism,2bfe5841-18f3-4445-b625-44d63e9047d3,Java ~ Borobudur,flickr,VasenkaPhotography,https://www.flickr.com/photos/40774255@N07/6597825895,https://live.staticflickr.com/7161/6597825895_cce7fa0957_b.jpg,by,2.0,https://creativecommons.org/licenses/by/2.0/,Borobudur,1024,768,768,576,67.686,b3debcdc8cd37a62769170c10fdc7e405161a5b9
0630.jpg,localtourism,025711ac-1f1e-4e00-bc91-9355418d19d7,Java ~ Borobudur,flickr,VasenkaPhotography,https://www.flickr.com/photos/40774255@N07/6597958001,https://live.staticflickr.com/7021/6597958001_7d441ce2ac_b.jpg,by,2.0,https://creativecommons.org/licenses/by/2.0/,Borobudur,1024,768,768,576,76.933,489e5a06cbad6d33eb59727a76093db661b5e0e5
0631.jpg,localtourism,0eba80d2-d462-4a16-b580-55159914c5ed,Java ~ Borobudur,flickr,VasenkaPhotography,https://www.flickr.com/photos/40774255@N07/6597934903,https://live.staticflickr.com/7141/6597934903_ba836a8ef6_b.jpg,by,2.0,https://creativecommons.org/licenses/by/2.0/,Borobudur,1024,768,768,576,61.139,4ef47b9ba7f0226c98d22527ecb678b8834e4d00
0632.jpg,localtourism,653dcaa2-5870-4501-bc58-e1dcf5bb3665,Java ~ Borobudur,flickr,VasenkaPhotography,https://www.flickr.com/photos/40774255@N07/6598014049,https://live.staticflickr.com/7170/6598014049_6fd4ee9f3c_b.jpg,by,2.0,https://creativecommons.org/licenses/by/2.0/,Borobudur,768,1024,576,768,76.775,9ecd9b371143fe5fea402e7ec0fc3692cbf56820
0633.jpg,localtourism,0eb54adb-7a56-447e-8c41-c7c80a5e0d2a,Java ~ Borobudur,flickr,VasenkaPhotography,https://www.flickr.com/photos/40774255@N07/6597878151,https://live.staticflickr.com/7017/6597878151_dfb0609e7b_b.jpg,by,2.0,https://creativecommons.org/licenses/by/2.0/,Borobudur,1024,768,768,576,41.826,fff02069e012251a1eb33dea9236b8a844ea047c
0634.jpg,localtourism,c01514f0-83d5-4b4f-808c-88ac4f477ea0,Java ~ Borobudur,flickr,VasenkaPhotography,https://www.flickr.com/photos/40774255@N07/6597855683,https://live.staticflickr.com/7175/6597855683_8c668d9d13_b.jpg,by,2.0,https://creativecommons.org/licenses/by/2.0/,Borobudur,1024,768,768,576,46.375,1312fb6d746b00bee658341444f2e2dbd051f533
0635.jpg,localtourism,da2f593a-2e7d-41ad-a59c-56394cb0b5c6,Java ~ Borobudur,flickr,VasenkaPhotography,https://www.flickr.com/photos/40774255@N07/6598029693,https://live.staticflickr.com/7005/6598029693_eefb3d01ae_b.jpg,by,2.0,https://creativecommons.org/licenses/by/2.0/,Borobudur,768,1024,576,768,59.858,66be70a4f98e4fe60fc8955e3984ed585d903c32
0636.jpg,localtourism,573100f0-71ad-4bc8-89f4-56d1570a0638,Java ~ Borobudur,flickr,VasenkaPhotography,https://www.flickr.com/photos/40774255@N07/6597898931,https://live.staticflickr.com/7151/6597898931_32ef4349ec_b.jpg,by,2.0,https://creativecommons.org/licenses/by/2.0/,Borobudur,768,1024,576,768,70.538,d9d6fe807514ead4d41314da804c893569108494
0638.jpg,localtourism,b609c471-856c-4e39-8559-f3391c287e10,Java ~ Borobudur,flickr,VasenkaPhotography,https://www.flickr.com/photos/40774255@N07/6597817755,https://live.staticflickr.com/7001/6597817755_63bc90749f_b.jpg,by,2.0,https://creativecommons.org/licenses/by/2.0/,Borobudur,1024,768,768,576,51.503,71b982bb2bd22160d30f9703a1a288249c1d870b
0639.jpg,localtourism,3a7869c3-a979-4c15-a016-4f0bb29e84b9,Mount Merapi from Borobudur,flickr,smagdali,https://www.flickr.com/photos/67474281@N00/8343838293,https://live.staticflickr.com/8502/8343838293_d87e7cd7b9_b.jpg,by,2.0,https://creativecommons.org/licenses/by/2.0/,Borobudur,1024,452,768,339,23.98,5d2caedba58bb0186d49dd09a19f7fc74e4839d2
0637.jpg,localtourism,5d6568d3-bbff-4822-a62a-6c6c7a3b6ce4,Java ~ Borobudur,flickr,VasenkaPhotography,https://www.flickr.com/photos/40774255@N07/6597967993,https://live.staticflickr.com/7001/6597967993_18fc246fb4_b.jpg,by,2.0,https://creativecommons.org/licenses/by/2.0/,Borobudur,768,1024,576,768,55.36,3fc3f31b216edd09098db7b7d348802eb34938c9
0640.jpg,localtourism,f9b02aec-13e8-4268-9d11-3964cc01c92c,"Borobudur, in orange.",flickr,F H Mira,https://www.flickr.com/photos/25894583@N08/3718696986,https://live.staticflickr.com/2445/3718696986_305b9c1ca6_b.jpg,by-sa,2.0,https://creativecommons.org/licenses/by-sa/2.0/,Borobudur,1024,768,768,576,20.28,be54d08b075f596aaa0b3a74ff47780417da5336
0641.jpg,localtourism,22dcc980-296a-4bc9-9816-b6c86e208951,Borobudur,flickr,Tokuriki,https://www.flickr.com/photos/59722994@N00/52712118,https://live.staticflickr.com/25/52712118_71fb61d6da.jpg,by,2.0,https://creativecommons.org/licenses/by/2.0/,Borobudur,500,323,500,323,16.41,22514d41881394b2a57c119d1cc4c7179e8ebfd0
0642.jpg,localtourism,5d7a2b14-1e55-47b4-8188-d95ff9a2eae8,Borobudur ~ Java,flickr,VasenkaPhotography,https://www.flickr.com/photos/40774255@N07/6244758033,https://live.staticflickr.com/6155/6244758033_a1940905dd_b.jpg,by,2.0,https://creativecommons.org/licenses/by/2.0/,Borobudur,1024,768,768,576,41.954,dcd6d942d63cc177d6fba71e8a0f39e87c50de11
0644.jpg,localtourism,4894830c-094f-4f63-895e-eec71f073eb6,Borobudur,flickr,kamsky,https://www.flickr.com/photos/38872730@N00/8140053639,https://live.staticflickr.com/8464/8140053639_66f249b0c3_b.jpg,by,2.0,https://creativecommons.org/licenses/by/2.0/,Borobudur,1024,576,768,432,47.522,c98d31ccab24b7cf82f39e38637fd93d4ca22cf1
0643.jpg,localtourism,654a95fc-0827-4a1a-b1ae-823f3ae1ac3d,Java ~ Borobudur,flickr,VasenkaPhotography,https://www.flickr.com/photos/40774255@N07/6219127331,https://live.staticflickr.com/6238/6219127331_9d3f02f73b_b.jpg,by,2.0,https://creativecommons.org/licenses/by/2.0/,Borobudur,1024,768,768,576,44.371,20f0757f55b72549d0f6dee85ec25e997aa293fe
0645.jpg,localtourism,30b36c8c-0ab8-49ce-af9b-fbbda06a70c7,Java ~ Borobudur,flickr,VasenkaPhotography,https://www.flickr.com/photos/40774255@N07/6107645219,https://live.staticflickr.com/6088/6107645219_04c4e9b70d_b.jpg,by,2.0,https://creativecommons.org/licenses/by/2.0/,Borobudur,1024,768,768,576,67.686,e23f244cfc37811e05823eb81d3213a5fd23d698
0647.jpg,localtourism,37c38c7d-0688-4339-a775-592fb389f004,"Borobudur Temple #34 rank by Howard Hillman but still #1 by me, photographed by JavaTourism.com",flickr,java tourism,https://www.flickr.com/photos/22371164@N02/2193408500,https://live.staticflickr.com/2319/2193408500_7da03eb306.jpg,by,2.0,https://creativecommons.org/licenses/by/2.0/,Borobudur temple,500,375,500,375,70.321,25bc58f0b8b33daecf972793fb5183deb234c5b4
0648.jpg,localtourism,9ff35743-8c0e-4561-b544-cc69632ca523,Borobudur temple 07,flickr,T100Timlen,https://www.flickr.com/photos/21438119@N07/5066056063,https://live.staticflickr.com/4109/5066056063_81a671c785_b.jpg,by,2.0,https://creativecommons.org/licenses/by/2.0/,Borobudur temple,1024,768,768,576,74.572,ab45fa7812fc19f0a721c0d1556b2ff748091a40
0649.jpg,localtourism,7028efaa-10e0-4555-88e5-2af146b01352,"Borobudur Temple was built on 760AD, photographed by JavaTourism.com",flickr,java tourism,https://www.flickr.com/photos/22371164@N02/2193410234,https://live.staticflickr.com/2368/2193410234_c07eaf1430.jpg,by,2.0,https://creativecommons.org/licenses/by/2.0/,Borobudur temple,500,375,500,375,90.877,a4ccaf9de129d3ef6107cc00f8975a0df070822c
0650.jpg,localtourism,5404d078-a8af-464d-bafc-a68b83f60854,Borobudur temple 06,flickr,T100Timlen,https://www.flickr.com/photos/21438119@N07/5066056721,https://live.staticflickr.com/4106/5066056721_6aba1e2016_b.jpg,by,2.0,https://creativecommons.org/licenses/by/2.0/,Borobudur temple,1024,768,768,576,62.777,947ab40bb1b4a935c2b235c1ab2c9925493ff2cf
0652.jpg,localtourism,b2e34279-3da9-48ee-9f52-67cd3e6b70fb,"Sunrise at Borobudur temple near Yogyakarta. Java, Indonesia.",flickr,www.tiket2.com,https://www.flickr.com/photos/61713368@N07/49325702508,https://live.staticflickr.com/65535/49325702508_30c6d99a76_b.jpg,by,2.0,https://creativecommons.org/licenses/by/2.0/,Borobudur temple,1024,683,768,512,16.519,1f511c9ddd2c79879ff91056bd5561552a7a34e5
0651.jpg,localtourism,d7a132b0-abc4-4e7c-ab2d-f17717678666,Borobudur Temple,flickr,frankdouwes,https://www.flickr.com/photos/26209626@N05/14848157458,https://live.staticflickr.com/5595/14848157458_147016f287_b.jpg,by,2.0,https://creativecommons.org/licenses/by/2.0/,Borobudur temple,1023,682,768,512,31.039,d5cb180ecc5f13a03db23f072016553a07884e84
0656.jpg,localtourism,be782eb0-15d7-488f-a539-957767aee9d2,The Borobudur temple,flickr,Francisco Anzola,https://www.flickr.com/photos/10345599@N03/49051757773,https://live.staticflickr.com/65535/49051757773_d1e2f73fcd_b.jpg,by,2.0,https://creativecommons.org/licenses/by/2.0/,Borobudur temple,1024,681,768,511,47.969,1bbfef7c651a85328f2ed8e3a85d69b41f40a592
0657.jpg,localtourism,548b88a5-a6a1-4f68-9d9b-006b975acc0a,Borobudur Temple,flickr,FabrizioBarbieri,https://www.flickr.com/photos/8108051@N02/30790637656,https://live.staticflickr.com/5746/30790637656_d9e01e7782_b.jpg,by,2.0,https://creativecommons.org/licenses/by/2.0/,Borobudur temple,681,1024,511,768,33.648,dce3c0737539d060dec320092460d8dd0cf35939
0658.jpg,localtourism,532fd099-5f1a-4d39-b87e-e921527bafe7,"Sunrise in Borobudur Temple, Indonesia",flickr,sutrebor,https://www.flickr.com/photos/56197195@N03/5228707694,https://live.staticflickr.com/5166/5228707694_27daa59107_b.jpg,by-sa,2.0,https://creativecommons.org/licenses/by-sa/2.0/,Borobudur temple,1024,768,768,576,16.467,71a8a9060c378893dc9ffdb5d99d60bbd4206d03
0660.jpg,localtourism,a47fb125-22c5-4562-aa72-9f46f5a04d9a,Borobudur Temple,flickr,Schristia,https://www.flickr.com/photos/12054060@N04/30816162106,https://live.staticflickr.com/5694/30816162106_6df003b351_b.jpg,by-sa,2.0,https://creativecommons.org/licenses/by-sa/2.0/,Borobudur temple,1024,512,768,384,58.058,392419c3a2f6a4a0597fc06aceb29830143eb047
0663.jpg,localtourism,2906f29b-c222-4b40-86d5-39647ed122ae,"Vesak lantern ceremony in Borobudur temple in Java, Indonesia",flickr,www.tiket2.com,https://www.flickr.com/photos/61713368@N07/49326399587,https://live.staticflickr.com/65535/49326399587_54c52f8f08_b.jpg,by,2.0,https://creativecommons.org/licenses/by/2.0/,Borobudur temple,1023,719,768,540,36.232,6918876c89c90aa160c54bcf186fa8241531d17f
0664.jpg,localtourism,5f0dfe1b-b85c-441e-9549-0f47d407b0bb,Borobudur Temple,flickr,tazlambert,https://www.flickr.com/photos/59484913@N04/5761387959,https://live.staticflickr.com/5301/5761387959_418264b2bb_b.jpg,by-sa,2.0,https://creativecommons.org/licenses/by-sa/2.0/,Borobudur temple,1024,498,768,374,32.106,61d3134c37e44fe1a302c2e553124f2bf0d69e50
0665.jpg,localtourism,59d9b492-425c-41d8-8515-a07931004f8e,Borobudur temple 08,flickr,T100Timlen,https://www.flickr.com/photos/21438119@N07/5066055319,https://live.staticflickr.com/4131/5066055319_8970be0a64_b.jpg,by,2.0,https://creativecommons.org/licenses/by/2.0/,Borobudur temple,1024,768,768,576,64.079,a2044c6daae8a07ed07c45510107b4cdfa41bb1a
0666.jpg,localtourism,4d540e97-3782-44ba-ade9-f69fe1b0440e,The view from the North Western corner of Borobudur Temple,flickr,shankar s.,https://www.flickr.com/photos/77742560@N06/43965292854,https://live.staticflickr.com/1859/43965292854_b23e42f2fd_b.jpg,by,2.0,https://creativecommons.org/licenses/by/2.0/,Borobudur temple,1024,768,768,576,59.626,c9f6bb6c8e6c01264f6a6e1f654e5d7f8ce85f96
0667.jpg,localtourism,46b6798b-29d5-4359-b4eb-d79fa32663bd,Borobudur temple 04,flickr,T100Timlen,https://www.flickr.com/photos/21438119@N07/5066057307,https://live.staticflickr.com/4083/5066057307_5809a7d569_b.jpg,by,2.0,https://creativecommons.org/licenses/by/2.0/,Borobudur temple,1024,894,768,671,36.033,5efcea325d8cb79842c90e539ffa4014e29429e6
0668.jpg,localtourism,71d2393a-1bbc-49a8-9745-6a9dd58dff8d,Borobudur Temple,flickr,frankdouwes,https://www.flickr.com/photos/26209626@N05/14847516247,https://live.staticflickr.com/3856/14847516247_be4a71b5b3_b.jpg,by,2.0,https://creativecommons.org/licenses/by/2.0/,Borobudur temple,1024,732,768,549,43.106,27aea4a487619e366cba69b6cf00cee446177456
0669.jpg,localtourism,6776dba0-1a25-4a74-82d4-a58878452397,Borobudur temple 16,flickr,T100Timlen,https://www.flickr.com/photos/21438119@N07/5066050771,https://live.staticflickr.com/4146/5066050771_2c18801052_b.jpg,by,2.0,https://creativecommons.org/licenses/by/2.0/,Borobudur temple,768,1024,576,768,54.41,439954ae88c002623adcef88caddfa60cbb3b6ca
0670.jpg,localtourism,16743cda-4a49-4b03-96df-a3b550e55389,Borobudur temple 12,flickr,T100Timlen,https://www.flickr.com/photos/21438119@N07/5066664362,https://live.staticflickr.com/4087/5066664362_ce84135f28_b.jpg,by,2.0,https://creativecommons.org/licenses/by/2.0/,Borobudur temple,768,1024,576,768,45.722,038303dc7ef790b86e24b3366a7f1932df989092
0671.jpg,localtourism,fe772c61-c57e-44e0-9d53-ea8adcddc95f,Borobudur temple 12,flickr,T100Timlen,https://www.flickr.com/photos/21438119@N07/5066053501,https://live.staticflickr.com/4127/5066053501_a5c5a751d9_b.jpg,by,2.0,https://creativecommons.org/licenses/by/2.0/,Borobudur temple,1024,768,768,576,50.81,09373631c54e94c3407ef769fd8b4c8c3cad00df
0672.jpg,localtourism,bd411821-dcbb-4caa-b19c-9afdb00e4c8b,Borobudur temple 05,flickr,T100Timlen,https://www.flickr.com/photos/21438119@N07/5066668340,https://live.staticflickr.com/4132/5066668340_87769fb78c_b.jpg,by,2.0,https://creativecommons.org/licenses/by/2.0/,Borobudur temple,1024,768,768,576,63.981,e8fbb68ff6b66e0cbdd6116993078beaa6a0c65e
0673.jpg,localtourism,bd585c9b-b8cc-4030-8ba9-e438eed9b25c,Borobudur temple 11,flickr,T100Timlen,https://www.flickr.com/photos/21438119@N07/5066665050,https://live.staticflickr.com/4126/5066665050_7582bb4f86_b.jpg,by,2.0,https://creativecommons.org/licenses/by/2.0/,Borobudur temple,1024,768,768,576,26.038,86a466a7b03c71df0853992ef85bb8161cb3d53a
0674.jpg,localtourism,281a5b3a-c4e0-4aad-a2ac-27dd9a08fb96,Borobudur temple 10,flickr,T100Timlen,https://www.flickr.com/photos/21438119@N07/5066054093,https://live.staticflickr.com/4133/5066054093_95f8245f15_b.jpg,by,2.0,https://creativecommons.org/licenses/by/2.0/,Borobudur temple,1024,768,768,576,37.552,69f458598e54240f285ff224e17ae338b6136ba5
0675.jpg,localtourism,afc17e93-9a99-42ce-a315-9f9780ae08fb,Borobudur temple 03,flickr,T100Timlen,https://www.flickr.com/photos/21438119@N07/5066668714,https://live.staticflickr.com/4133/5066668714_e5de21fb5b_b.jpg,by,2.0,https://creativecommons.org/licenses/by/2.0/,Borobudur temple,1024,768,768,576,34.691,1823f0e2add0e643d38c7c3afb859add0ccacd96
0676.jpg,localtourism,db819efd-bf28-4420-bf6f-a79209d245d4,"Stuppas at Borobudur temple, Java, Indonesia",flickr,Romain Pontida,https://www.flickr.com/photos/105106606@N05/48965820467,https://live.staticflickr.com/65535/48965820467_f0a3663873_b.jpg,by-sa,2.0,https://creativecommons.org/licenses/by-sa/2.0/,Borobudur temple,1024,682,768,512,42.398,cf75a4371da2335409e0d77e84ba807ae290b3e6
0677.jpg,localtourism,97a0fdcc-252c-4552-9629-464c663b8588,Borobudur temple 01,flickr,T100Timlen,https://www.flickr.com/photos/21438119@N07/5066669194,https://live.staticflickr.com/4112/5066669194_760fa4b76a_b.jpg,by,2.0,https://creativecommons.org/licenses/by/2.0/,Borobudur temple,768,1024,576,768,30.98,03c8565825c8cfa781cd64ab241f036f16c2045f
0678.jpg,localtourism,a10731d8-9d8b-4ab1-8d74-6dbe3b86c801,Borobudur temple 14,flickr,T100Timlen,https://www.flickr.com/photos/21438119@N07/5066051987,https://live.staticflickr.com/4103/5066051987_4eff43d241_b.jpg,by,2.0,https://creativecommons.org/licenses/by/2.0/,Borobudur temple,768,1024,576,768,64.216,b212213cbdc173e4b4a8f87e517964407beefa7d
0679.jpg,localtourism,8516c706-a540-46c4-a9d3-bb8732a33983,Borobudur temple 02,flickr,T100Timlen,https://www.flickr.com/photos/21438119@N07/5066668936,https://live.staticflickr.com/4153/5066668936_43a72f5ce3_b.jpg,by,2.0,https://creativecommons.org/licenses/by/2.0/,Borobudur temple,1024,768,768,576,36.403,4eeb069fc91232b84a996e5b853b10c167381688
0680.jpg,localtourism,3a3a31eb-7cf2-4dee-ab57-b80860ea25a9,Borobudur temple 09,flickr,T100Timlen,https://www.flickr.com/photos/21438119@N07/5066665996,https://live.staticflickr.com/4090/5066665996_4a401bd5ef_b.jpg,by,2.0,https://creativecommons.org/licenses/by/2.0/,Borobudur temple,1024,768,768,576,49.239,3013329dfd050fa4097f7f037cb0f00ae6cefd62
0681.jpg,localtourism,e4cc034f-08c3-4367-8311-678245f77ebe,Borobudur temple,flickr,j3ffm4n,https://www.flickr.com/photos/39017080@N07/7188436802,https://live.staticflickr.com/7231/7188436802_4fbcf30510.jpg,by,2.0,https://creativecommons.org/licenses/by/2.0/,Borobudur temple,500,500,500,500,65.392,27fd8a431372d432e8e11f30ad6b433119b06b23
0682.jpg,localtourism,7809d117-3a38-42d6-8871-1e9b20425c0d,Borobudur temple part,flickr,j3ffm4n,https://www.flickr.com/photos/39017080@N07/7188431144,https://live.staticflickr.com/8159/7188431144_1b538bbfa2.jpg,by,2.0,https://creativecommons.org/licenses/by/2.0/,Borobudur temple,500,500,500,500,44.843,66b7ec03400ffe931c013ffd43824b673b483441
0683.jpg,localtourism,ebdd0d6e-9d12-4352-bf79-9667dc5770b1,Borobudur Temple,flickr,isapisa,https://www.flickr.com/photos/97189192@N00/31090586168,https://live.staticflickr.com/1962/31090586168_09c7ec7d39_b.jpg,by-sa,2.0,https://creativecommons.org/licenses/by-sa/2.0/,Borobudur temple,1024,359,768,269,33.215,ebb5eebb4be56dae181bde6911ccb83712547360
0687.jpg,localtourism,f52a8f79-ec20-41ff-b651-d60d07d386ba,"Borobudur Temple, Indonesia",flickr,sutrebor,https://www.flickr.com/photos/56197195@N03/5228115701,https://live.staticflickr.com/5161/5228115701_3e6756d1a3_b.jpg,by-sa,2.0,https://creativecommons.org/licenses/by-sa/2.0/,Borobudur temple,1024,768,768,576,65.834,e0018e5d54ff600914cebf178e81cc25b940b248
0684.jpg,localtourism,9d9f9efa-d248-4895-adef-9c08db17b43a,Borobudur Temple,flickr,isapisa,https://www.flickr.com/photos/97189192@N00/31090026178,https://live.staticflickr.com/1905/31090026178_2fb83372d8_b.jpg,by-sa,2.0,https://creativecommons.org/licenses/by-sa/2.0/,Borobudur temple,1024,768,768,576,37.612,7a4aeaeb4e2bf1cc984cbf46a04b20bae4d7878b
0686.jpg,localtourism,c26ec684-be6b-49e5-9a78-e7051027a1e1,Borobudur Temple,flickr,CharlieOnTravel,https://www.flickr.com/photos/143738113@N06/38145818756,https://live.staticflickr.com/4499/38145818756_94fe970c32_b.jpg,by,2.0,https://creativecommons.org/licenses/by/2.0/,Borobudur temple,1024,683,768,512,50.646,91afecd0c8cc906a0c356978c5665774d3d58324
0685.jpg,localtourism,a0ea4d41-dd14-494b-b8a9-dd96ba7a454f,Monks At Borobudur Temple,flickr,Schristia,https://www.flickr.com/photos/12054060@N04/27202426342,https://live.staticflickr.com/7442/27202426342_e368015617_b.jpg,by-sa,2.0,https://creativecommons.org/licenses/by-sa/2.0/,Borobudur temple,1024,683,768,512,71.053,5f134e79e7bcf34e4ebaf4a6d953744105b746ec
0693.jpg,localtourism,cd0076b4-fca5-44bc-b8a9-739709aa6a5a,"Borobudur Temple, Indonesia",flickr,rejflinger,https://www.flickr.com/photos/9175090@N05/5121428022,https://live.staticflickr.com/4031/5121428022_570d47de9e_b.jpg,by,2.0,https://creativecommons.org/licenses/by/2.0/,Borobudur temple,1024,686,768,515,48.6,d397eebb0070d53e1a9c270f5758bd2f2b9294e1
0692.jpg,localtourism,dba9d02a-3924-4d5d-b393-9425ab1a5031,"View from Borobudur temple, Java, Indonesia",flickr,Niek van Son,https://www.flickr.com/photos/68123503@N08/29067503052,https://live.staticflickr.com/7490/29067503052_3b4793316b_b.jpg,by,2.0,https://creativecommons.org/licenses/by/2.0/,Borobudur temple,1024,682,768,512,43.508,4fd3a054826646bb941dada8bb9595c9a74fbf7a
0694.jpg,localtourism,943cb96c-91df-4893-9ea6-71404d8719ca,"View from Borobudur temple, Java, Indonesia",flickr,Niek van Son,https://www.flickr.com/photos/68123503@N08/29067479752,https://live.staticflickr.com/8509/29067479752_670c153c99_b.jpg,by,2.0,https://creativecommons.org/licenses/by/2.0/,Borobudur temple,1024,682,768,512,43.503,281b260c7b6326554e67461741a6d670cf01fe6f
0695.jpg,localtourism,58ffab36-3e7c-49fd-8b9d-ad0c85d13718,Borobudur Temple,flickr,CharlieOnTravel,https://www.flickr.com/photos/143738113@N06/38145805026,https://live.staticflickr.com/4571/38145805026_e317fe184b_b.jpg,by,2.0,https://creativecommons.org/licenses/by/2.0/,Borobudur temple,1024,683,768,512,54.914,0e8d4768c96377c03fafbeaa37058c2d9428a1d0
0696.jpg,localtourism,e46266e2-a2d3-46cc-b83d-2c368107aac9,"Borobudur Temple, Indonesia",flickr,rejflinger,https://www.flickr.com/photos/9175090@N05/5120822127,https://live.staticflickr.com/4021/5120822127_4670ca6696_b.jpg,by,2.0,https://creativecommons.org/licenses/by/2.0/,Borobudur temple,1023,685,768,514,45.766,3d756908b10946f7f045483f707bc970d0548b50
0697.jpg,localtourism,2d89a719-bfbe-4d20-ba0d-9f89688aab20,Borobudur Temple,flickr,CharlieOnTravel,https://www.flickr.com/photos/143738113@N06/38145803136,https://live.staticflickr.com/4455/38145803136_fe2f6468e5_b.jpg,by,2.0,https://creativecommons.org/licenses/by/2.0/,Borobudur temple,1024,683,768,512,41.778,9eed0e7c6b8dfc787f5704a8319cd042c182c612
0698.jpg,localtourism,22978b51-ef38-406d-9b17-1602509f0e56,Top of Borobudur Temple,flickr,emilleilmansyah,https://www.flickr.com/photos/147515474@N07/32742642116,https://live.staticflickr.com/307/32742642116_f4c58ef07b_b.jpg,by-sa,2.0,https://creativecommons.org/licenses/by-sa/2.0/,Borobudur temple,1024,768,768,576,37.076,2944646f7c3cf23acc513577bad8634d867e646d
0699.jpg,localtourism,c38a48f4-340e-4185-b43e-3ea144860cde,Borobudur Temple,flickr,CharlieOnTravel,https://www.flickr.com/photos/143738113@N06/37491057774,https://live.staticflickr.com/4501/37491057774_7f1510fa4b_b.jpg,by,2.0,https://creativecommons.org/licenses/by/2.0/,Borobudur temple,1024,683,768,512,53.051,5a7f1b78164496b919995b1fc4a837fd5a0f7346
0700.jpg,localtourism,a31a9a68-3e9e-4e6b-9608-80fadd36b75a,Borobudur Temple,flickr,isapisa,https://www.flickr.com/photos/97189192@N00/31090638128,https://live.staticflickr.com/1930/31090638128_17aefce707_b.jpg,by-sa,2.0,https://creativecommons.org/licenses/by-sa/2.0/,Borobudur temple,768,1024,576,768,27.225,9f46d3774b482a31cd11fed28c4b855f59028e1f
0701.jpg,localtourism,112e0998-fa22-425d-871c-e3e213d4b758,"A buddha inside a stupa at Borobudur temple, Java, Indonesia",flickr,Niek van Son,https://www.flickr.com/photos/68123503@N08/29139925486,https://live.staticflickr.com/8275/29139925486_2ce50c66bf_b.jpg,by,2.0,https://creativecommons.org/licenses/by/2.0/,Borobudur temple,1024,682,768,512,21.683,d7fed4702bf9908df1eca8d4249fe9139b493739
0702.jpg,localtourism,089a7289-d718-4337-8974-2e7fb1d920a1,Borobudur Temple,flickr,isapisa,https://www.flickr.com/photos/97189192@N00/44914923652,https://live.staticflickr.com/1930/44914923652_74861eaa8d_b.jpg,by-sa,2.0,https://creativecommons.org/licenses/by-sa/2.0/,Borobudur temple,1024,768,768,576,15.873,8da1ced60207f13669feaea660aa29a1787f8957
0703.jpg,localtourism,77a46a49-c8b9-4780-a119-076cd6504d50,Borobudur Temple,flickr,isapisa,https://www.flickr.com/photos/97189192@N00/30025780477,https://live.staticflickr.com/1952/30025780477_3c60f2c918_b.jpg,by-sa,2.0,https://creativecommons.org/licenses/by-sa/2.0/,Borobudur temple,1024,768,768,576,21.324,759daf84feb70826a004d28f44cabbe07003627c
0704.jpg,localtourism,0026b1d4-cbd7-439e-9e9f-33474c6924cf,Borobudur Temple,flickr,isapisa,https://www.flickr.com/photos/97189192@N00/44243878834,https://live.staticflickr.com/1941/44243878834_b09403a6eb_b.jpg,by-sa,2.0,https://creativecommons.org/licenses/by-sa/2.0/,Borobudur temple,1024,683,768,512,17.177,c5f4fdab772334bb1c35924d768c5c37b496cc92
0705.jpg,localtourism,1a39082f-1002-4a23-bcd9-c51a2d5d3486,borobudur temple,flickr,MeisMiGoreng,https://www.flickr.com/photos/73199548@N08/8410719970,https://live.staticflickr.com/8375/8410719970_a81e783df3_b.jpg,by,2.0,https://creativecommons.org/licenses/by/2.0/,Borobudur temple,842,1024,631,768,36.238,f1020aeabef5c660b06a8791cfe7290192bd948e
0706.jpg,localtourism,72c0915a-35dd-4c56-a3ae-bd1e60027d13,Borobudur Temple,flickr,isapisa,https://www.flickr.com/photos/97189192@N00/43150768240,https://live.staticflickr.com/1937/43150768240_c572d5b372_b.jpg,by-sa,2.0,https://creativecommons.org/licenses/by-sa/2.0/,Borobudur temple,1024,768,768,576,23.082,fdb0aabb28e389d9ac34e0cc1e5d380b3f8fca9c
0707.jpg,localtourism,92f79172-af3d-48c0-afbe-2c4788f49b88,Borobudur Temple,flickr,isapisa,https://www.flickr.com/photos/97189192@N00/44050958115,https://live.staticflickr.com/1943/44050958115_81655abce3_b.jpg,by-sa,2.0,https://creativecommons.org/licenses/by-sa/2.0/,Borobudur temple,769,1024,577,768,28.107,632ffdc884a1dd83dc9a07c0bf79585cd1c89cec
0708.jpg,localtourism,ff6d5477-d3d1-4d84-b04d-85c79b6658b1,Borobudur Temple,flickr,java tourism,https://www.flickr.com/photos/22371164@N02/3909433222,https://live.staticflickr.com/3645/3909433222_4e6e3f7f3a_b.jpg,by,2.0,https://creativecommons.org/licenses/by/2.0/,Borobudur temple,1024,768,768,576,45.262,4e106dfff83dcb47d514e7908dcbd268a6a8e1b6
0710.jpg,localtourism,66bd25bd-1f33-4156-8a7f-67b03fe5f840,"Borobudur Temple, Indonesia",flickr,rejflinger,https://www.flickr.com/photos/9175090@N05/5121426468,https://live.staticflickr.com/1080/5121426468_b509dc3c6d_b.jpg,by,2.0,https://creativecommons.org/licenses/by/2.0/,Borobudur temple,1023,685,768,514,24.52,88133abdc3c555cacf7fcc46e2235965ee72fca4
0709.jpg,localtourism,cabfb150-7aa8-447e-b367-2e5b69b9bfdf,"Borobudur Temple, Indonesia",flickr,rejflinger,https://www.flickr.com/photos/9175090@N05/5120827445,https://live.staticflickr.com/4069/5120827445_3e47560ce5_b.jpg,by,2.0,https://creativecommons.org/licenses/by/2.0/,Borobudur temple,1024,686,768,515,39.969,352c326c158f410a985233bcda41cccb14fef4df
0711.jpg,localtourism,1a510f46-cbe2-4729-94fd-4572bca07cc6,Borobudur Temple,flickr,isapisa,https://www.flickr.com/photos/97189192@N00/44963498591,https://live.staticflickr.com/1974/44963498591_d80f60afae_b.jpg,by-sa,2.0,https://creativecommons.org/licenses/by-sa/2.0/,Borobudur temple,1024,683,768,512,41.175,a1b745d19ef5e88ac2ffa3e0701d588d2be90914
0712.jpg,localtourism,d895a407-e94a-46b5-92a1-d07fd13c61bf,Borobudur Temple,flickr,sunil_d,https://www.flickr.com/photos/71995934@N04/8102098497,https://live.staticflickr.com/8466/8102098497_ffe2d481f4_b.jpg,by,2.0,https://creativecommons.org/licenses/by/2.0/,Borobudur temple,1023,685,768,514,43.008,69c4a1f6e7965ff20ea8b5a2f850a4946f85f26f
0714.jpg,localtourism,1d940fc8-df0a-4fb9-a465-494c9d7a025b,Borobudur Temple,flickr,isapisa,https://www.flickr.com/photos/97189192@N00/43150054720,https://live.staticflickr.com/1927/43150054720_cc7c41dc74_b.jpg,by-sa,2.0,https://creativecommons.org/licenses/by-sa/2.0/,Borobudur temple,1024,769,768,577,37.092,a0d36a206a6f21b7867561465538c9335e8c6c32
0715.jpg,localtourism,84aef85c-1334-4e76-83eb-62f66c198e78,Borobudur Temple,flickr,CharlieOnTravel,https://www.flickr.com/photos/143738113@N06/37491059304,https://live.staticflickr.com/4478/37491059304_a1cb776453_b.jpg,by,2.0,https://creativecommons.org/licenses/by/2.0/,Borobudur temple,1024,683,768,512,47.437,94e664c54bd9ea5b45f16e16b6c15b093c90b55d
0716.jpg,localtourism,7d6b37e8-b934-41aa-adad-099d588d3d6c,Borobudur Temple,flickr,CharlieOnTravel,https://www.flickr.com/photos/143738113@N06/38170058352,https://live.staticflickr.com/4443/38170058352_48470de941_b.jpg,by,2.0,https://creativecommons.org/licenses/by/2.0/,Borobudur temple,1024,683,768,512,46.428,97181d175492e34cfe4dc7961f5215792648b1d5
0713.jpg,localtourism,50aee6a2-3084-440f-b529-a8da0896b0bf,Borobudur Temple,flickr,isapisa,https://www.flickr.com/photos/97189192@N00/44050958265,https://live.staticflickr.com/1967/44050958265_baf369da6b_b.jpg,by-sa,2.0,https://creativecommons.org/licenses/by-sa/2.0/,Borobudur temple,769,1024,577,768,35.233,5320c38e95ce9c8c3056c597689b837bc7936f5d
0717.jpg,localtourism,743c4002-6eee-4b11-b816-a06e83b198f7,Borobudur Temple,flickr,isapisa,https://www.flickr.com/photos/97189192@N00/44962723941,https://live.staticflickr.com/1949/44962723941_400ea84a71_b.jpg,by-sa,2.0,https://creativecommons.org/licenses/by-sa/2.0/,Borobudur temple,769,1024,577,768,34.494,b492c3e8cf0e3c126fcad5b3f78a2034c72a49d3
0718.jpg,localtourism,92298b5b-ea50-438e-85db-93847baf35da,"Borobudur Temple, Indonesia",flickr,rejflinger,https://www.flickr.com/photos/9175090@N05/5121429180,https://live.staticflickr.com/4031/5121429180_b5c6186f4d_b.jpg,by,2.0,https://creativecommons.org/licenses/by/2.0/,Borobudur temple,1023,685,768,514,41.075,2d596f0e1d9741fbe29a1663b6370cfecabea582
0719.jpg,localtourism,53df8bd4-68b0-47c2-b13f-a6a12a0b5443,Borobudur Temple,flickr,isapisa,https://www.flickr.com/photos/97189192@N00/43150888780,https://live.staticflickr.com/1911/43150888780_e60e4dcec4_b.jpg,by-sa,2.0,https://creativecommons.org/licenses/by-sa/2.0/,Borobudur temple,1024,683,768,512,26.013,fd5f9e9d53f601607c9f2829a9a23dffc4ed7f24
0720.jpg,localtourism,53c23709-43fe-4f82-b97a-4bdc259f5064,Borobudur Temple,flickr,CharlieOnTravel,https://www.flickr.com/photos/143738113@N06/37491052964,https://live.staticflickr.com/4457/37491052964_e384553554_b.jpg,by,2.0,https://creativecommons.org/licenses/by/2.0/,Borobudur temple,1024,683,768,512,48.461,51ad9ed0729b41b8402505f2e5fd4cada370a8a7
0721.jpg,localtourism,8efbc557-1862-4ed4-907c-557ca74e428b,Borobudur Temple,flickr,isapisa,https://www.flickr.com/photos/97189192@N00/43150766640,https://live.staticflickr.com/1930/43150766640_7a0672df5c_b.jpg,by-sa,2.0,https://creativecommons.org/licenses/by-sa/2.0/,Borobudur temple,769,1024,577,768,37.548,36d7f96f1ed3e06cb0ac1e0cc4fc6761da492830
0723.jpg,localtourism,72e4f74f-08f9-4cb7-a3fa-ab50b2e84a64,"Budha, Borobudur temple. #iphonesia #instago #instagood #instagram #instanusantara #igaddict #igmasters #webstagram #statigram #indonesia_photography #photowall #edwinfromnz #magicpict #photooftheday #bestsnaps #bestoftheday #best_ig_photographers #photog",flickr,Dina Kosasih,https://www.flickr.com/photos/47969029@N08/8428628422,https://live.staticflickr.com/8187/8428628422_ef5a40160e.jpg,by,2.0,https://creativecommons.org/licenses/by/2.0/,Borobudur temple,500,500,500,500,66.596,ec6196ed77658b0fbcba4daee7c231914260bd61
0722.jpg,localtourism,bf8f3d3f-939c-4ecb-9bf3-b52a9c26251c,Borobudur Temple,flickr,sunil_d,https://www.flickr.com/photos/71995934@N04/8102112140,https://live.staticflickr.com/8330/8102112140_681430fe43_b.jpg,by,2.0,https://creativecommons.org/licenses/by/2.0/,Borobudur temple,1023,685,768,514,53.064,3fad7fabd772621bf1b9e0c32957411705d715f8
0724.jpg,localtourism,b1a53965-36eb-4206-ae6c-2a6d02343af5,Borobudur Temple,flickr,isapisa,https://www.flickr.com/photos/97189192@N00/31090640508,https://live.staticflickr.com/1927/31090640508_166d903c77_b.jpg,by-sa,2.0,https://creativecommons.org/licenses/by-sa/2.0/,Borobudur temple,768,1024,576,768,57.919,b1a2bb99de419846228d6cbd7dbe59824238581e
0726.jpg,localtourism,64d6f0e8-288a-44ff-9d63-f7ce033ab188,Borobudur Temple,flickr,isapisa,https://www.flickr.com/photos/97189192@N00/44963268511,https://live.staticflickr.com/1944/44963268511_a327b1a212_b.jpg,by-sa,2.0,https://creativecommons.org/licenses/by-sa/2.0/,Borobudur temple,1024,769,768,577,29.012,54fddcbfacc7f8a926e16ab6b27a086cba1beca4
0727.jpg,localtourism,746ea279-0047-4bd8-bce6-41fb994ff14a,BOROBUDUR TEMPLE EAST JAVA INDONESIA APRIL 2010,flickr,THE STEPHEN J MASON PHOTOGRAPHY COLLECTION,https://www.flickr.com/photos/28984065@N04/4595571272,https://live.staticflickr.com/4005/4595571272_cb570ff982_b.jpg,by-sa,2.0,https://creativecommons.org/licenses/by-sa/2.0/,Borobudur temple,1024,768,768,576,54.555,17590655f1fce1c324275cfbf5c1f06209753690
0725.jpg,localtourism,c21771f7-d2cb-4901-833f-4362ce30c518,Borobudur Temple,flickr,isapisa,https://www.flickr.com/photos/97189192@N00/31090661538,https://live.staticflickr.com/1963/31090661538_0dcb56d96e_b.jpg,by-sa,2.0,https://creativecommons.org/licenses/by-sa/2.0/,Borobudur temple,1024,768,768,576,18.313,7804b5069a23001a90e2c74dcb205690e6cb80e4
0728.jpg,localtourism,94490306-ed1d-4c3d-b540-2b788ff440e1,Borobudur Temple,flickr,isapisa,https://www.flickr.com/photos/97189192@N00/44962715531,https://live.staticflickr.com/1913/44962715531_3f215148f4_b.jpg,by-sa,2.0,https://creativecommons.org/licenses/by-sa/2.0/,Borobudur temple,1024,768,768,576,19.62,0fba3d855475c8c92d3142a1351a15394605fb7e
0729.jpg,localtourism,678d02c0-b89f-4aff-bf0a-8ab3d7f42244,Borobudur Temple,flickr,isapisa,https://www.flickr.com/photos/97189192@N00/43150766120,https://live.staticflickr.com/1940/43150766120_5dba5def01_b.jpg,by-sa,2.0,https://creativecommons.org/licenses/by-sa/2.0/,Borobudur temple,1024,769,768,577,41.7,806fd79e310dad0cb3f12740c90e29c64a2776f9
0730.jpg,localtourism,930c0ced-ac37-467b-98e8-db850b9d09ce,Borobudur Temple,flickr,isapisa,https://www.flickr.com/photos/97189192@N00/43150819190,https://live.staticflickr.com/1952/43150819190_267c029044_b.jpg,by-sa,2.0,https://creativecommons.org/licenses/by-sa/2.0/,Borobudur temple,1024,683,768,512,16.698,9516b7e81c947e7cf00d78a90fbb0206de6b8ec0
0732.jpg,localtourism,bc1a26a7-2e68-4129-ad30-c6d0fa571761,Borobudur Temple,flickr,thereadytraveller,https://www.flickr.com/photos/150262163@N06/35299003125,https://live.staticflickr.com/4224/35299003125_c0d2a31c4c_b.jpg,by-sa,2.0,https://creativecommons.org/licenses/by-sa/2.0/,Borobudur temple,1024,768,768,576,22.458,9ccb4bd0f73df933091b11703b672e24c1494182
0731.jpg,localtourism,58360a91-796e-4545-975b-82768a5a567b,Borobudur Temple,flickr,isapisa,https://www.flickr.com/photos/97189192@N00/44243892144,https://live.staticflickr.com/1912/44243892144_7e2ccbd30c_b.jpg,by-sa,2.0,https://creativecommons.org/licenses/by-sa/2.0/,Borobudur temple,1024,683,768,512,26.807,a3cd9f3242bd443cf13adb08c362daf97c795c85
0733.jpg,localtourism,6b082ffa-1b86-43cc-82fc-3c077b5974b2,Borobudur Temple,flickr,CharlieOnTravel,https://www.flickr.com/photos/143738113@N06/38145817096,https://live.staticflickr.com/4494/38145817096_aa8839ce55_b.jpg,by,2.0,https://creativecommons.org/licenses/by/2.0/,Borobudur temple,1024,683,768,512,48.631,53e7a791296e44dd2e6b68ec34d1756a97b77809
0734.jpg,localtourism,34c36751-7e62-4825-8284-c972bb4cb62e,Borobudur Temple,flickr,isapisa,https://www.flickr.com/photos/97189192@N00/44051168055,https://live.staticflickr.com/1964/44051168055_dd41a5dd5a_b.jpg,by-sa,2.0,https://creativecommons.org/licenses/by-sa/2.0/,Borobudur temple,1024,683,768,512,29.737,046b46ad50e6b667ec2734d26392841330fb3494
0736.jpg,localtourism,0f17320d-33ca-4f8b-811d-d78fabb3948a,Borobudur Temple,flickr,isapisa,https://www.flickr.com/photos/97189192@N00/44962725141,https://live.staticflickr.com/1967/44962725141_53385ab3a5_b.jpg,by-sa,2.0,https://creativecommons.org/licenses/by-sa/2.0/,Borobudur temple,1024,768,768,576,33.296,1893194484bac745ddb83389cc1141bd56de19ed
0735.jpg,localtourism,a4bc0f1a-7113-40f1-a57a-b71bf3b30cae,Borobudur Temple,flickr,isapisa,https://www.flickr.com/photos/97189192@N00/30026597337,https://live.staticflickr.com/1945/30026597337_0335f2e4e8_b.jpg,by-sa,2.0,https://creativecommons.org/licenses/by-sa/2.0/,Borobudur temple,1024,683,768,512,68.952,bf034bbe8825cb9a922fd63a322862e10fdafb74
0737.jpg,localtourism,65700e0e-4dd7-4286-bf07-c04fdfccb95c,Stupa at Borobudur Temple,flickr,java tourism,https://www.flickr.com/photos/22371164@N02/3909431494,https://live.staticflickr.com/2647/3909431494_debbc7b9d2_b.jpg,by,2.0,https://creativecommons.org/licenses/by/2.0/,Borobudur temple,768,1024,576,768,40.673,3f15641fc579781f97d7100d20f2cc09af554858
0738.jpg,localtourism,b119a029-17d1-43ce-8d60-6b96e04023cc,Borobudur Temple,flickr,isapisa,https://www.flickr.com/photos/97189192@N00/44915005142,https://live.staticflickr.com/1922/44915005142_cd7cb53ef1_b.jpg,by-sa,2.0,https://creativecommons.org/licenses/by-sa/2.0/,Borobudur temple,769,1024,577,768,35.336,c8f00bf8cf20f81bcc7e95aa944bfb4bbbf915d2
0739.jpg,localtourism,94f64923-32dc-4fc8-b1a2-10190363cff4,Borobudur Temple,flickr,isapisa,https://www.flickr.com/photos/97189192@N00/30026478557,https://live.staticflickr.com/1965/30026478557_5318ef0b1c_b.jpg,by-sa,2.0,https://creativecommons.org/licenses/by-sa/2.0/,Borobudur temple,1024,683,768,512,26.386,937cfff52dbb920050cb769b7510a55f30090850
0740.jpg,localtourism,05a3ca81-1c5c-4fee-b030-aabf9f98c7e7,Borobudur Temple,flickr,flexbox,https://www.flickr.com/photos/49735381@N06/31571676795,https://live.staticflickr.com/506/31571676795_c482ee459f_b.jpg,by,2.0,https://creativecommons.org/licenses/by/2.0/,Borobudur temple,1023,576,768,432,60.877,5cd0deb61c2cff254904ca4683b29e3362ae7d4d
0741.jpg,localtourism,df5a56cb-e24b-43db-9fbf-e1f1caf85fd2,Borobudur Temple,flickr,Allan Henderson,https://www.flickr.com/photos/88019192@N00/30243605511,https://live.staticflickr.com/8570/30243605511_9da61875c9_b.jpg,by,2.0,https://creativecommons.org/licenses/by/2.0/,Borobudur temple,1023,576,768,432,68.346,670124f5b34102ca30bf0d0229953b0faa1599bc
0742.jpg,localtourism,cce42298-63b6-4e8b-889c-8f123b4013de,Borobudur Temple,flickr,isapisa,https://www.flickr.com/photos/97189192@N00/44963275491,https://live.staticflickr.com/1954/44963275491_9e56b967d8_b.jpg,by-sa,2.0,https://creativecommons.org/licenses/by-sa/2.0/,Borobudur temple,1024,769,768,577,42.87,6638c0c5ab3d9e6e5ff8a268b601d17507b17029
0743.jpg,localtourism,5c6d222e-eda3-4522-9260-8e0aeb6a6e22,30 - Borobudur temple Bouddha view,flickr,Birdy Shooter,https://www.flickr.com/photos/135421574@N07/22182318219,https://live.staticflickr.com/5690/22182318219_bcc0329a46_b.jpg,by,2.0,https://creativecommons.org/licenses/by/2.0/,Borobudur temple,768,1024,576,768,66.41,f09433f5e90da2d18144d8f6f0bbe78102f46749
0745.jpg,localtourism,e1e53106-f997-4df2-ac49-aca0ce96e93c,Borobudur Temple,flickr,isapisa,https://www.flickr.com/photos/97189192@N00/44914922782,https://live.staticflickr.com/1973/44914922782_a342941d25_b.jpg,by-sa,2.0,https://creativecommons.org/licenses/by-sa/2.0/,Borobudur temple,768,1024,576,768,25.852,7168b9c50c82b760eb5f5ba0c261b45055e36920
0744.jpg,localtourism,ffc837ee-b776-402f-a3bb-e947a89931fe,Borobudur Temple,flickr,isapisa,https://www.flickr.com/photos/97189192@N00/31090764178,https://live.staticflickr.com/1921/31090764178_6f51cb6430_b.jpg,by-sa,2.0,https://creativecommons.org/licenses/by-sa/2.0/,Borobudur temple,1024,683,768,512,56.669,3729c13ba88c69bf7cb20ef40851f1accdb1cdd6
0746.jpg,localtourism,e0b415bb-17d2-4316-8720-4cdafabca7ba,"Borobudur Temple, Yogyakarta",flickr,BarbicanMan,https://www.flickr.com/photos/25617986@N02/3328043329,https://live.staticflickr.com/3615/3328043329_3bce880d7b_b.jpg,by,2.0,https://creativecommons.org/licenses/by/2.0/,Borobudur temple,1024,768,768,576,77.08,39d1051e9a5118e9be9d416351609eb3f49c6fdc
0747.jpg,localtourism,e391b24d-3608-43e5-b028-84bfb8d32ee3,Borobudur Temple,flickr,isapisa,https://www.flickr.com/photos/97189192@N00/44915005672,https://live.staticflickr.com/1936/44915005672_08f383d062_b.jpg,by-sa,2.0,https://creativecommons.org/licenses/by-sa/2.0/,Borobudur temple,769,1024,577,768,37.382,e49b7fe9a6b8aaf6e737476160523ff4046dba9c
0748.jpg,localtourism,acf32943-6a4b-4ba9-a121-30df9000dd33,Borobudur Temple,flickr,isapisa,https://www.flickr.com/photos/97189192@N00/44243880764,https://live.staticflickr.com/1952/44243880764_128bcdfe77_b.jpg,by-sa,2.0,https://creativecommons.org/licenses/by-sa/2.0/,Borobudur temple,1024,683,768,512,18.482,b3d900009941fe6a4ef2cc6f50d64fe0f8437306
0749.jpg,localtourism,b111db64-6895-4219-bec7-fa5f0fc57326,Borobudur Temple,flickr,ejopued,https://www.flickr.com/photos/98604372@N08/27995846051,https://live.staticflickr.com/7261/27995846051_8a4660fa65_b.jpg,by-sa,2.0,https://creativecommons.org/licenses/by-sa/2.0/,Borobudur temple,1024,768,768,576,23.85,fc4d89555ad3cefe51b051469ac7d7b4a7e1322a
0750.jpg,localtourism,5ab7bd0e-55dc-4efb-a42a-74c025811ff0,Borobudur Temple,flickr,isapisa,https://www.flickr.com/photos/97189192@N00/31090758148,https://live.staticflickr.com/1976/31090758148_fab041687e_b.jpg,by-sa,2.0,https://creativecommons.org/licenses/by-sa/2.0/,Borobudur temple,683,1024,512,768,31.65,e96d5a7ed5fcc159065bbab3bd7b5c2b474bee2f
0751.jpg,localtourism,89881153-6745-471a-851f-04c984066fe6,Borobudur Temple,flickr,isapisa,https://www.flickr.com/photos/97189192@N00/31090760538,https://live.staticflickr.com/1930/31090760538_581d31ae50_b.jpg,by-sa,2.0,https://creativecommons.org/licenses/by-sa/2.0/,Borobudur temple,1024,683,768,512,36.992,1c179fa77632fa75ea64c75799d3e3c6077b5c71
0752.jpg,localtourism,d70c0b64-339d-4a04-8df5-8970521c17cd,Borobudur Temple,flickr,isapisa,https://www.flickr.com/photos/97189192@N00/44243895774,https://live.staticflickr.com/1942/44243895774_bc44cd855e_b.jpg,by-sa,2.0,https://creativecommons.org/licenses/by-sa/2.0/,Borobudur temple,1024,683,768,512,13.586,8f0abe25735e3ff5587717b6ad567ac7df77ec54
0753.jpg,localtourism,4a64df3a-ca17-4eb6-82cc-af04be833195,Borobudur Temple,flickr,isapisa,https://www.flickr.com/photos/97189192@N00/44915177502,https://live.staticflickr.com/1927/44915177502_9db65d1ccb_b.jpg,by-sa,2.0,https://creativecommons.org/licenses/by-sa/2.0/,Borobudur temple,683,1024,512,768,57.599,bb2cafa347d6a1300e4b9341bf61bd41910568d1
0756.jpg,localtourism,43904fa5-d355-473f-984b-5a53618526e5,"Borobudur Temple, Indonesia",flickr,philip.mallis,https://www.flickr.com/photos/122687277@N03/48670195607,https://live.staticflickr.com/65535/48670195607_c942a0a312_b.jpg,by-sa,2.0,https://creativecommons.org/licenses/by-sa/2.0/,Borobudur temple,1024,768,768,576,43.649,5c0bf6f0c48a84f1dd503f821f7eab61fe8ac28f
0757.jpg,localtourism,4fd6093a-642e-4346-8d66-8b25ecd32279,"Buddhist monks praying at Borobudur Temple, Magelang during Vesak day tiket2",flickr,www.tiket2.com,https://www.flickr.com/photos/61713368@N07/51827606698,https://live.staticflickr.com/65535/51827606698_60c05ea4b7_b.jpg,by,2.0,https://creativecommons.org/licenses/by/2.0/,Borobudur temple,709,1023,532,768,50.15,77228f0b6db4cac69f7cf403e7202e27f632a54a
0758.jpg,localtourism,0d5e1ba4-8f65-483c-9d1e-39eb3c24bb0e,"Borobudur Temple, Yogyakarta",flickr,BarbicanMan,https://www.flickr.com/photos/25617986@N02/3328039561,https://live.staticflickr.com/3555/3328039561_f355929c5e_b.jpg,by,2.0,https://creativecommons.org/licenses/by/2.0/,Borobudur temple,1024,768,768,576,46.463,d1d71f04e18477db1ca48c7b83862ef0fb41baeb
0760.jpg,localtourism,89e4fed7-2d09-485e-8b7b-b6dc8d0333c5,Borobudur Temple,flickr,ejopued,https://www.flickr.com/photos/98604372@N08/27995845471,https://live.staticflickr.com/7424/27995845471_cd174025f8_b.jpg,by-sa,2.0,https://creativecommons.org/licenses/by-sa/2.0/,Borobudur temple,1024,768,768,576,53.674,2ed25cee3ba77225f33251bc6d5c81f92889592b
0755.jpg,localtourism,ffa23cf8-da72-4bdf-b142-07f6cbe66445,Borobudur Temple,flickr,isapisa,https://www.flickr.com/photos/97189192@N00/30026597377,https://live.staticflickr.com/1915/30026597377_cf63f564ba_b.jpg,by-sa,2.0,https://creativecommons.org/licenses/by-sa/2.0/,Borobudur temple,683,1024,512,768,69.407,e58852d94ba9cb97179f2bd0ea713576ac4c5004
0754.jpg,localtourism,bc05221a-1ff7-4e10-bf56-e0f15aa79f3b,Borobudur Temple,flickr,ejopued,https://www.flickr.com/photos/98604372@N08/27995845841,https://live.staticflickr.com/7341/27995845841_599698a67d_b.jpg,by-sa,2.0,https://creativecommons.org/licenses/by-sa/2.0/,Borobudur temple,1024,768,768,576,76.178,edd4c4ba4dccb1f6ca00c46ad7d664cbda79b019
0759.jpg,localtourism,0dd0a261-c3f6-48ff-a047-233552e75f11,Borobudur Temple,flickr,ejopued,https://www.flickr.com/photos/98604372@N08/28039191606,https://live.staticflickr.com/7412/28039191606_ddcf5c5216_b.jpg,by-sa,2.0,https://creativecommons.org/licenses/by-sa/2.0/,Borobudur temple,768,1024,576,768,60.243,43b302d5167b7ba07e33a2159d0ea9f97a8346e5
0761.jpg,localtourism,8ec2db5f-6d5b-48eb-8fc0-4a10ed29f0e6,Borobudur Temple,flickr,CharlieOnTravel,https://www.flickr.com/photos/143738113@N06/37491067624,https://live.staticflickr.com/4524/37491067624_20ee57609d_b.jpg,by,2.0,https://creativecommons.org/licenses/by/2.0/,Borobudur temple,1024,683,768,512,43.659,e2a8cb7ef187a4599561ea0de458fc55d1bdde7e
0762.jpg,localtourism,ac657263-6a4e-42f5-a4d1-403f80ff3452,Borobudur Temple,flickr,CharlieOnTravel,https://www.flickr.com/photos/143738113@N06/38145815216,https://live.staticflickr.com/4487/38145815216_11613ff7ca_b.jpg,by,2.0,https://creativecommons.org/licenses/by/2.0/,Borobudur temple,1024,683,768,512,49.875,6a53942e3996fdaaf45c8fa7b4c7e700e8d67697
0763.jpg,localtourism,e6f94a3c-e2a7-489b-a262-14dd72885f99,Borobudur Temple,flickr,CharlieOnTravel,https://www.flickr.com/photos/143738113@N06/37491064334,https://live.staticflickr.com/4482/37491064334_b635b72762_b.jpg,by,2.0,https://creativecommons.org/licenses/by/2.0/,Borobudur temple,1024,683,768,512,49.164,423658f08a729ab6c36668b5ae9939078b0179a2
0764.jpg,localtourism,3d4fc500-f43d-41dc-a47c-856e34edda50,Borobudur Temple,flickr,CharlieOnTravel,https://www.flickr.com/photos/143738113@N06/37491055414,https://live.staticflickr.com/4535/37491055414_feb11ec261_b.jpg,by,2.0,https://creativecommons.org/licenses/by/2.0/,Borobudur temple,1024,683,768,512,46.581,1750ddff0eb6ba8d8bf2e95f78aa783c74a6881c
0767.jpg,localtourism,2f7fd269-66f2-41fb-9476-d802b0c66a3b,Borobudur Temple,flickr,ejopued,https://www.flickr.com/photos/98604372@N08/28039191116,https://live.staticflickr.com/7331/28039191116_07b517b088_b.jpg,by-sa,2.0,https://creativecommons.org/licenses/by-sa/2.0/,Borobudur temple,1024,768,768,576,19.695,83192c176926aa75410ae8d27753627d020a29b4
0766.jpg,localtourism,0f26ed6f-3468-42e1-87c2-d6baf98d4614,Monk and Buddhist's followers praying at the Borobudur temple on Vesak day,flickr,www.tiket2.com,https://www.flickr.com/photos/61713368@N07/51828266755,https://live.staticflickr.com/65535/51828266755_137c86789a_b.jpg,by,2.0,https://creativecommons.org/licenses/by/2.0/,Borobudur temple,748,1024,561,768,65.444,bdde8a025da97a5c8354c82373223d1cfdbab0cd
0765.jpg,localtourism,20aa6d8c-8679-4689-87b6-739d7b69d379,Borobudur Temple,flickr,CharlieOnTravel,https://www.flickr.com/photos/143738113@N06/38170053702,https://live.staticflickr.com/4488/38170053702_38aef6d5a0_b.jpg,by,2.0,https://creativecommons.org/licenses/by/2.0/,Borobudur temple,1024,683,768,512,50.001,cc60b1f7b82b9a79d46ee860c60c029859c2d149
0768.jpg,localtourism,aedbec76-4a31-4b7f-8f87-d1c0554460ef,"Borobudur Temple from the ground, Indonesia",flickr,philip.mallis,https://www.flickr.com/photos/122687277@N03/48670195522,https://live.staticflickr.com/65535/48670195522_f7ed259495_b.jpg,by-sa,2.0,https://creativecommons.org/licenses/by-sa/2.0/,Borobudur temple,1024,768,768,576,27.225,066d5b2f6b455f5e3556b6f1aeb047e0ebb44be8
0769.jpg,localtourism,c6b0b9d9-bd1f-439f-83b4-383675aabb93,Borobudur temple,flickr,Leon Beckert,https://www.flickr.com/photos/195964721@N03/52182993997,https://live.staticflickr.com/65535/52182993997_dac831c99b_b.jpg,by-sa,2.0,https://creativecommons.org/licenses/by-sa/2.0/,Borobudur temple,1024,683,768,512,41.347,16e8e114ead0f630cd0fb413236081617ebdd7e1
0770.jpg,localtourism,7d6a3bf3-c6de-4db3-aeb4-9d0be59d8d15,"Vesak Procession at Borobudur Temple Magelang, Indonesia",flickr,www.tiket2.com,https://www.flickr.com/photos/61713368@N07/51826811302,https://live.staticflickr.com/65535/51826811302_daa63ab957_b.jpg,by,2.0,https://creativecommons.org/licenses/by/2.0/,Borobudur temple,762,1024,571,768,16.278,acaa55f17f92b5337835aeec93fb1a779416e722
0771.jpg,localtourism,1d9aa300-86d5-428f-82e2-bee98265261a,Buddha Borobudur temple,rawpixel,,https://www.rawpixel.com/image/5907104/photo-image-public-domain-art-free,https://images.rawpixel.com/editor_1024/cHJpdmF0ZS9zdGF0aWMvaW1hZ2Uvd2Vic2l0ZS8yMDIyLTA0L2xyL3B4NjUyMjc1LWltYWdlLWt3dnY5bm53LmpwZw.jpg,cc0,1.0,https://creativecommons.org/publicdomain/zero/1.0/,Borobudur temple,1024,728,768,546,37.638,e4730b6c03d00829e59cb88821be829a99c280ac
0811.jpg,localtourism,e1b1e857-1124-4dd8-8b38-f4223c039f3f,Each House Is A Temple (DSC8097_8_9),flickr,Schristia,https://www.flickr.com/photos/12054060@N04/14929615663,https://live.staticflickr.com/5616/14929615663_f3688f95ca_b.jpg,by-sa,2.0,https://creativecommons.org/licenses/by-sa/2.0/,Borobudur temple,1000,664,768,510,62.034,4912efe9b5949741d1449ca6b2df8bc35d64e49d
0812.jpg,localtourism,d7f0d731-0005-4531-911d-c97d2f484c96,File:Borobudur Temple.jpg,wikimedia,22Kartika,https://commons.wikimedia.org/w/index.php?curid=27781445,https://upload.wikimedia.org/wikipedia/commons/7/73/Borobudur_Temple.jpg,by-sa,3.0,https://creativecommons.org/licenses/by-sa/3.0/,Borobudur temple,2144,1608,768,576,47.555,a9f53036413e42676dea06d67580a399547c8462
0814.jpg,localtourism,4a9b8505-850c-4a45-8315-b2d6603cf88c,Mexico-6027 - Good-bye Chichen Itza,flickr,archer10 (Dennis),https://www.flickr.com/photos/22490717@N02/4654577066,https://live.staticflickr.com/4070/4654577066_3366526fcf_b.jpg,by-sa,2.0,https://creativecommons.org/licenses/by-sa/2.0/,Borobudur temple,1024,680,768,510,74.728,8ff0560a1a0e7d97bd10de2e576aca91431b8a44
0818.jpg,localtourism,a3ed95a1-d3da-4418-8949-a3d2b81564c9,A New Day Awaits,flickr,sutrebor,https://www.flickr.com/photos/56197195@N03/5228708296,https://live.staticflickr.com/5161/5228708296_9ba92fdc9f_b.jpg,by-sa,2.0,https://creativecommons.org/licenses/by-sa/2.0/,Borobudur temple,1024,768,768,576,17.008,49746e0b42280ebb88281e3ac4aa9c71b72e513c
0819.jpg,localtourism,eb12f85d-17ac-4863-a6d8-52431f233b68,Indonesia_Java_Borobudur_Borobudur Temple (44).jpg,flickr,swifant,https://www.flickr.com/photos/11757382@N06/5502415724,https://live.staticflickr.com/5053/5502415724_317b50d304_b.jpg,by-sa,2.0,https://creativecommons.org/licenses/by-sa/2.0/,Borobudur temple,768,1024,576,768,27.881,180b97f4e2a5d1db0480b84a07e7a7e8fcecb5fd
0820.jpg,localtourism,b171b710-a650-479f-9def-f85cfc14c7a0,Staring At The Morning Glories,flickr,Schristia,https://www.flickr.com/photos/12054060@N04/15578038988,https://live.staticflickr.com/7469/15578038988_7bba7ffa8b_b.jpg,by-sa,2.0,https://creativecommons.org/licenses/by-sa/2.0/,Borobudur temple,1000,714,768,548,65.723,185490948169ce8316b1a73fb997d37e665227f6
0824.jpg,localtourism,d79a532d-a10a-46c8-be0c-9051baad2f09,Indonesia_Java_Borobudur_Borobudur Temple (41).jpg,flickr,swifant,https://www.flickr.com/photos/11757382@N06/5501821793,https://live.staticflickr.com/5251/5501821793_c8ba0ed913_b.jpg,by-sa,2.0,https://creativecommons.org/licenses/by-sa/2.0/,Borobudur temple,1024,768,768,576,19.459,1a1b569cf4eb90f642f2976ca960b30da86a2b2e
0825.jpg,localtourism,82b2aa9f-88fa-4638-b49c-6558b0320725,Watching,flickr,undeklinable,https://www.flickr.com/photos/44047789@N05/15264093128,https://live.staticflickr.com/3932/15264093128_4e131f590b_b.jpg,by-sa,2.0,https://creativecommons.org/licenses/by-sa/2.0/,Borobudur temple,1023,680,768,510,33.394,9b467a34c6451a9e222bca5ad828a84bf28bb7fe
0826.jpg,localtourism,04d76d6a-1603-4889-bcc5-54f1bce346d7,LaOranaMaria_TheMET (10),flickr,rverc,https://www.flickr.com/photos/26270547@N07/4147865474,https://live.staticflickr.com/2531/4147865474_5a2c624fc6_b.jpg,by,2.0,https://creativecommons.org/licenses/by/2.0/,Borobudur temple,1024,683,768,512,26.017,c5a8038fd6e0c005a9da43f4d88de1accb063b78
0827.jpg,localtourism,29a15885-f9ef-47a3-9779-c436c7a846df,Open Stupa,flickr,^riza^,https://www.flickr.com/photos/44115070@N00/2269011067,https://live.staticflickr.com/2148/2269011067_e89f7613e6.jpg,by,2.0,https://creativecommons.org/licenses/by/2.0/,Borobudur temple,500,321,500,321,27.928,7c824fb0e22ff62bc62f6489746073ce59ce9324
0828.jpg,localtourism,20394355-0f57-4c7b-b384-172798416281,Punthuk Setumbu,flickr,jururancang,https://www.flickr.com/photos/19187391@N06/8851809577,https://live.staticflickr.com/5348/8851809577_0939640942_b.jpg,by,2.0,https://creativecommons.org/licenses/by/2.0/,Borobudur temple,1023,409,768,307,20.466,15cebb11aed8452870e79be493c1a619d8a4f76c
0829.jpg,localtourism,0f2f0174-5056-45c6-b3a0-553b4cfce837,Prambanan Ramayana ballet,flickr,Arian Zwegers,https://www.flickr.com/photos/67769030@N07/6807460364,https://live.staticflickr.com/7189/6807460364_5fa729299c_b.jpg,by,2.0,https://creativecommons.org/licenses/by/2.0/,Prambanan,1024,683,768,512,45.138,0aa640f00fcea8317fa970911ca25c298c516c0e
0830.jpg,localtourism,9762b3e6-18cc-4acd-8d3d-ac30287002c0,Java ~ Hindu Temple ~ Prambanan,flickr,VasenkaPhotography,https://www.flickr.com/photos/40774255@N07/6107665347,https://live.staticflickr.com/6203/6107665347_d1e36f5814_b.jpg,by,2.0,https://creativecommons.org/licenses/by/2.0/,Prambanan,1024,768,768,576,53.631,dfe1ea818764b6903fa8b66a0d983be42656e814
0833.jpg,localtourism,51585ec4-1d1c-4080-96f1-8b808a0e53b5,Prambanan Shiva Temple,wikimedia,Gunkarta,https://commons.wikimedia.org/w/index.php?curid=3460463,https://upload.wikimedia.org/wikipedia/commons/0/0a/Prambanan_Shiva_Temple.jpg,by-sa,3.0,https://creativecommons.org/licenses/by-sa/3.0/,Prambanan,1024,768,768,576,65.598,a5e0b64e98fe43a27afa214fdc1311d8a6fd667e
0834.jpg,localtourism,3db2af07-c35d-4032-8e0a-b3c994770963,Prambanan Temple (DSC8349_50),flickr,Schristia,https://www.flickr.com/photos/12054060@N04/15607181762,https://live.staticflickr.com/3936/15607181762_d68b218867_b.jpg,by-sa,2.0,https://creativecommons.org/licenses/by-sa/2.0/,Prambanan,1000,663,768,509,65.263,9f166319bb234f695526827692079bfbac46f15f
0835.jpg,localtourism,e450e26b-e548-42db-98cf-b6531ae6b472,Prambanan,flickr,dhodie,https://www.flickr.com/photos/31300041@N04/7961504780,https://live.staticflickr.com/8312/7961504780_ec3e51fd15_b.jpg,by,2.0,https://creativecommons.org/licenses/by/2.0/,Prambanan,1014,760,768,576,21.812,d21efd05c42ac0b485518adc9d2231b3a3c70dd8
0836.jpg,localtourism,5b71bf11-2157-4d42-a3fa-96440f4c8398,Prambanan,flickr,^riza^,https://www.flickr.com/photos/44115070@N00/2260184731,https://live.staticflickr.com/2059/2260184731_d4b9f3e234.jpg,by,2.0,https://creativecommons.org/licenses/by/2.0/,Prambanan,500,335,500,335,58.891,250cd3abb3841e4f421bbcc5b6111786d5a14440
0840.jpg,localtourism,fdbed5b4-ad39-4be9-b44c-6e129bd17c3b,"Prambanan, Indonesia",flickr,mythailand.blog,https://www.flickr.com/photos/50389563@N06/40283826952,https://live.staticflickr.com/4709/40283826952_cd295b6796_b.jpg,pdm,1.0,https://creativecommons.org/publicdomain/mark/1.0/,Prambanan,1024,524,768,393,69.31,23d06fcd561449e3d9aecea16a37ad4463fbecfc
0841.jpg,localtourism,48bb2da2-5437-4af0-a51b-7629d1723492,Java ~ Hindu Temple ~ Prambanan,flickr,VasenkaPhotography,https://www.flickr.com/photos/40774255@N07/6107669923,https://live.staticflickr.com/6084/6107669923_8c04e9049d_b.jpg,by,2.0,https://creativecommons.org/licenses/by/2.0/,Prambanan,1024,768,768,576,41.864,3ae9deb5ca11e1488c81f849ae94ac235da91f46
0848.jpg,localtourism,f964bc40-b76a-48bc-be33-1ac8775de8d6,Prambanan relief 3,wikimedia,bicrom,https://commons.wikimedia.org/w/index.php?curid=1464199,https://upload.wikimedia.org/wikipedia/commons/d/dc/Prambanan_relief_3.jpg,by,2.0,https://creativecommons.org/licenses/by/2.0/,Prambanan,500,374,500,374,72.782,28a952abbde14121f37d9e67fd7354cb66f1f716
0855.jpg,localtourism,2c8b9440-fc4a-4a12-9573-3a9c24c72cff,Prambanan at night,wikimedia,archiprez mosis,https://commons.wikimedia.org/w/index.php?curid=7906808,https://upload.wikimedia.org/wikipedia/commons/f/f7/Prambanan_at_night.jpg,by,2.0,https://creativecommons.org/licenses/by/2.0/,Prambanan,669,446,669,446,36.037,5d9d86abb32d3c7d43355a98bcad51a57df41d42
0857.jpg,localtourism,d98471e5-6cda-483e-a0fe-25ccaf528502,Java ~ Hindu Temple ~ Prambanan,flickr,VasenkaPhotography,https://www.flickr.com/photos/40774255@N07/6107671495,https://live.staticflickr.com/6198/6107671495_c3f0e8f35a_b.jpg,by,2.0,https://creativecommons.org/licenses/by/2.0/,Prambanan,1024,768,768,576,37.003,e8211fefa899e2474e8086c239894840a9ab51bd
0858.jpg,localtourism,24d2bb35-fa9c-42e2-8d22-e7806749c2f5,Java ~ Hindu Temple ~ Prambanan,flickr,VasenkaPhotography,https://www.flickr.com/photos/40774255@N07/6107668443,https://live.staticflickr.com/6074/6107668443_79b6018404_b.jpg,by,2.0,https://creativecommons.org/licenses/by/2.0/,Prambanan,1024,768,768,576,24.867,3cf572ebe152a0e85db94fdb0d34f171eb4a7b52
0859.jpg,localtourism,980c582c-7c26-4b13-8260-8b58a2f60f05,Prambanan Temple (DSC8281_2_3),flickr,Schristia,https://www.flickr.com/photos/12054060@N04/15317813527,https://live.staticflickr.com/5610/15317813527_7b72904433_b.jpg,by-sa,2.0,https://creativecommons.org/licenses/by-sa/2.0/,Prambanan,1000,562,768,432,59.915,bdba46865901f5ac3b46153ab2e8750ebbce5b6a
0867.jpg,localtourism,aac051db-0a29-4f57-83ae-638eab51113a,Candi Prambanan,flickr,"Ya, saya inBaliTimur",https://www.flickr.com/photos/96261485@N08/25722575120,https://live.staticflickr.com/1479/25722575120_86dc9df01a_b.jpg,by-sa,2.0,https://creativecommons.org/licenses/by-sa/2.0/,Prambanan,1024,686,768,515,65.248,6903664c182a2dce4cccfe86ff75b6b551a05716
0873.jpg,localtourism,dd236911-7b03-4b8a-b673-ce6e76c4a05f,Prambanan Temple,flickr,anwarsiak***sibuk***,https://www.flickr.com/photos/43928101@N02/31404187442,https://live.staticflickr.com/769/31404187442_c870470165_b.jpg,by,2.0,https://creativecommons.org/licenses/by/2.0/,Prambanan,1024,683,768,512,48.712,8c7c20b273cdc9e3dd95993afb42e93e327f38f7
0875.jpg,localtourism,8f7a0067-6413-42ef-a1d1-ad7b8f426461,Prambanan,flickr,frankdouwes,https://www.flickr.com/photos/26209626@N05/14975104506,https://live.staticflickr.com/3920/14975104506_f9c06448df_b.jpg,by,2.0,https://creativecommons.org/licenses/by/2.0/,Prambanan,1024,510,768,383,55.679,1c734865d71c5f1f15b29f7a464d22256fd7d856
0874.jpg,localtourism,a61ffa98-073e-4c36-9521-84e95a40694d,Prambanan Temple (DSC8303_4_5),flickr,Schristia,https://www.flickr.com/photos/12054060@N04/15513115131,https://live.staticflickr.com/5605/15513115131_00d87292ae_b.jpg,by-sa,2.0,https://creativecommons.org/licenses/by-sa/2.0/,Prambanan,683,1024,512,768,71.182,5fcf79ca6997c405fc53c972d4dc490c9ea10c5c
0876.jpg,localtourism,05b80db1-edce-4ccd-b5bf-e59b39ee43ff,Prambanan,flickr,mythailand.blog,https://www.flickr.com/photos/50389563@N06/40283824262,https://live.staticflickr.com/4709/40283824262_7cbc313d6d_b.jpg,pdm,1.0,https://creativecommons.org/publicdomain/mark/1.0/,Prambanan,683,1024,512,768,49.982,07e51527a25cef7cd2cb9dc10d88742fdf465067
0878.jpg,localtourism,7ba73c54-e114-4dff-b572-e83b32f1f953,Java ~ Hindu Temple ~ Prambanan,flickr,VasenkaPhotography,https://www.flickr.com/photos/40774255@N07/6107667015,https://live.staticflickr.com/6195/6107667015_31f0109f97_b.jpg,by,2.0,https://creativecommons.org/licenses/by/2.0/,Prambanan,768,1024,576,768,38.769,5ea5f02f2770a4c20c19a817ad89a9a3e8cfed73
0881.jpg,localtourism,efe9d9ac-0e23-4035-8403-568e598c7523,Prambanan,flickr,Jorge Franganillo,https://www.flickr.com/photos/46191841@N00/46026107532,https://live.staticflickr.com/4858/46026107532_5b534c8a3c_b.jpg,by,2.0,https://creativecommons.org/licenses/by/2.0/,Prambanan,1024,683,768,512,72.663,bfab840a1cdd588b7a9954339367ee4845d1f513
0883.jpg,localtourism,16301d67-23e7-42fc-8db0-5649f8242a98,COLLECTIE TROPENMUSEUM Reliëf op de aan Brahma gewijde tempel op de Candi Lara Jonggrang oftewel het Prambanan tempelcomplex TMnr 10016175,wikimedia,H. Bongers (Fotograaf/photographer).,https://commons.wikimedia.org/w/index.php?curid=8611253,https://upload.wikimedia.org/wikipedia/commons/8/83/COLLECTIE_TROPENMUSEUM_Reli%C3%ABf_op_de_aan_Brahma_gewijde_tempel_op_de_Candi_Lara_Jonggrang_oftewel_het_Prambanan_tempelcomplex_TMnr_10016175.jpg,by-sa,3.0,https://creativecommons.org/licenses/by-sa/3.0/,Prambanan,700,496,700,496,73.498,e3caa843194418c2329df7bea5af639048a271f4
0888.jpg,localtourism,29b50465-5ce0-4046-9ce6-464f15f44393,PRAMBANAN TEMPLE,flickr,YUDHAARIA-OFFICIAL,https://www.flickr.com/photos/131494485@N07/16588502806,https://live.staticflickr.com/8589/16588502806_e4c85f073e.jpg,by,2.0,https://creativecommons.org/licenses/by/2.0/,Prambanan,500,334,500,334,74.708,0746600bd180dbcb877b7c85289b37a08ad83df3
0889.jpg,localtourism,8c434dd7-3f0f-4df3-a9d9-5d22c99881fc,Another Side of Prambanan,flickr,^riza^,https://www.flickr.com/photos/44115070@N00/2427147093,https://live.staticflickr.com/2267/2427147093_a985eb056c_b.jpg,by,2.0,https://creativecommons.org/licenses/by/2.0/,Prambanan,1024,685,768,514,48.125,c0647ebeda87385e52f14447ab56852e2937205f
0890.jpg,localtourism,a207dfc6-8ef5-4efe-b748-3408cd01851f,"Prambanan Temple in Central Java, photographed by JavaTourism.com",flickr,java tourism,https://www.flickr.com/photos/22371164@N02/2186095036,https://live.staticflickr.com/2387/2186095036_9fc05d2801.jpg,by,2.0,https://creativecommons.org/licenses/by/2.0/,Prambanan,500,321,500,321,54.977,52df0ae1f67aff625cae200970eb6f8c39066ff9
0893.jpg,localtourism,e2c10f5f-8570-42f7-9429-5b8cac81738d,Prambanan 2006 Damage,wikimedia,Gunawan Kartapranata,https://commons.wikimedia.org/w/index.php?curid=98140411,https://upload.wikimedia.org/wikipedia/commons/f/fa/Prambanan_2006_Damage.jpg,by-sa,4.0,https://creativecommons.org/licenses/by-sa/4.0/,Prambanan,443,850,400,768,84.772,06d4493a69c71742841c4702bd30ae379ca37cc2
0895.jpg,localtourism,850e975c-08fc-40f9-a1c9-f911c88f34f1,Prambanan,flickr,CazzJj,https://www.flickr.com/photos/64249609@N08/6977557204,https://live.staticflickr.com/8012/6977557204_be7342d11e_b.jpg,by,2.0,https://creativecommons.org/licenses/by/2.0/,Prambanan,1024,680,768,510,37.918,c95536c6b531bdf7bb2d7e2913c416841cec9202
0896.jpg,localtourism,a17143d7-04d7-46c1-a8eb-c2c62b8d6eb7,Prambanan temple,flickr,Maks Karochkin,https://www.flickr.com/photos/35457262@N06/3840194994,https://live.staticflickr.com/2467/3840194994_e39c3cc553_b.jpg,by,2.0,https://creativecommons.org/licenses/by/2.0/,Prambanan,1024,683,768,512,47.21,1bec54b60eb4541ade1855d0ea08caf5e4660f2f
0899.jpg,localtourism,e4a04728-65a0-45cd-be69-e015920a3013,Prambanan,flickr,prmisonfire,https://www.flickr.com/photos/51060330@N06/8126326794,https://live.staticflickr.com/8464/8126326794_a2409bd22b.jpg,by,2.0,https://creativecommons.org/licenses/by/2.0/,Prambanan,500,500,500,500,23.847,e804cd2a2294c514667d4f66aaa692afe8a9daac
0898.jpg,localtourism,762befe0-ef21-4fcf-8c9f-a9a4c954c884,Sunset at Prambanan,flickr,Francisco Anzola,https://www.flickr.com/photos/10345599@N03/49051737943,https://live.staticflickr.com/65535/49051737943_899bb21b2b_b.jpg,by,2.0,https://creativecommons.org/licenses/by/2.0/,Prambanan,1024,681,768,511,37.641,15a67b5cb9d5cea487ec0cb449d857f0bd7f7226
0897.jpg,localtourism,f4cd0795-f1b6-4970-bdbe-5515a53519f5,"Prambanan, 1987",flickr,nathanh100,https://www.flickr.com/photos/41383869@N07/6355974473,https://live.staticflickr.com/6233/6355974473_38833b7a0f_b.jpg,by,2.0,https://creativecommons.org/licenses/by/2.0/,Prambanan,745,1024,559,768,86.462,db409f9f834c61c65b45d4ca82b2b835120d5bf2
0901.jpg,localtourism,c94df076-b334-42c8-a262-5f5db14da192,Prambanan near Yogyakarta (Indonesia 2009),flickr,paularps,https://www.flickr.com/photos/21160385@N02/3695037384,https://live.staticflickr.com/2610/3695037384_3a35b07a3e.jpg,by,2.0,https://creativecommons.org/licenses/by/2.0/,Prambanan,500,375,500,375,66.332,b814d4c578dc8a36f9de23a73e41df947a3dcaff
0900.jpg,localtourism,22e901a8-fc29-4469-beed-52b1c408d9c8,Prambanan,flickr,Tokuriki,https://www.flickr.com/photos/59722994@N00/52714428,https://live.staticflickr.com/33/52714428_bff854e915.jpg,by,2.0,https://creativecommons.org/licenses/by/2.0/,Prambanan,500,323,500,323,64.345,9d9ea53ada62e7a83bac574a7b3e6e3559dac64d
0902.jpg,localtourism,0ce7b408-9255-4660-9f4a-987bd8b6b7c6,Prambanan,flickr,Tokuriki,https://www.flickr.com/photos/59722994@N00/52714466,https://live.staticflickr.com/29/52714466_9dbff6917a.jpg,by,2.0,https://creativecommons.org/licenses/by/2.0/,Prambanan,500,323,500,323,67.228,fde1b99128532464cec113db6be403babe725ed1
0905.jpg,localtourism,b6e4411e-5e01-4c20-8b75-474de6630db5,COLLECTIE TROPENMUSEUM Reliëf met Lokapala op de aan Shiva gewijde tempel op de Candi Lara Jonggrang oftewel het Prambanan tempelcomplex TMnr 10016207,wikimedia,Unknown authorUnknown author,https://commons.wikimedia.org/w/index.php?curid=8611232,https://upload.wikimedia.org/wikipedia/commons/1/10/COLLECTIE_TROPENMUSEUM_Reli%C3%ABf_met_Lokapala_op_de_aan_Shiva_gewijde_tempel_op_de_Candi_Lara_Jonggrang_oftewel_het_Prambanan_tempelcomplex_TMnr_10016207.jpg,by-sa,3.0,https://creativecommons.org/licenses/by-sa/3.0/,Prambanan,506,700,506,700,70.557,398725ae665b50fc1e0bef11464b576731ba14dd
0903.jpg,localtourism,56a7281a-d6c5-4666-ad33-e0b1a01f66d8,Prambanan Temple,flickr,anthonycramp,https://www.flickr.com/photos/7770166@N05/2108107681,https://live.staticflickr.com/2116/2108107681_30419e92df_b.jpg,by,2.0,https://creativecommons.org/licenses/by/2.0/,Prambanan,1024,683,768,512,48.832,e30af7ce86a708793fbbb5f00d62f11b62a1b29f
0910.jpg,localtourism,cac3349c-6a59-40d3-a42a-1fd4959b2d6f,Tragic Prambanan,flickr,soham_pablo,https://www.flickr.com/photos/75879414@N00/2362986205,https://live.staticflickr.com/3296/2362986205_b7deec77cf_b.jpg,by,2.0,https://creativecommons.org/licenses/by/2.0/,Prambanan,1024,768,768,576,41.623,9a6ed44234a920558cbd90c6eda21b13213b3f26
0911.jpg,localtourism,70523134-02c1-4e8a-ac22-e82e3ba8c413,prambanan,flickr,morningshadow,https://www.flickr.com/photos/95948424@N08/8959655981,https://live.staticflickr.com/3804/8959655981_6135998836_b.jpg,by,2.0,https://creativecommons.org/licenses/by/2.0/,Prambanan,768,1024,576,768,56.002,5ac1e448ca732e77cad86439dd3bda72dc0d6d56
0912.jpg,localtourism,ce6509ac-bc7c-484a-b98d-585efd4cd638,Prambanan,flickr,CazzJj,https://www.flickr.com/photos/64249609@N08/7123633141,https://live.staticflickr.com/7108/7123633141_8fa75bd116_b.jpg,by,2.0,https://creativecommons.org/licenses/by/2.0/,Prambanan,1024,680,768,510,49.056,758d3dc33d1ef9546a2b7b85f9027032c51a8293
0913.jpg,localtourism,68ad4a26-4d0a-41d8-861b-b7f4824f8ca4,"Majestic, Prambanan Temple, Indonesia. October 2010.",flickr,Dina Kosasih,https://www.flickr.com/photos/47969029@N08/8208838016,https://live.staticflickr.com/8487/8208838016_1d9eff52be_b.jpg,by,2.0,https://creativecommons.org/licenses/by/2.0/,Prambanan,1024,683,768,512,66.894,dd6ce2f650a68b18044ad220fcff6459e61e67f8
0914.jpg,localtourism,b9669a72-0975-443b-9af2-4f3a23d489e5,Prambanan Temples,flickr,kamsky,https://www.flickr.com/photos/38872730@N00/8140016484,https://live.staticflickr.com/8056/8140016484_3f4de7401d_b.jpg,by,2.0,https://creativecommons.org/licenses/by/2.0/,Prambanan,1024,684,768,513,40.034,778f6271781b4f6491be0b1bf89d312b51ffbc9e
0917.jpg,localtourism,b69c4bcf-87b0-4ed7-acd7-18432c1b0354,Prambanan,flickr,Tokuriki,https://www.flickr.com/photos/59722994@N00/52714443,https://live.staticflickr.com/31/52714443_eb7d2e8fe0.jpg,by,2.0,https://creativecommons.org/licenses/by/2.0/,Prambanan,500,323,500,323,49.249,82d38aba9871aeeed26ab9905936a507614a4aca
0915.jpg,localtourism,1f5c5aae-403c-4a6e-917b-e9067163b6b3,Prambanan temples,flickr,Francisco Anzola,https://www.flickr.com/photos/10345599@N03/49052250971,https://live.staticflickr.com/65535/49052250971_8e0621cb4e_b.jpg,by,2.0,https://creativecommons.org/licenses/by/2.0/,Prambanan,1024,681,768,511,29.299,367e5be73cc33c9744d55eb7faf3d5cbcd2ff041
0916.jpg,localtourism,01f2da8c-7edc-4ca9-a56a-8de2f9e33f40,Prambanan,flickr,Francisco Anzola,https://www.flickr.com/photos/10345599@N03/49052253726,https://live.staticflickr.com/65535/49052253726_819ec900ff_b.jpg,by,2.0,https://creativecommons.org/licenses/by/2.0/,Prambanan,1024,681,768,511,38.017,f8767d0256c81bbbed4d0e5ea3cb95a35f132142
0918.jpg,localtourism,0255c1a7-9441-4860-b1f3-585b452c4438,The Prambanan Temples,flickr,kamsky,https://www.flickr.com/photos/38872730@N00/8148228048,https://live.staticflickr.com/8333/8148228048_d9136d6157_b.jpg,by,2.0,https://creativecommons.org/licenses/by/2.0/,Prambanan,1023,683,768,513,57.369,b47f0a5806628bda292174d135867ad91daeea6b
0919.jpg,localtourism,40cee9c5-8d5b-4e7b-9fd9-2d71e7e12dd7,Prambanan relief,flickr,frankdouwes,https://www.flickr.com/photos/26209626@N05/14824455109,https://live.staticflickr.com/5568/14824455109_758b1160df_b.jpg,by,2.0,https://creativecommons.org/licenses/by/2.0/,Prambanan,1024,694,768,521,58.625,17da325bada35e519dc82a5f5be7c31b2d120764
0920.jpg,localtourism,5cb0dfdb-d950-445a-aa94-48e322a2eb7a,The Prambanan Trisakti,flickr,soham_pablo,https://www.flickr.com/photos/75879414@N00/2362979775,https://live.staticflickr.com/2114/2362979775_483fd254ac_b.jpg,by,2.0,https://creativecommons.org/licenses/by/2.0/,Prambanan,1024,638,768,479,49.0,52e2c0b8b382970751213df3f83a90de521ece76
0923.jpg,localtourism,186f3fca-9623-4adf-9175-3cd0e514ae9f,COLLECTIE TROPENMUSEUM Mahadewa in de Lara Djonggrang hindoe-tempel te Prambanan TMnr 60033679,wikimedia,Unknown authorUnknown author,https://commons.wikimedia.org/w/index.php?curid=8590909,https://upload.wikimedia.org/wikipedia/commons/0/02/COLLECTIE_TROPENMUSEUM_Mahadewa_in_de_Lara_Djonggrang_hindoe-tempel_te_Prambanan_TMnr_60033679.jpg,by-sa,3.0,https://creativecommons.org/licenses/by-sa/3.0/,Prambanan,489,700,489,700,64.075,a3f49040382cc22e56f7f5646227a2811cc234a1
0931.jpg,localtourism,e228ecbe-6624-4fb8-be4a-8fde0e0b0b24,Prambanan,flickr,macronix,https://www.flickr.com/photos/35356997@N00/11978487283,https://live.staticflickr.com/3731/11978487283_3bf3c3ec1f_b.jpg,by,2.0,https://creativecommons.org/licenses/by/2.0/,Prambanan,684,1024,513,768,59.691,bd0eae75e002f0048f0397f58b8db880c660d2ef
0932.jpg,localtourism,a80b007a-a427-4a7c-af59-8d083eeb2437,Prambanan Temple,flickr,tazlambert,https://www.flickr.com/photos/59484913@N04/5761944304,https://live.staticflickr.com/2559/5761944304_92c042dc6e_b.jpg,by-sa,2.0,https://creativecommons.org/licenses/by-sa/2.0/,Prambanan,1024,684,768,513,36.856,80d0e06124c3b30ddd5b446ba3d944712331c936
0935.jpg,localtourism,d520e69d-7f8f-45f2-8a93-df072fede810,Prambanan at dusk,flickr,Kaeru,https://www.flickr.com/photos/51035756584@N01/23489311,https://live.staticflickr.com/17/23489311_647e437812_b.jpg,by,2.0,https://creativecommons.org/licenses/by/2.0/,Prambanan,1024,768,768,576,25.442,837ba1a7edd1ce16cbb77f4fa9eaf0fc2dcc73a6
0936.jpg,localtourism,66724e6b-f52b-4e44-921e-ad0a1e2d6363,The Gardens leading to Prambanan,flickr,suran2007,https://www.flickr.com/photos/7952984@N02/13533282164,https://live.staticflickr.com/7106/13533282164_c55c8f95d6_b.jpg,by,2.0,https://creativecommons.org/licenses/by/2.0/,Prambanan,1023,681,768,511,54.949,4bd23d41861aa9648043d758fdf17e085bcee230
0937.jpg,localtourism,057097b8-dc26-430f-afff-1c027f4a4130,Candi Prambanan,flickr,"Ya, saya inBaliTimur",https://www.flickr.com/photos/96261485@N08/25902384252,https://live.staticflickr.com/1641/25902384252_26cfc0cf26_b.jpg,by-sa,2.0,https://creativecommons.org/licenses/by-sa/2.0/,Prambanan,1022,319,768,240,49.988,f5cbc2aec91738e898859a9a82d42cd9dcf54ada
0938.jpg,localtourism,a16f9f01-aa83-4b08-93cb-79600774ef23,Candi Prambanan,flickr,beanintropics,https://www.flickr.com/photos/54956515@N08/8970652094,https://live.staticflickr.com/2807/8970652094_74b333a175_b.jpg,by,2.0,https://creativecommons.org/licenses/by/2.0/,Prambanan,949,634,768,513,73.811,2d48cfabfd9e02767bdd9ab000b1e78812c6162d
0939.jpg,localtourism,cbf14b19-178d-430b-9a89-8d9ee1e4b232,prambanan,flickr,rubber bullets,https://www.flickr.com/photos/87621604@N00/4472059821,https://live.staticflickr.com/4062/4472059821_91e88e5df4_b.jpg,by,2.0,https://creativecommons.org/licenses/by/2.0/,Prambanan,683,1024,512,768,16.023,35c6e9097c3fc59f88cd95e695f05cdae2ffd3af
0940.jpg,localtourism,34aef8d3-1f38-45df-a3e8-8782fa542ac0,Prambanan Temple,flickr,lansakit,https://www.flickr.com/photos/22741426@N05/2354495690,https://live.staticflickr.com/2182/2354495690_d2145fc6f3.jpg,by,2.0,https://creativecommons.org/licenses/by/2.0/,Prambanan,357,500,357,500,46.924,d97e4c7a97fc627f67824f4496096ce645bb1adf
0941.jpg,localtourism,e5624758-471a-4b19-81f4-62d738aead42,Java ~ Prambanan Hindu Temple Complex,flickr,VasenkaPhotography,https://www.flickr.com/photos/40774255@N07/6221883847,https://live.staticflickr.com/6120/6221883847_8e903f191c_b.jpg,by,2.0,https://creativecommons.org/licenses/by/2.0/,Prambanan,970,1024,727,768,53.966,d73323a920795ae5d5626e6dfbe4c08773a7c2e3
0942.jpg,localtourism,905e4d4f-8f9f-4800-a731-4deadb7cecdd,Prambanan,flickr,Andre Redhi,https://www.flickr.com/photos/63256043@N03/31805449802,https://live.staticflickr.com/609/31805449802_f866d43fa9_b.jpg,by-sa,2.0,https://creativecommons.org/licenses/by-sa/2.0/,Prambanan,1024,683,768,512,39.182,fb9fbb1dca66e60f5c5044b2c6809a6d16b422e5
0943.jpg,localtourism,a73fd366-7afe-4446-9df9-cbadb07bc484,Prambanan,flickr,macronix,https://www.flickr.com/photos/35356997@N00/11978604454,https://live.staticflickr.com/2815/11978604454_a1e158cfc5_b.jpg,by,2.0,https://creativecommons.org/licenses/by/2.0/,Prambanan,1024,684,768,513,73.776,bae8e4991606d41a5a51f318b0fcc0ebc87222cc
0944.jpg,localtourism,3d274323-8d8e-4890-b097-d3992d634164,Prambanan,flickr,surrealpenguin,https://www.flickr.com/photos/85254122@N00/4430262142,https://live.staticflickr.com/4051/4430262142_8cf1035f26_b.jpg,by-sa,2.0,https://creativecommons.org/licenses/by-sa/2.0/,Prambanan,1024,768,768,576,52.615,7739068b4c30a6bddb7277b5bd074a5c319d23b5
0945.jpg,localtourism,1b17ea15-8d39-4394-bdb4-81b10552a6a3,Prambanan Temple,flickr,tazlambert,https://www.flickr.com/photos/59484913@N04/5761943774,https://live.staticflickr.com/3136/5761943774_1398ff6ec2_b.jpg,by-sa,2.0,https://creativecommons.org/licenses/by-sa/2.0/,Prambanan,1024,614,768,461,36.01,c2a82cbdedc4ca17e54bf763051a3f818f9aba19
0946.jpg,localtourism,2f935185-113a-4ec6-ad90-f9f73a8c9294,"Prambanan, 1987",flickr,nathanh100,https://www.flickr.com/photos/41383869@N07/6355976215,https://live.staticflickr.com/6110/6355976215_9c96b5e465_b.jpg,by,2.0,https://creativecommons.org/licenses/by/2.0/,Prambanan,1024,698,768,524,80.594,a88a809c5d99d1b973dd4fa95211b29822ca4abc
0947.jpg,localtourism,a7c385f8-eb13-4329-b81d-574bcae0b727,Candi Prambanan,flickr,knittymarie,https://www.flickr.com/photos/14671121@N03/9615517752,https://live.staticflickr.com/5444/9615517752_6ae3d4532f_b.jpg,by-sa,2.0,https://creativecommons.org/licenses/by-sa/2.0/,Prambanan,1024,768,768,576,32.01,ec0fe12e3871660f7aa7e9d6d9106ca03f134bc6
0948.jpg,localtourism,0f1354a2-4a32-42f4-af30-59270d0103ee,The Prambanan Temples,flickr,kamsky,https://www.flickr.com/photos/38872730@N00/8160709802,https://live.staticflickr.com/8199/8160709802_7a2535644d_b.jpg,by,2.0,https://creativecommons.org/licenses/by/2.0/,Prambanan,1023,683,768,513,50.443,c69889487b2c762a6585c2bffd31b588e0b10b60
0949.jpg,localtourism,682487eb-d5cd-4310-b526-74195888fa45,Prambanan shrine,wikimedia,"frank wouters from antwerpen, belgium",https://commons.wikimedia.org/w/index.php?curid=1266707,https://upload.wikimedia.org/wikipedia/commons/a/a0/Prambanan_shrine.jpg,by,2.0,https://creativecommons.org/licenses/by/2.0/,Prambanan,480,640,480,640,65.01,6f9fe546946d4eee5aa49e606e3aa2c27b30ff61
0953.jpg,localtourism,2cb93ee8-bf2d-4eeb-bb92-9e2ab362941b,Candi Prambanan,flickr,beanintropics,https://www.flickr.com/photos/54956515@N08/8969457329,https://live.staticflickr.com/3671/8969457329_326366eca1_b.jpg,by,2.0,https://creativecommons.org/licenses/by/2.0/,Prambanan,668,1000,513,768,83.106,3c27641536c0bd337dd25e2c18a391315d365142
0954.jpg,localtourism,6bc931b6-0034-4283-8960-bc29776056e6,Candi Prambanan,flickr,beanintropics,https://www.flickr.com/photos/54956515@N08/8970650494,https://live.staticflickr.com/5454/8970650494_be4caceecb_b.jpg,by,2.0,https://creativecommons.org/licenses/by/2.0/,Prambanan,980,655,768,513,78.151,61941422c4ac7f096bd483f8b74ec6427ee2b3e1
0956.jpg,localtourism,898cdeab-1991-4394-b22d-0456c48c7bb3,Candi Prambanan,flickr,knittymarie,https://www.flickr.com/photos/14671121@N03/9612524623,https://live.staticflickr.com/2859/9612524623_1659b1516a_b.jpg,by-sa,2.0,https://creativecommons.org/licenses/by-sa/2.0/,Prambanan,1024,768,768,576,25.064,f340913a18875bbc4c54cddfb86b9c1219e8574c
0955.jpg,localtourism,36ce9b4b-102d-46e7-bb29-4d9e0860e1e6,Candi Prambanan,flickr,beanintropics,https://www.flickr.com/photos/54956515@N08/8969455537,https://live.staticflickr.com/5342/8969455537_b54df4d2ba_b.jpg,by,2.0,https://creativecommons.org/licenses/by/2.0/,Prambanan,668,1000,513,768,74.428,3517884af871197606d2369ae43643b19e15d8f4
0957.jpg,localtourism,1b1bdefe-0667-42ad-973f-89eace5748f9,Prambanan Temples,flickr,kamsky,https://www.flickr.com/photos/38872730@N00/8139993024,https://live.staticflickr.com/8054/8139993024_4cf3bbc01d_b.jpg,by,2.0,https://creativecommons.org/licenses/by/2.0/,Prambanan,1023,683,768,513,63.331,705aa2aec4d6674b8479440eab49335d7d3f197e
0958.jpg,localtourism,02216ddf-81ba-4275-b92a-424939368b05,Candi Prambanan,flickr,knittymarie,https://www.flickr.com/photos/14671121@N03/9612416237,https://live.staticflickr.com/3802/9612416237_9cc83a7b69_b.jpg,by-sa,2.0,https://creativecommons.org/licenses/by-sa/2.0/,Prambanan,1024,768,768,576,23.036,73c479f7a8b26339514da15ff8c74e8d2875e430
0959.jpg,localtourism,f0e8d9d6-cc88-45ba-bb65-c7849605a630,Candi Prambanan,flickr,Fathzer,https://www.flickr.com/photos/34838643@N00/38427145446,https://live.staticflickr.com/4566/38427145446_6fe4378041_b.jpg,by-sa,2.0,https://creativecommons.org/licenses/by-sa/2.0/,Prambanan,1024,683,768,512,45.871,bc5f0c2a4be5e2bbd0ac78a020edbbabf67831ee
0972.jpg,localtourism,0e855e6b-2b96-450d-a6ab-d16fa559d661,COLLECTIE TROPENMUSEUM Beeld van Brahma op de Candi Lara Jonggrang oftewel het Prambanan tempelcomplex TMnr 10016204,wikimedia,H. Bongers (Fotograaf/photographer).,https://commons.wikimedia.org/w/index.php?curid=8598499,https://upload.wikimedia.org/wikipedia/commons/c/ca/COLLECTIE_TROPENMUSEUM_Beeld_van_Brahma_op_de_Candi_Lara_Jonggrang_oftewel_het_Prambanan_tempelcomplex_TMnr_10016204.jpg,by-sa,3.0,https://creativecommons.org/licenses/by-sa/3.0/,Prambanan,500,700,500,700,51.29,b26577781ceb69a9ac051f1e02fa40b71ae76e5a
0983.jpg,localtourism,cdde956a-5563-413a-b585-6d3bf05cbc08,Prambanan,flickr,Schristia,https://www.flickr.com/photos/12054060@N04/26184105605,https://live.staticflickr.com/1471/26184105605_987ddda45b_b.jpg,by-sa,2.0,https://creativecommons.org/licenses/by-sa/2.0/,Prambanan,1024,683,768,512,57.584,1fc00476d048da15110c17e1fbcb99f360b7a6db
0984.jpg,localtourism,4fe16d6a-d7c5-48df-8625-70f4da85f566,Candi Prambanan,flickr,knittymarie,https://www.flickr.com/photos/14671121@N03/9615692910,https://live.staticflickr.com/3766/9615692910_d9425de49f_b.jpg,by-sa,2.0,https://creativecommons.org/licenses/by-sa/2.0/,Prambanan,768,1024,576,768,51.708,79b59054a3fd25ae7f0ab202b32561097365f744
0985.jpg,localtourism,c185c6ab-f1ec-49d9-a69d-f4d900bd227e,Candi Prambanan,flickr,knittymarie,https://www.flickr.com/photos/14671121@N03/9612536363,https://live.staticflickr.com/5326/9612536363_78a3871267_b.jpg,by-sa,2.0,https://creativecommons.org/licenses/by-sa/2.0/,Prambanan,1024,768,768,576,36.773,0568401ba81d93ae0ccfce8e84b865e51e908fa7
0988.jpg,localtourism,ad1fd70b-200b-44fb-8eb7-19b0b818939d,Prambanan Temple,flickr,tazlambert,https://www.flickr.com/photos/59484913@N04/5761402045,https://live.staticflickr.com/5065/5761402045_091c25bf45_b.jpg,by-sa,2.0,https://creativecommons.org/licenses/by-sa/2.0/,Prambanan temple,1024,646,768,485,32.254,d939f23ac6869e657504220947c46c7f3d2670ac
0987.jpg,localtourism,f49ac058-5921-42e8-92be-e6001d7aee51,Prambanan Temple #3,flickr,hibino,https://www.flickr.com/photos/19126881@N00/4417569,https://live.staticflickr.com/4/4417569_504155113b_b.jpg,by,2.0,https://creativecommons.org/licenses/by/2.0/,Prambanan temple,1024,768,768,576,64.78,9bee094c3a3ea4ba9c0401c79f61aaab3922ae6a
0989.jpg,localtourism,9a21f341-33f1-4e2e-9a1e-23c8aa7b2c4e,Prambanan Temple,flickr,tazlambert,https://www.flickr.com/photos/59484913@N04/5761401443,https://live.staticflickr.com/2532/5761401443_72aa5c6814_b.jpg,by-sa,2.0,https://creativecommons.org/licenses/by-sa/2.0/,Prambanan temple,684,1024,513,768,31.863,234f87669fa70faaa3174ce480fab5bd6eb7aa2f
0990.jpg,localtourism,1bcb658e-1856-476f-b3ec-3a123349fd1a,Prambanan Temple,flickr,ronismith1979,https://www.flickr.com/photos/49425072@N02/4535834047,https://live.staticflickr.com/2688/4535834047_874bb4fa96_b.jpg,by,2.0,https://creativecommons.org/licenses/by/2.0/,Prambanan temple,667,994,515,768,34.764,aed715c66ee9fe91575417a23998aaaf001c8ae8
0991.jpg,localtourism,6cfe929c-45fe-45c6-89f5-def3580d0584,Prambanan Temple #2,flickr,hibino,https://www.flickr.com/photos/19126881@N00/4417566,https://live.staticflickr.com/3/4417566_73c6234b47_b.jpg,by,2.0,https://creativecommons.org/licenses/by/2.0/,Prambanan temple,768,1024,576,768,72.021,961ae20d27b9983a8b9982392b7534f93b65bcd9
0992.jpg,localtourism,cc5cbb37-b0a7-454e-861b-fdcf0d468f1f,Prambanan Temple,flickr,hibino,https://www.flickr.com/photos/19126881@N00/4417564,https://live.staticflickr.com/4/4417564_41d9973dbd_b.jpg,by,2.0,https://creativecommons.org/licenses/by/2.0/,Prambanan temple,1024,768,768,576,67.686,814e0b7bbb1417db18b246f3f2caaed3a5bc0006
0993.jpg,localtourism,0f4b3070-6291-45c2-af87-e490f27352d7,Prambanan Temple,flickr,isapisa,https://www.flickr.com/photos/97189192@N00/44962099891,https://live.staticflickr.com/1907/44962099891_c6287f8005_b.jpg,by-sa,2.0,https://creativecommons.org/licenses/by-sa/2.0/,Prambanan temple,768,1024,576,768,40.078,9e4c737135585986bf74346c63e7e4649a183fbf
0994.jpg,localtourism,037fa374-a47a-4a47-afb1-d3749b669fbe,Prambanan Temple Wall Carvings,flickr,kamsky,https://www.flickr.com/photos/38872730@N00/8139993882,https://live.staticflickr.com/8050/8139993882_0a347fa8d1_b.jpg,by,2.0,https://creativecommons.org/licenses/by/2.0/,Prambanan temple,1023,683,768,513,70.402,8d3ae84c2f86e98d758f875664d1c9f86827660e
0995.jpg,localtourism,1eaabc64-02ec-4d7c-87f8-bdaf721f68da,Prambanan Temple #6,flickr,hibino,https://www.flickr.com/photos/19126881@N00/4417580,https://live.staticflickr.com/3/4417580_9766dbe575_b.jpg,by,2.0,https://creativecommons.org/licenses/by/2.0/,Prambanan temple,1024,768,768,576,58.802,d1b46e57c70fb4994812176d70fe6db1655af8a7
0996.jpg,localtourism,53d2754e-23b1-4199-bbf5-148a5d78f881,Prambanan temple #instanusantara #hbd #heritage #unesco,flickr,alonrider,https://www.flickr.com/photos/46983778@N07/8274344921,https://live.staticflickr.com/8060/8274344921_01ab4649b1.jpg,by,2.0,https://creativecommons.org/licenses/by/2.0/,Prambanan temple,500,500,500,500,27.402,50e530603427344de6b42d6738fea42961f51e1e
1004.jpg,localtourism,f578255a-111e-4ae3-b808-cb9e73933482,Prambanan Temple #7,flickr,hibino,https://www.flickr.com/photos/19126881@N00/4417582,https://live.staticflickr.com/4/4417582_d06c171f1f_b.jpg,by,2.0,https://creativecommons.org/licenses/by/2.0/,Prambanan temple,1024,768,768,576,73.195,8d9c1de76e4b6299daf908f8076ad677cb68d106
1005.jpg,localtourism,ff4b0e1e-0c71-40d7-b2eb-98283e4d1fbd,Yogyakarta never ending asia @foursquare @retjobuntungfm #SapaPemiarsa @omgapplek Chekin Prambanan Temple,flickr,edisoesanto,https://www.flickr.com/photos/13301410@N03/6444718939,https://live.staticflickr.com/7026/6444718939_500834a250.jpg,by,2.0,https://creativecommons.org/licenses/by/2.0/,Prambanan temple,500,375,500,375,68.17,fcc1d6760e31363475a90e496f6d1571216ac15a
1006.jpg,localtourism,13bd3fa2-e068-493f-82fb-262c795494d0,Prambanan Temple,flickr,isapisa,https://www.flickr.com/photos/97189192@N00/44913623862,https://live.staticflickr.com/1951/44913623862_1f2e19b724_b.jpg,by-sa,2.0,https://creativecommons.org/licenses/by-sa/2.0/,Prambanan temple,1024,768,768,576,53.713,5618fc627bbd032032bc959fc83af7fe9af2b269
1007.jpg,localtourism,9d8aa1ba-9376-4b92-8803-67a832473773,"Prambanan Temple, Indonesia",flickr,rejflinger,https://www.flickr.com/photos/9175090@N05/5121433390,https://live.staticflickr.com/1417/5121433390_abac0ba179_b.jpg,by,2.0,https://creativecommons.org/licenses/by/2.0/,Prambanan temple,686,1024,514,768,57.069,9e9ee623a788f85cd282e4374fe8f662e3ca0650
1008.jpg,localtourism,79e8157b-f2a1-470c-9dec-9a25a2a0f8af,Prambanan Temple #kosasih #iphonesia #temple #landscape #natgeo #wordtraveller #natgeotraveller,flickr,Dina Kosasih,https://www.flickr.com/photos/47969029@N08/7079560331,https://live.staticflickr.com/7247/7079560331_ef094ab243.jpg,by,2.0,https://creativecommons.org/licenses/by/2.0/,Prambanan temple,500,500,500,500,59.845,00ba28db5aa8e57fbfdb42ecb549f865e810dfad
1009.jpg,localtourism,592f65b9-abea-4564-8f07-dd80df392014,Siluet of Prambanan temple,flickr,wiena_flickr,https://www.flickr.com/photos/49072926@N03/8467603167,https://live.staticflickr.com/8387/8467603167_e60b4afac9.jpg,by,2.0,https://creativecommons.org/licenses/by/2.0/,Prambanan temple,500,500,500,500,15.074,3650aca964f4b7c8ea72d5c425657700df91bc76
1010.jpg,localtourism,4e80e535-b812-4d37-9fd1-ce729fd0be7a,Prambanan Temple,flickr,Aditya Prabaswara,https://www.flickr.com/photos/132016975@N02/24359199382,https://live.staticflickr.com/1590/24359199382_c5f8896818_b.jpg,by,2.0,https://creativecommons.org/licenses/by/2.0/,Prambanan temple,1024,576,768,432,58.681,897bcb2399058225540a6dffc9bf4a900f68e6d2
1011.jpg,localtourism,0c645f11-3927-49bb-b3af-bbdd417fe8cc,Prambanan Temple #4,flickr,hibino,https://www.flickr.com/photos/19126881@N00/4417571,https://live.staticflickr.com/3/4417571_1cc63bac73_b.jpg,by,2.0,https://creativecommons.org/licenses/by/2.0/,Prambanan temple,1024,768,768,576,59.24,6b4c87170cefcf396b4acfe50af294d4acf71d4c
1012.jpg,localtourism,81abc2c3-9aed-400b-9712-95fa1edbc483,Prambanan Temple,flickr,isapisa,https://www.flickr.com/photos/97189192@N00/44962092101,https://live.staticflickr.com/1975/44962092101_0860e0b058_b.jpg,by-sa,2.0,https://creativecommons.org/licenses/by-sa/2.0/,Prambanan temple,1024,768,768,576,37.628,3115d280036b69bb59341fa889518fcdb3f8834b
1013.jpg,localtourism,f9403d35-b7ce-45df-b6a0-87bbe9b1fdc7,"Prambanan Temple, Yogyakarta",flickr,CostImage,https://www.flickr.com/photos/56659147@N08/7843893742,https://live.staticflickr.com/8291/7843893742_90e7534f1f.jpg,by,2.0,https://creativecommons.org/licenses/by/2.0/,Prambanan temple,500,376,500,376,45.886,ed7e54605b39c617634b8856066c272df2fcf07b
1014.jpg,localtourism,66726a18-27c4-4dba-925c-31eadcd83b50,Prambanan Temple,flickr,isapisa,https://www.flickr.com/photos/97189192@N00/30025090597,https://live.staticflickr.com/1940/30025090597_37aec0d9f7_b.jpg,by-sa,2.0,https://creativecommons.org/licenses/by-sa/2.0/,Prambanan temple,1024,768,768,576,37.729,68154a24229213f996fa4ddc6865e6c7ba97a46c
1015.jpg,localtourism,90ad7e7f-4c3a-47dd-9501-b832d1686e4f,Prambanan Temple,flickr,thereadytraveller,https://www.flickr.com/photos/150262163@N06/34782945424,https://live.staticflickr.com/4052/34782945424_b8d7dcb581_b.jpg,by-sa,2.0,https://creativecommons.org/licenses/by-sa/2.0/,Prambanan temple,1024,768,768,576,41.606,af736b4a97064c75fe9fae2752030d60e1aa85be
1016.jpg,localtourism,f7f98f3f-392d-4e29-bf20-0728c6fa70c4,Prambanan Temple (Siwa),flickr,emilleilmansyah,https://www.flickr.com/photos/147515474@N07/32661330611,https://live.staticflickr.com/626/32661330611_cc220ac9a8_b.jpg,by-sa,2.0,https://creativecommons.org/licenses/by-sa/2.0/,Prambanan temple,768,1024,576,768,51.799,0f35b1aabe4fa0f8ca18f37092b3b1b2be39aa0c
1017.jpg,localtourism,c4ea3b09-6bcf-4772-9725-7c7301a4c95a,Prambanan Temple,flickr,isapisa,https://www.flickr.com/photos/97189192@N00/43149318500,https://live.staticflickr.com/1927/43149318500_1b4ce74bbe_b.jpg,by-sa,2.0,https://creativecommons.org/licenses/by-sa/2.0/,Prambanan temple,1024,768,768,576,36.032,688aade7ff79594c3c3f7708d2c9ee0e258d956b
1018.jpg,localtourism,d1cebbab-ff60-403c-9724-5b9302245d35,Prambanan Temple,flickr,CharlieOnTravel,https://www.flickr.com/photos/143738113@N06/26424717359,https://live.staticflickr.com/4455/26424717359_6afcd417c7_b.jpg,by,2.0,https://creativecommons.org/licenses/by/2.0/,Prambanan temple,1024,683,768,512,47.557,35be93bff715f60c3bb2b224a4609d9b08cb1542
1019.jpg,localtourism,b4152735-6191-4ff2-96fd-a693bf657655,It was dusk by the time we reached Prambanan temple,flickr,shankar s.,https://www.flickr.com/photos/77742560@N06/43773488025,https://live.staticflickr.com/1878/43773488025_c5e212945c_b.jpg,by,2.0,https://creativecommons.org/licenses/by/2.0/,Prambanan temple,1024,684,768,513,56.519,0ead200b6a791c59cc6effba0a0636c4a772f64c
1020.jpg,localtourism,9f89191e-7a30-438e-8804-6b749c5790a4,Prambanan Temple,flickr,isapisa,https://www.flickr.com/photos/97189192@N00/31089306768,https://live.staticflickr.com/1963/31089306768_5aa2187d54_b.jpg,by-sa,2.0,https://creativecommons.org/licenses/by-sa/2.0/,Prambanan temple,683,1024,512,768,53.835,2a9adc788b93b31df7b201531dec11d849515553
1021.jpg,localtourism,80cc5b66-ea1a-41f5-bd64-c30ae2a2af0a,Prambanan Temple. #iphonesia,flickr,fauzanalfi,https://www.flickr.com/photos/58423623@N02/6338695102,https://live.staticflickr.com/6046/6338695102_cdff46bef5.jpg,by-sa,2.0,https://creativecommons.org/licenses/by-sa/2.0/,Prambanan temple,500,500,500,500,59.938,3336ca76e53f2f7366ce4f9a9fcb3178e4365ae4
1022.jpg,localtourism,2cb863a8-186d-41ce-a7ca-fb40dafc5f01,Prambanan Temple,flickr,isapisa,https://www.flickr.com/photos/97189192@N00/44913656252,https://live.staticflickr.com/1930/44913656252_957cd3cddf_b.jpg,by-sa,2.0,https://creativecommons.org/licenses/by-sa/2.0/,Prambanan temple,683,1024,512,768,40.69,6c5dd14836e3e0f7893e3001b705bdc926fc1f56
1023.jpg,localtourism,ae418e44-4357-4be3-ba51-ab5fff4e7ee4,Prambanan Temple (Siwa),flickr,emilleilmansyah,https://www.flickr.com/photos/147515474@N07/32632109882,https://live.staticflickr.com/630/32632109882_92d5497991_b.jpg,by-sa,2.0,https://creativecommons.org/licenses/by-sa/2.0/,Prambanan temple,768,1024,576,768,67.984,28aaa2e5aa36cc75706ee21cb3da6f50e2e7a034
1024.jpg,localtourism,6c382e1e-b078-49d9-9b40-97b9ba860fba,Prambanan Temple,flickr,isapisa,https://www.flickr.com/photos/97189192@N00/44913667322,https://live.staticflickr.com/1963/44913667322_255ed039af_b.jpg,by-sa,2.0,https://creativecommons.org/licenses/by-sa/2.0/,Prambanan temple,768,1024,576,768,82.826,ccaf456cedd93871a7dc600b2646c3afa608397f
1025.jpg,localtourism,8398a370-738e-457a-a172-9ca109eaf136,Prambanan Temple,flickr,isapisa,https://www.flickr.com/photos/97189192@N00/44242741654,https://live.staticflickr.com/1919/44242741654_14ee5a85bf_b.jpg,by-sa,2.0,https://creativecommons.org/licenses/by-sa/2.0/,Prambanan temple,683,1024,512,768,50.345,a1d2f4da0e0cd628b97aac8548bc490ff32efb73
1026.jpg,localtourism,ea622665-ab5a-4afe-acb6-a941ee3766f0,Prambanan Temple,flickr,isapisa,https://www.flickr.com/photos/97189192@N00/30025084337,https://live.staticflickr.com/1922/30025084337_6b200c91bf_b.jpg,by-sa,2.0,https://creativecommons.org/licenses/by-sa/2.0/,Prambanan temple,768,1024,576,768,37.688,42151eb663c80439d471adc270ad163fdcb3cd45
1027.jpg,localtourism,553808ed-1fc8-432e-b444-ab0b8d765482,Prambanan Temple,flickr,CharlieOnTravel,https://www.flickr.com/photos/143738113@N06/38145594876,https://live.staticflickr.com/4577/38145594876_45d9fb7893_b.jpg,by,2.0,https://creativecommons.org/licenses/by/2.0/,Prambanan temple,1024,683,768,512,60.447,ecb626514a481a04b87f19da82e866bded33736a
1028.jpg,localtourism,d464f3c5-c16d-4048-b994-7747ccba7f62,"Like a Prambanan Temple at Magelang, Indonesia",flickr,Arkadia1,https://www.flickr.com/photos/54129787@N05/5012055974,https://live.staticflickr.com/4133/5012055974_12c0560d1a_b.jpg,by,2.0,https://creativecommons.org/licenses/by/2.0/,Prambanan temple,768,1024,576,768,22.025,f0d8caf12a2534a6f8ccb545faa68e8edcd5732d
1032.jpg,localtourism,e855def7-91ea-4050-aa10-95af26f0e46b,In Prambanan Temple,flickr,Elhabib1516,https://www.flickr.com/photos/30490783@N06/5998058419,https://live.staticflickr.com/6020/5998058419_579fe68d3d.jpg,by,2.0,https://creativecommons.org/licenses/by/2.0/,Prambanan temple,336,499,336,499,36.857,6c34dfed8f8d47f520f375cbd0da8a58d4555383
1030.jpg,localtourism,6dbd07a3-5538-4a9e-bd7e-6f8b69340b27,Prambanan Temple,flickr,CharlieOnTravel,https://www.flickr.com/photos/143738113@N06/24348898958,https://live.staticflickr.com/4498/24348898958_1ca1d4fb47_b.jpg,by,2.0,https://creativecommons.org/licenses/by/2.0/,Prambanan temple,1024,683,768,512,52.694,9aefd5b48c7dc92d7713c0a711c1e5f883e1ebda
1029.jpg,localtourism,462ea3b3-2ba1-455d-aaac-8fa7c02e93a7,Prambanan Temple,flickr,isapisa,https://www.flickr.com/photos/97189192@N00/43149397240,https://live.staticflickr.com/1928/43149397240_bda0a4f8a6_b.jpg,by-sa,2.0,https://creativecommons.org/licenses/by-sa/2.0/,Prambanan temple,1024,683,768,512,59.429,197083829d85dacd109d12ac461c8759bdfcb1e4
1031.jpg,localtourism,92176a60-0027-4d5b-9527-fa33bedc4a08,Prambanan Temple,flickr,isapisa,https://www.flickr.com/photos/97189192@N00/43149377570,https://live.staticflickr.com/1908/43149377570_e14568cfd9_b.jpg,by-sa,2.0,https://creativecommons.org/licenses/by-sa/2.0/,Prambanan temple,1024,683,768,512,56.246,7be2d99d945af2f84383a4af96ef62c4f7e3da92
1033.jpg,localtourism,2ff745ba-1615-4f7e-b5f0-f75ee42ed886,Prambanan Temple,flickr,CharlieOnTravel,https://www.flickr.com/photos/143738113@N06/26424722429,https://live.staticflickr.com/4486/26424722429_1be8d78a2b_b.jpg,by,2.0,https://creativecommons.org/licenses/by/2.0/,Prambanan temple,1024,683,768,512,44.112,ad3a05b72f93aefe3aa3375fd57f850bcf7e08b2
1034.jpg,localtourism,ed816727-3db5-416a-9242-a4b0981dcbe4,Prambanan Temple,flickr,isapisa,https://www.flickr.com/photos/97189192@N00/43149347810,https://live.staticflickr.com/1907/43149347810_457fdf3f3b_b.jpg,by-sa,2.0,https://creativecommons.org/licenses/by-sa/2.0/,Prambanan temple,768,1024,576,768,61.182,96d98d34e9fb52e35e5195669586a99636a648d9
1038.jpg,localtourism,e8050ecc-6204-4657-808e-3721bf5aeaf5,Prambanan Temple. #iphonesia,flickr,fauzanalfi,https://www.flickr.com/photos/58423623@N02/6336790730,https://live.staticflickr.com/6050/6336790730_aff4536db4.jpg,by-sa,2.0,https://creativecommons.org/licenses/by-sa/2.0/,Prambanan temple,500,500,500,500,34.54,25c6f17f18fbfccbc80fa7a4754b1d3464daedba
1035.jpg,localtourism,8b5f171b-8e31-4b01-9599-957fb107b7b8,Prambanan Temple,flickr,isapisa,https://www.flickr.com/photos/97189192@N00/43149311510,https://live.staticflickr.com/1941/43149311510_8b439ab51d_b.jpg,by-sa,2.0,https://creativecommons.org/licenses/by-sa/2.0/,Prambanan temple,1024,768,768,576,32.546,166bfabae03a1a77cbac3011274333a52edb7fb4
1037.jpg,localtourism,0bf492f5-07ad-4e30-9e4f-8a3c6468a6a2,Prambanan Temple,flickr,isapisa,https://www.flickr.com/photos/97189192@N00/44962078261,https://live.staticflickr.com/1965/44962078261_1c11142f93_b.jpg,by-sa,2.0,https://creativecommons.org/licenses/by-sa/2.0/,Prambanan temple,1024,768,768,576,46.66,c6d392291078134a4caa33b05bcdaece03b87e36
1036.jpg,localtourism,4af4daf1-9ac7-4df8-9bd1-4fe6bd99a7f7,Prambanan Temple,flickr,isapisa,https://www.flickr.com/photos/97189192@N00/44962078351,https://live.staticflickr.com/1975/44962078351_260366f7e1_b.jpg,by-sa,2.0,https://creativecommons.org/licenses/by-sa/2.0/,Prambanan temple,769,1024,577,768,51.867,f84107bd8789819574473357f454a8341fb69a12
1039.jpg,localtourism,e5072925-b117-4abf-97c1-1d926b20c2fa,Prambanan Temple,flickr,isapisa,https://www.flickr.com/photos/97189192@N00/31089309798,https://live.staticflickr.com/1947/31089309798_29f5d64799_b.jpg,by-sa,2.0,https://creativecommons.org/licenses/by-sa/2.0/,Prambanan temple,683,1024,512,768,43.882,d1e7320427385b2722760558151c64a24b3df14d
1040.jpg,localtourism,52157a2b-e494-4023-9327-84a6cd7c2cb4,Prambanan Temple,flickr,isapisa,https://www.flickr.com/photos/97189192@N00/44962373311,https://live.staticflickr.com/1961/44962373311_a37943b78c_b.jpg,by-sa,2.0,https://creativecommons.org/licenses/by-sa/2.0/,Prambanan temple,1024,683,768,512,60.845,05a78963ab45ff4cafa2b29881ec91a4a70de673
1041.jpg,localtourism,ee99df34-ef2d-41ab-9e5b-b0aaf3690123,Prambanan Temple,flickr,adeliaiswari,https://www.flickr.com/photos/94668308@N05/11585615284,https://live.staticflickr.com/2891/11585615284_5e612174b6_b.jpg,by,2.0,https://creativecommons.org/licenses/by/2.0/,Prambanan temple,768,1024,576,768,47.589,01c959e6892c77b8309aa069fe6077cb84c7cd69
1043.jpg,localtourism,e0954910-80ac-4748-8a33-ebd0b02cbc40,Prambanan Temple,flickr,CharlieOnTravel,https://www.flickr.com/photos/143738113@N06/38169776012,https://live.staticflickr.com/4545/38169776012_40ae3cac68_b.jpg,by,2.0,https://creativecommons.org/licenses/by/2.0/,Prambanan temple,1024,683,768,512,36.698,1f8c062e5da1b162d0188e899722df73bb96f478
1042.jpg,localtourism,197dfdce-fcbf-4352-a428-d5b9c6afb539,Prambanan Temple,flickr,isapisa,https://www.flickr.com/photos/97189192@N00/44242739004,https://live.staticflickr.com/1915/44242739004_f6c82af9b9_b.jpg,by-sa,2.0,https://creativecommons.org/licenses/by-sa/2.0/,Prambanan temple,1024,683,768,512,29.163,d44bc33a97e0d54bb71fe4d595e4b333f237a07d
1044.jpg,localtourism,cc3bb5df-5cef-4d53-a617-3e648ad84905,Prambanan Temple,flickr,isapisa,https://www.flickr.com/photos/97189192@N00/31089235538,https://live.staticflickr.com/1919/31089235538_5159a194cd_b.jpg,by-sa,2.0,https://creativecommons.org/licenses/by-sa/2.0/,Prambanan temple,1024,769,768,577,54.465,a8638db36f6997c9dd01705976bb85a78bd21564
1046.jpg,localtourism,030412a8-484a-484d-a643-f66a0485b60f,Prambanan Temple,flickr,CharlieOnTravel,https://www.flickr.com/photos/143738113@N06/37490828474,https://live.staticflickr.com/4569/37490828474_430ff26118_b.jpg,by,2.0,https://creativecommons.org/licenses/by/2.0/,Prambanan temple,1024,683,768,512,29.231,5ba1d001a600f3128d45dcddfeaa342e1349cac9
1045.jpg,localtourism,169f7689-26b0-4a6c-9404-9eacc4e09ccd,Prambanan Temple,flickr,Allan Henderson,https://www.flickr.com/photos/88019192@N00/29698690173,https://live.staticflickr.com/8135/29698690173_96e30d0d47_b.jpg,by,2.0,https://creativecommons.org/licenses/by/2.0/,Prambanan temple,1023,576,768,432,67.21,42e267a5c7a6093b5914ef09cda8377c779fb6c1
1047.jpg,localtourism,d29c6536-1295-495d-9055-bf0631146198,Prambanan Temple,flickr,CharlieOnTravel,https://www.flickr.com/photos/143738113@N06/38169749922,https://live.staticflickr.com/4496/38169749922_b4d8e1e1ce_b.jpg,by,2.0,https://creativecommons.org/licenses/by/2.0/,Prambanan temple,683,1024,512,768,47.7,4ab7f9000d6544aa3fb5ae710a0ff09c676031a1
1049.jpg,localtourism,524741c7-19e0-4d83-8eea-74e41b277b18,Prambanan Temple,flickr,isapisa,https://www.flickr.com/photos/97189192@N00/31089275938,https://live.staticflickr.com/1977/31089275938_6243a0839c_b.jpg,by-sa,2.0,https://creativecommons.org/licenses/by-sa/2.0/,Prambanan temple,683,1024,512,768,31.213,dbfa7580b191c50f2580ea7168e32b22e795dda4
1048.jpg,localtourism,0b89ed65-b3d0-45bb-ba26-df322944cf41,Prambanan Temple,flickr,CharlieOnTravel,https://www.flickr.com/photos/143738113@N06/26424712519,https://live.staticflickr.com/4474/26424712519_c509aea62e_b.jpg,by,2.0,https://creativecommons.org/licenses/by/2.0/,Prambanan temple,1024,683,768,512,42.109,5c9450af2e30dd56144ca11e84f8daf129b38c6a
1051.jpg,localtourism,ce0e6372-a38f-49a2-86f1-43011ad55574,One of the greatest attraction in Yogyakarta: Prambanan Temple,flickr,fauzanalfi,https://www.flickr.com/photos/58423623@N02/8820003748,https://live.staticflickr.com/5458/8820003748_76b621c9e2.jpg,by-sa,2.0,https://creativecommons.org/licenses/by-sa/2.0/,Prambanan temple,500,500,500,500,64.777,60874c6f2c606b0445d86a46a292525ebb1ae09c
1050.jpg,localtourism,42abc38e-b8ba-4ca9-b4de-b6b7f1414e51,Prambanan Temple,flickr,isapisa,https://www.flickr.com/photos/97189192@N00/31089348478,https://live.staticflickr.com/1931/31089348478_fdb9f18810_b.jpg,by-sa,2.0,https://creativecommons.org/licenses/by-sa/2.0/,Prambanan temple,683,1024,512,768,57.32,593d6df495998dec1babb96b1404fb04dfa4c3fb
1055.jpg,localtourism,4780b3af-0f5d-4add-a28a-138f09912129,Prambanan Temple,flickr,isapisa,https://www.flickr.com/photos/97189192@N00/31089566918,https://live.staticflickr.com/1966/31089566918_7d1a08b293_b.jpg,by-sa,2.0,https://creativecommons.org/licenses/by-sa/2.0/,Prambanan temple,1024,683,768,512,22.98,ca13d63f22a3a8665d1fe235fd2adb54cd93092b
1052.jpg,localtourism,4e8eb0c2-6a21-4830-8953-ddb7a88fad1a,Prambanan Temple,flickr,isapisa,https://www.flickr.com/photos/97189192@N00/44242517954,https://live.staticflickr.com/1914/44242517954_055a90dcfe_b.jpg,by-sa,2.0,https://creativecommons.org/licenses/by-sa/2.0/,Prambanan temple,1024,683,768,512,56.187,14d3a1b846de492f2f1fd46b8186bf5a75a2e00d
1053.jpg,localtourism,e9567231-eb22-4169-80a8-83ab1c45013a,Prambanan Temple,flickr,CharlieOnTravel,https://www.flickr.com/photos/143738113@N06/24348895848,https://live.staticflickr.com/4462/24348895848_a813009e28_b.jpg,by,2.0,https://creativecommons.org/licenses/by/2.0/,Prambanan temple,1024,683,768,512,46.246,c59b345bd50174435685226d7cfd357b948599db
1054.jpg,localtourism,7af32935-7ac9-4b9e-9a2b-35b45f4761a6,Prambanan Temple,flickr,CharlieOnTravel,https://www.flickr.com/photos/143738113@N06/37490782474,https://live.staticflickr.com/4507/37490782474_ae6ff27af0_b.jpg,by,2.0,https://creativecommons.org/licenses/by/2.0/,Prambanan temple,1024,683,768,512,41.867,c147ddab5f56b68e4eb257e555ee4a37a8bd5627
1056.jpg,localtourism,9052b7e9-53e9-4bab-a837-aafa6574918d,Prambanan Temple,flickr,CharlieOnTravel,https://www.flickr.com/photos/143738113@N06/24348904088,https://live.staticflickr.com/4515/24348904088_8ba3563b45_b.jpg,by,2.0,https://creativecommons.org/licenses/by/2.0/,Prambanan temple,1024,683,768,512,32.249,fb8070bf882f2bd32f0321437d6d1adbb8a99354
1057.jpg,localtourism,2801ea3e-03a6-4545-8351-d43b936b440e,Prambanan Temple,flickr,CharlieOnTravel,https://www.flickr.com/photos/143738113@N06/37490786644,https://live.staticflickr.com/4570/37490786644_2a9dbd44c1_b.jpg,by,2.0,https://creativecommons.org/licenses/by/2.0/,Prambanan temple,1024,683,768,512,36.231,974cb7034dbe0f6ae590a4e89e87ededcff5acf4
1058.jpg,localtourism,667d6352-4ac8-48c2-ac17-896c741ea2c5,Prambanan Temple,flickr,isapisa,https://www.flickr.com/photos/97189192@N00/44242741034,https://live.staticflickr.com/1915/44242741034_374e0a60bd_b.jpg,by-sa,2.0,https://creativecommons.org/licenses/by-sa/2.0/,Prambanan temple,1024,683,768,512,29.77,e8dd9262d6cb796e9c4e554c9ffe00454f21db5a
1059.jpg,localtourism,0e5fc0bb-909d-44a7-8f15-689764856af5,Prambanan Temple,flickr,CharlieOnTravel,https://www.flickr.com/photos/143738113@N06/38169747342,https://live.staticflickr.com/4494/38169747342_7873d33b93_b.jpg,by,2.0,https://creativecommons.org/licenses/by/2.0/,Prambanan temple,683,1024,512,768,35.243,700351cd285594d7d8c14caeffe926615c8a0a8e
1061.jpg,localtourism,c2ce798f-08c2-4418-b772-b52f42b1236d,Prambanan Temple,flickr,CharlieOnTravel,https://www.flickr.com/photos/143738113@N06/38201905601,https://live.staticflickr.com/4541/38201905601_3c1fbe23ba_b.jpg,by,2.0,https://creativecommons.org/licenses/by/2.0/,Prambanan temple,1024,683,768,512,51.067,5a5aed34b72973efe5c7188e2b9615dcecdc18aa
1060.jpg,localtourism,46dd01f8-7f41-46bb-a5bd-1b2c9102a153,Prambanan Temple,flickr,CharlieOnTravel,https://www.flickr.com/photos/143738113@N06/24348918138,https://live.staticflickr.com/4490/24348918138_488a46151c_b.jpg,by,2.0,https://creativecommons.org/licenses/by/2.0/,Prambanan temple,1024,683,768,512,29.929,499d4a7488860e12f53008fa30fbe27565de1857
1062.jpg,localtourism,533c1ab1-136c-4ebb-9098-8808265bb5c9,Prambanan Temple,flickr,CharlieOnTravel,https://www.flickr.com/photos/143738113@N06/26424724479,https://live.staticflickr.com/4458/26424724479_983678a6fa_b.jpg,by,2.0,https://creativecommons.org/licenses/by/2.0/,Prambanan temple,1024,683,768,512,38.627,b34c06f00aa833dc71af2aedcdb41d879df23381
1063.jpg,localtourism,39793fda-6b2a-47b6-b780-3687800533f1,Prambanan Temple,flickr,CharlieOnTravel,https://www.flickr.com/photos/143738113@N06/37490784424,https://live.staticflickr.com/4510/37490784424_ea35d0f2cb_b.jpg,by,2.0,https://creativecommons.org/licenses/by/2.0/,Prambanan temple,1024,683,768,512,24.754,dae54314ad78cc8ca529621d8cac005a7b675928
1064.jpg,localtourism,debcd61f-3186-4822-8be8-52ab6617472d,Prambanan Temple,flickr,CharlieOnTravel,https://www.flickr.com/photos/143738113@N06/26424776859,https://live.staticflickr.com/4529/26424776859_8721dba928_b.jpg,by,2.0,https://creativecommons.org/licenses/by/2.0/,Prambanan temple,683,1024,512,768,41.066,d06e3dbd2dbd2215a84d12d0194d28aad04e2a99
1065.jpg,localtourism,cee10338-aa09-4178-919d-92e518d4bd72,Prambanan Temple Life,flickr,thereadytraveller,https://www.flickr.com/photos/150262163@N06/35584867206,https://live.staticflickr.com/4266/35584867206_814b6f3bbc_b.jpg,by-sa,2.0,https://creativecommons.org/licenses/by-sa/2.0/,Prambanan temple,1024,768,768,576,59.876,a9f9fc09bc76a85003b600de37a9ac8dee2d249a
1066.jpg,localtourism,e90c095f-3f2b-4763-9a50-348071f1316d,Prambanan Temple,flickr,isapisa,https://www.flickr.com/photos/97189192@N00/44049701695,https://live.staticflickr.com/1943/44049701695_8536a129d7_b.jpg,by-sa,2.0,https://creativecommons.org/licenses/by-sa/2.0/,Prambanan temple,683,1024,512,768,28.282,6439df75d2b3519b441a747a9df9a8cb30afc885
1067.jpg,localtourism,6e30275a-177c-4f4d-bbbd-baa596883074,Prambanan Temple,flickr,adeliaiswari,https://www.flickr.com/photos/94668308@N05/11585483643,https://live.staticflickr.com/3776/11585483643_1db432a0ab_b.jpg,by,2.0,https://creativecommons.org/licenses/by/2.0/,Prambanan temple,768,1024,576,768,34.788,b4ee2472a6b04573976dba8874f08929a2a2429d
1068.jpg,localtourism,84044b04-a17e-4c4b-8ff0-f7af278df7d5,Prambanan Temple,flickr,CharlieOnTravel,https://www.flickr.com/photos/143738113@N06/37490829544,https://live.staticflickr.com/4486/37490829544_f8bb9f25a7_b.jpg,by,2.0,https://creativecommons.org/licenses/by/2.0/,Prambanan temple,683,1024,512,768,29.576,ee8a2559605b732c0f755a095aff9156b6888ffa
1069.jpg,localtourism,ed9bdc44-6e4b-4478-ab28-5d42e8d0815a,Prambanan Temple,flickr,CharlieOnTravel,https://www.flickr.com/photos/143738113@N06/24348908988,https://live.staticflickr.com/4526/24348908988_a331737dab_b.jpg,by,2.0,https://creativecommons.org/licenses/by/2.0/,Prambanan temple,1024,683,768,512,42.696,30c4dfb65b2b8b61c98462af46adadac55d0d4b8
1072.jpg,localtourism,e63e14e5-a6b8-404c-8c0a-c25d9df63ca6,Prambanan Temple,flickr,imtakusay.taufik,https://www.flickr.com/photos/147045086@N02/33289118178,https://live.staticflickr.com/7815/33289118178_b01174f6f7_b.jpg,cc0,1.0,https://creativecommons.org/publicdomain/zero/1.0/,Prambanan temple,1024,768,768,576,28.105,2a9524dea55827ee2a5a8fcae6a7a242e7bbec76
1070.jpg,localtourism,a36caa6d-95ce-44cd-aafc-bbe7c28819f3,Prambanan Temple,flickr,adeliaiswari,https://www.flickr.com/photos/94668308@N05/11585489473,https://live.staticflickr.com/7330/11585489473_7a03672e20_b.jpg,by,2.0,https://creativecommons.org/licenses/by/2.0/,Prambanan temple,768,1024,576,768,49.591,f7451d49fbb6ef1fa3508e3b3d9a04bf2024246c
1071.jpg,localtourism,9ed0c118-2a42-4acf-8a18-fafc3473d300,Prambanan Temple,flickr,adeliaiswari,https://www.flickr.com/photos/94668308@N05/11585290275,https://live.staticflickr.com/7371/11585290275_eff799bfec_b.jpg,by,2.0,https://creativecommons.org/licenses/by/2.0/,Prambanan temple,768,1024,576,768,43.828,ce99f183d69a55838e90fd9a154966f4e2b98abf
1074.jpg,localtourism,f447d229-d475-422d-8890-f159c3f3aa6a,Prambanan Temple,flickr,isapisa,https://www.flickr.com/photos/97189192@N00/44049969845,https://live.staticflickr.com/1959/44049969845_43fd80fffd_b.jpg,by-sa,2.0,https://creativecommons.org/licenses/by-sa/2.0/,Prambanan temple,1024,683,768,512,37.673,8852b696fc2abb39a2bb12ec46ce2b758c294c56
1073.jpg,localtourism,c50b3ecb-edce-4031-992a-28dfc5d99288,Prambanan Temple,flickr,isapisa,https://www.flickr.com/photos/97189192@N00/43149416270,https://live.staticflickr.com/1939/43149416270_6c51d1d0e9_b.jpg,by-sa,2.0,https://creativecommons.org/licenses/by-sa/2.0/,Prambanan temple,1024,683,768,512,61.494,b7659c229704438016877a82766eb994b53b4e01
1075.jpg,localtourism,40663287-b157-4693-a32c-b886b1cbbf9d,Prambanan Temple,flickr,CharlieOnTravel,https://www.flickr.com/photos/143738113@N06/38201909211,https://live.staticflickr.com/4495/38201909211_2e25a88d60_b.jpg,by,2.0,https://creativecommons.org/licenses/by/2.0/,Prambanan temple,1024,683,768,512,36.484,547b71b9692e6f3bb0be347d07d5ac7de08dcaed
1077.jpg,localtourism,178b840d-d3fa-457b-ae75-99e52948cb81,Prambanan Temple,flickr,adeliaiswari,https://www.flickr.com/photos/94668308@N05/11585607454,https://live.staticflickr.com/7312/11585607454_ec5c206f22_b.jpg,by,2.0,https://creativecommons.org/licenses/by/2.0/,Prambanan temple,1024,768,768,576,46.999,aa5cbdb633c4c4ea253bd469c8708c28d8561fcd
1076.jpg,localtourism,92755b91-edbe-4c6d-b60b-ff221d477ae7,Prambanan Temple,flickr,isapisa,https://www.flickr.com/photos/97189192@N00/30025182287,https://live.staticflickr.com/1949/30025182287_8c9231071f_b.jpg,by-sa,2.0,https://creativecommons.org/licenses/by-sa/2.0/,Prambanan temple,1024,683,768,512,81.708,ad55c4a721a8a2928877e5a54c38e3c7b68452cd
1078.jpg,localtourism,c77cca52-1e12-47d3-b2f0-ab10295e9d34,Prambanan Temple,flickr,adeliaiswari,https://www.flickr.com/photos/94668308@N05/11585279825,https://live.staticflickr.com/3779/11585279825_7d5e4358bc_b.jpg,by,2.0,https://creativecommons.org/licenses/by/2.0/,Prambanan temple,1024,768,768,576,36.021,ae09e315f83147e5cf50f3c881c6f4bbd61b03b2
1081.jpg,localtourism,a2a025f7-1bca-4269-a82c-f0648c14394a,Prambanan Temple,flickr,CharlieOnTravel,https://www.flickr.com/photos/143738113@N06/24348923718,https://live.staticflickr.com/4563/24348923718_f5c4640177_b.jpg,by,2.0,https://creativecommons.org/licenses/by/2.0/,Prambanan temple,1024,683,768,512,35.895,0b3da9b7f21a409833b0a96e5eedf04f61b5c42a
1080.jpg,localtourism,3f04e7f3-2bac-47a9-bf96-d77c2a56aabb,Prambanan Temple,flickr,CharlieOnTravel,https://www.flickr.com/photos/143738113@N06/38169760872,https://live.staticflickr.com/4552/38169760872_f9d145fdb7_b.jpg,by,2.0,https://creativecommons.org/licenses/by/2.0/,Prambanan temple,1024,683,768,512,46.502,d8eb6729864cd76c21231767411d57bcb64a6d3b
1082.jpg,localtourism,a9c5837c-f8a3-419c-a323-3011cff7ecba,Prambanan Temple,flickr,CharlieOnTravel,https://www.flickr.com/photos/143738113@N06/38169753322,https://live.staticflickr.com/4480/38169753322_92dc574f87_b.jpg,by,2.0,https://creativecommons.org/licenses/by/2.0/,Prambanan temple,1024,683,768,512,42.118,07d0836649bd8fcef8114bc39a74a9ed3f85c702
1079.jpg,localtourism,3294450c-a4f0-4117-9e50-c662494a5e3a,Prambanan Temple,flickr,isapisa,https://www.flickr.com/photos/97189192@N00/44962153431,https://live.staticflickr.com/1943/44962153431_316d78792f_b.jpg,by-sa,2.0,https://creativecommons.org/licenses/by-sa/2.0/,Prambanan temple,1024,683,768,512,57.812,1152dc3bd33a529146492fecfcca384fff12ed7e
1083.jpg,localtourism,af1c0427-7782-4096-a25e-8018658d8ae0,Prambanan Temple,flickr,CharlieOnTravel,https://www.flickr.com/photos/143738113@N06/38201980001,https://live.staticflickr.com/4525/38201980001_dfd75c18c8_b.jpg,by,2.0,https://creativecommons.org/licenses/by/2.0/,Prambanan temple,1024,683,768,512,38.711,eb7cd0b0f5862c603f5c600255ac18f2dbc02cea
1085.jpg,localtourism,80bbe0e7-7241-4b36-9dc3-bc822772a15a,Prambanan Temple,flickr,CharlieOnTravel,https://www.flickr.com/photos/143738113@N06/37490830214,https://live.staticflickr.com/4513/37490830214_a045b27ed3_b.jpg,by,2.0,https://creativecommons.org/licenses/by/2.0/,Prambanan temple,1024,683,768,512,28.026,efb8786fef32b081aa4d63e888f344d88a2b2a04
1084.jpg,localtourism,0aa057f8-01e5-40c8-ae08-79f420d47f81,Prambanan Temple,flickr,CharlieOnTravel,https://www.flickr.com/photos/143738113@N06/37490789154,https://live.staticflickr.com/4474/37490789154_73fdbca4cf_b.jpg,by,2.0,https://creativecommons.org/licenses/by/2.0/,Prambanan temple,1024,683,768,512,36.588,c1b3d4bc0ea3f9bac7d88edcf1ab4741a8be9182
1086.jpg,localtourism,c724f580-f15e-4f25-b439-95ba6eb5b246,Prambanan Temple,flickr,CharlieOnTravel,https://www.flickr.com/photos/143738113@N06/38169812542,https://live.staticflickr.com/4467/38169812542_7c2ebe51d5_b.jpg,by,2.0,https://creativecommons.org/licenses/by/2.0/,Prambanan temple,1024,683,768,512,40.541,7cc7731a191926ec65af7359d9dd3725684e02b7
1087.jpg,localtourism,46fe079e-1c7b-4cc9-96fe-df5fdf3ea308,Prambanan Temple,flickr,CharlieOnTravel,https://www.flickr.com/photos/143738113@N06/38169765322,https://live.staticflickr.com/4443/38169765322_aee1be755d_b.jpg,by,2.0,https://creativecommons.org/licenses/by/2.0/,Prambanan temple,1024,683,768,512,43.551,d96fb1ee780ba8edef94bb71aa0ae58e99664c08
1089.jpg,localtourism,d683663b-3f95-4aba-9ef9-ed4bf3b6d601,Prambanan Temple,flickr,CharlieOnTravel,https://www.flickr.com/photos/143738113@N06/38169738502,https://live.staticflickr.com/4527/38169738502_9ce25cc670_b.jpg,by,2.0,https://creativecommons.org/licenses/by/2.0/,Prambanan temple,1024,683,768,512,37.448,638854ca60c70fb9f9db476f425f2efdde7928f6
1090.jpg,localtourism,1a5629df-8adc-40d0-bba8-e2ee19d031b9,Prambanan Temple,flickr,CharlieOnTravel,https://www.flickr.com/photos/143738113@N06/38201910841,https://live.staticflickr.com/4488/38201910841_4d381455d1_b.jpg,by,2.0,https://creativecommons.org/licenses/by/2.0/,Prambanan temple,683,1024,512,768,29.777,3584a9ba9e7c980ba5381b4ca3d865e522e736ad
1091.jpg,localtourism,dba9c0e1-2220-46ad-926b-58429e008026,Prambanan Temple,flickr,CharlieOnTravel,https://www.flickr.com/photos/143738113@N06/38169816642,https://live.staticflickr.com/4526/38169816642_b49d4326c7_b.jpg,by,2.0,https://creativecommons.org/licenses/by/2.0/,Prambanan temple,1024,683,768,512,35.165,c50796fb639563d6fa4226a80adea64e6a59ec66
1088.jpg,localtourism,d9757db2-a5e4-4264-8df6-3b6ccfabcab8,Prambanan Temple,flickr,CharlieOnTravel,https://www.flickr.com/photos/143738113@N06/38145577946,https://live.staticflickr.com/4586/38145577946_a1e5f57dd0_b.jpg,by,2.0,https://creativecommons.org/licenses/by/2.0/,Prambanan temple,683,1024,512,768,38.669,83d95622671f8b0da977a2504ce593526ec7e13a
1093.jpg,localtourism,5288e535-72a0-4805-a651-9f637da7f28e,Prambanan Temple,flickr,CharlieOnTravel,https://www.flickr.com/photos/143738113@N06/38169756512,https://live.staticflickr.com/4462/38169756512_3868f07bc2_b.jpg,by,2.0,https://creativecommons.org/licenses/by/2.0/,Prambanan temple,1024,683,768,512,32.912,e34148d1f362bb4fc0f9379539a8a7967b3f4225
1092.jpg,localtourism,8bd765e7-2733-443e-9ed5-f960a639251a,Prambanan Temple,flickr,CharlieOnTravel,https://www.flickr.com/photos/143738113@N06/24348913828,https://live.staticflickr.com/4511/24348913828_d973247f28_b.jpg,by,2.0,https://creativecommons.org/licenses/by/2.0/,Prambanan temple,1024,683,768,512,42.358,2e82940bdebf8146aa83c1fc0c0138f21ff0ee9f
1094.jpg,localtourism,df77f573-cba3-4df8-b10a-43c07784aa47,Prambanan Temple,flickr,CharlieOnTravel,https://www.flickr.com/photos/143738113@N06/38201960731,https://live.staticflickr.com/4555/38201960731_553eba402f_b.jpg,by,2.0,https://creativecommons.org/licenses/by/2.0/,Prambanan temple,1024,683,768,512,40.01,0d15b76f5f61ef3428b947eede554810bbdbdd30
1095.jpg,localtourism,6e381463-2f55-4aa1-b8ed-f3ddee9d0e07,Prambanan Temple,flickr,CharlieOnTravel,https://www.flickr.com/photos/143738113@N06/37490791524,https://live.staticflickr.com/4575/37490791524_a06f82c6e9_b.jpg,by,2.0,https://creativecommons.org/licenses/by/2.0/,Prambanan temple,1024,683,768,512,43.127,7272f77449775205a5ccd9e0da03e916a3ce1cab
1099.jpg,localtourism,8720f445-940d-4972-b7dc-43a06f0ebee4,Prambanan Temple,flickr,CharlieOnTravel,https://www.flickr.com/photos/143738113@N06/26424705989,https://live.staticflickr.com/4579/26424705989_356c73ed63_b.jpg,by,2.0,https://creativecommons.org/licenses/by/2.0/,Prambanan temple,1024,683,768,512,39.348,b5d3a65535db8eaf1f1ed30ccec866ebf4e08edd
1101.jpg,localtourism,c7525c7b-ca47-4c5f-b2e4-421b71156fa2,Prambanan Temple,flickr,CharlieOnTravel,https://www.flickr.com/photos/143738113@N06/37490833444,https://live.staticflickr.com/4461/37490833444_2a42758a38_b.jpg,by,2.0,https://creativecommons.org/licenses/by/2.0/,Prambanan temple,1024,683,768,512,48.648,cf05956686193abf200ea41f100a657460e973ea
1100.jpg,localtourism,72c3e4fa-f511-4373-bef8-36ee668fa301,Prambanan Temple,flickr,CharlieOnTravel,https://www.flickr.com/photos/143738113@N06/37490832254,https://live.staticflickr.com/4513/37490832254_c794915b7a_b.jpg,by,2.0,https://creativecommons.org/licenses/by/2.0/,Prambanan temple,1024,683,768,512,43.554,8337450e5a935ae3fde3d61ba5cc5b0fcc3ccbc4
1097.jpg,localtourism,d45f9399-68bb-43e7-b0ae-884efcee0dd8,Prambanan Temple,flickr,CharlieOnTravel,https://www.flickr.com/photos/143738113@N06/38169772062,https://live.staticflickr.com/4452/38169772062_154ee1af00_b.jpg,by,2.0,https://creativecommons.org/licenses/by/2.0/,Prambanan temple,1024,683,768,512,40.2,c66f901bf8861785ffbeaa1dd6cc1fb1b4833669
1098.jpg,localtourism,bf55e08c-b812-4f13-a1b1-4fe94e69c67b,Prambanan Temple,flickr,CharlieOnTravel,https://www.flickr.com/photos/143738113@N06/24348901718,https://live.staticflickr.com/4459/24348901718_591ea6df79_b.jpg,by,2.0,https://creativecommons.org/licenses/by/2.0/,Prambanan temple,1024,683,768,512,35.177,83f9b08ce5dbd0121f13ad574aaa717b5af5489e
1096.jpg,localtourism,97eef9a8-ee36-4f3e-ac40-debfa8dca7a3,Prambanan Temple,flickr,CharlieOnTravel,https://www.flickr.com/photos/143738113@N06/26424766929,https://live.staticflickr.com/4520/26424766929_1f47f0ff83_b.jpg,by,2.0,https://creativecommons.org/licenses/by/2.0/,Prambanan temple,1024,683,768,512,51.105,39fe3fe3d5c486f5fc316a1ed1ddceed2c8d7edd
1102.jpg,localtourism,96a79604-ae39-46ff-95aa-3ca32f4e6e32,Prambanan Temple,flickr,CharlieOnTravel,https://www.flickr.com/photos/143738113@N06/38169829282,https://live.staticflickr.com/4554/38169829282_9069805f11_b.jpg,by,2.0,https://creativecommons.org/licenses/by/2.0/,Prambanan temple,1024,683,768,512,52.071,c902bedf3110e36dde08de69ed58ce61adc4297c
1103.jpg,localtourism,ddbfcf0e-d728-456d-a56d-5c6fdeab105f,Prambanan Temple,flickr,CharlieOnTravel,https://www.flickr.com/photos/143738113@N06/38169778392,https://live.staticflickr.com/4454/38169778392_dbd07a743b_b.jpg,by,2.0,https://creativecommons.org/licenses/by/2.0/,Prambanan temple,1024,683,768,512,38.607,71539667f10f29db490daf262117589b6ce44b4a
1104.jpg,localtourism,9b2de76a-ea1b-491d-97d4-e3fb87197079,Prambanan Temple,flickr,CharlieOnTravel,https://www.flickr.com/photos/143738113@N06/26424700789,https://live.staticflickr.com/4525/26424700789_f3b0765043_b.jpg,by,2.0,https://creativecommons.org/licenses/by/2.0/,Prambanan temple,1024,683,768,512,43.178,53916104b361e77114f6194ecac94e9535386f05
1106.jpg,localtourism,5095d62c-f61c-4dda-bc4b-f2fbfa2fc231,Prambanan Temple,flickr,CharlieOnTravel,https://www.flickr.com/photos/143738113@N06/38169737012,https://live.staticflickr.com/4505/38169737012_bcd22a77f4_b.jpg,by,2.0,https://creativecommons.org/licenses/by/2.0/,Prambanan temple,1024,683,768,512,31.407,6915c0dd7c11f1046b95dcf6932f2dd5603d0186
1107.jpg,localtourism,7e0dbada-873a-4773-a886-ce8b1fd9a5a2,Prambanan Temple,flickr,CharlieOnTravel,https://www.flickr.com/photos/143738113@N06/38201983841,https://live.staticflickr.com/4453/38201983841_c9cb013bd9_b.jpg,by,2.0,https://creativecommons.org/licenses/by/2.0/,Prambanan temple,1024,683,768,512,28.919,4556ee78dcb29a9dc915d69dceb9bcccd14ec792
1108.jpg,localtourism,c4d8bba2-c841-4b7f-a65c-a5ce4ccc162a,Prambanan Temple,flickr,CharlieOnTravel,https://www.flickr.com/photos/143738113@N06/38169823142,https://live.staticflickr.com/4560/38169823142_9c04c4889f_b.jpg,by,2.0,https://creativecommons.org/licenses/by/2.0/,Prambanan temple,1024,683,768,512,29.436,6a0925988e4cce20f45463ce86058cac209c20e7
1105.jpg,localtourism,6fa634ab-ab68-4195-a54f-56e2a722b3b7,Prambanan Temple,flickr,CharlieOnTravel,https://www.flickr.com/photos/143738113@N06/38201901251,https://live.staticflickr.com/4540/38201901251_68bab92bdc_b.jpg,by,2.0,https://creativecommons.org/licenses/by/2.0/,Prambanan temple,1024,683,768,512,43.458,beda7a59ab2de9d779ec2643a864603a61c0fdeb
1110.jpg,localtourism,80caebac-19ef-4903-bbf6-128cea20de13,Prambanan Temple,flickr,CharlieOnTravel,https://www.flickr.com/photos/143738113@N06/37490793814,https://live.staticflickr.com/4447/37490793814_6e3b55ce14_b.jpg,by,2.0,https://creativecommons.org/licenses/by/2.0/,Prambanan temple,1024,683,768,512,43.565,d61f2e2dfa91bc150978a208e3890728a15dedd5
1109.jpg,localtourism,5bfd72c5-334c-4104-897c-afee6a499b31,Prambanan Temple,flickr,CharlieOnTravel,https://www.flickr.com/photos/143738113@N06/26424774659,https://live.staticflickr.com/4538/26424774659_9cfe96d8c0_b.jpg,by,2.0,https://creativecommons.org/licenses/by/2.0/,Prambanan temple,683,1024,512,768,42.9,5befc709701df90bca8ccde6424cc9a3da99e43e
1111.jpg,localtourism,703252ea-190e-42d5-8ae5-e15a2e2b4b94,Prambanan Temple,flickr,CharlieOnTravel,https://www.flickr.com/photos/143738113@N06/26424772479,https://live.staticflickr.com/4575/26424772479_2f6a7f4cb3_b.jpg,by,2.0,https://creativecommons.org/licenses/by/2.0/,Prambanan temple,683,1024,512,768,38.923,aa18f193126dcf85f5a6b033daa3bbd374bd43f5
1112.jpg,localtourism,de288c23-c914-4cc5-befd-b916309203ce,Prambanan Temple,flickr,CharlieOnTravel,https://www.flickr.com/photos/143738113@N06/38169773932,https://live.staticflickr.com/4468/38169773932_ddbfd5f3bb_b.jpg,by,2.0,https://creativecommons.org/licenses/by/2.0/,Prambanan temple,1024,683,768,512,42.291,cb5dca28e1d657d1b46d0e312a3ae60a9b385d45
1113.jpg,localtourism,28587e46-67cf-427a-9f62-5bced3c17e80,Prambanan Temple,flickr,avialpert,https://www.flickr.com/photos/129651693@N07/16517251867,https://live.staticflickr.com/8598/16517251867_828e331029_b.jpg,by-sa,2.0,https://creativecommons.org/licenses/by-sa/2.0/,Prambanan temple,1024,768,768,576,32.52,fa21c031569c4dcdfcd663f2d4b0559a7bc3bb2a
1114.jpg,localtourism,28437f81-c223-4304-aa8d-fb48cbd1efda,Free Prambanan Temple image,rawpixel,,https://www.rawpixel.com/image/5904361/photo-image-public-domain-free-travel,https://images.rawpixel.com/editor_1024/cHJpdmF0ZS9zdGF0aWMvaW1hZ2Uvd2Vic2l0ZS8yMDIyLTA0L2xyL3B4OTEzODg5LWltYWdlLWt3dnV0d3JxLmpwZw.jpg,cc0,1.0,https://creativecommons.org/publicdomain/zero/1.0/,Prambanan temple,1024,681,768,511,59.543,b0f6b7d6eedca504c17073edd79231c29cbc9490
1115.jpg,localtourism,58941a76-4661-4bc0-b527-df0b9e7bff95,"Prambanan Temple, Yogyakarta",rawpixel,,https://www.rawpixel.com/image/3338261/free-photo-image-hindu-temple-adventure,https://images.rawpixel.com/editor_1024/czNmcy1wcml2YXRlL3Jhd3BpeGVsX2ltYWdlcy93ZWJzaXRlX2NvbnRlbnQvbHIvd2s4ODk3NzIxMC1pbWFnZS1rcDZjZXd0cy5qcGc.jpg,cc0,1.0,https://creativecommons.org/publicdomain/zero/1.0/,Prambanan temple,1024,683,768,512,70.468,0ee86dea98bba604c56b299e57b26e9b4afd397d
1185.jpg,localtourism,ac0f4bb4-b67a-45a7-b974-1ab69d8f586f,Monas Jakarta ---> Monumen Nasional !,flickr,BEST PHOTO,https://www.flickr.com/photos/51434968@N00/1202039057,https://live.staticflickr.com/1423/1202039057_986bb35857_b.jpg,by,2.0,https://creativecommons.org/licenses/by/2.0/,Monas Jakarta,1024,766,768,575,25.641,5dadaf2e970d699970e26f24d3e10be3dccf8979
1186.jpg,localtourism,658e8aa1-3edf-4395-ab4a-1a1b480e1fbc,MONAS JAKARTA,flickr,Prayitno / Thank you for (12 millions +) view,https://www.flickr.com/photos/34128007@N04/8523747760,https://live.staticflickr.com/8515/8523747760_2d95fa2bb1_b.jpg,by,2.0,https://creativecommons.org/licenses/by/2.0/,Monas Jakarta,683,1024,512,768,30.112,e99312e6f59b5808c076566e86facb0b144d7fbb
1188.jpg,localtourism,c52d3ec8-7bd2-42fd-9ef7-c384703e3251,"Gulali2 @monas, Jakarta",flickr,CostImage,https://www.flickr.com/photos/56659147@N08/7843889034,https://live.staticflickr.com/8423/7843889034_9a416484a3_b.jpg,by,2.0,https://creativecommons.org/licenses/by/2.0/,Monas Jakarta,579,1024,434,768,83.849,698b1cd36a1081bc40bca4f1354c67113eb5175a
1190.jpg,localtourism,ed5e0435-36fa-47ce-a301-edfbd97824fb,"Monas, Jakarta, Java, Indonesia",flickr,Kaeru,https://www.flickr.com/photos/51035756584@N01/2497839854,https://live.staticflickr.com/2366/2497839854_081ece9e6e_b.jpg,by,2.0,https://creativecommons.org/licenses/by/2.0/,Monas Jakarta,768,1024,576,768,13.203,42c652c37f76e5b45267b7aee293dc96da64438f
1191.jpg,localtourism,b2156ec3-1893-4acd-8e58-20b756760bf3,The old school date at Monas #jakarta,flickr,Dina Kosasih,https://www.flickr.com/photos/47969029@N08/8502532317,https://live.staticflickr.com/8519/8502532317_f440afe51d.jpg,by,2.0,https://creativecommons.org/licenses/by/2.0/,Monas Jakarta,500,500,500,500,24.167,8bd1d741571f91abbedfc329705435bcfc1b6674
1197.jpg,localtourism,19b25e97-82ff-4fbc-98ec-c89b4cf52960,JAKARTA,flickr,Prayitno / Thank you for (12 millions +) view,https://www.flickr.com/photos/34128007@N04/8540393087,https://live.staticflickr.com/8373/8540393087_d1e047a9bf_b.jpg,by,2.0,https://creativecommons.org/licenses/by/2.0/,Monas Jakarta,1024,683,768,512,82.095,bcd5692c26e8728fbbcc2ac9635a22cb034dd6d5
1198.jpg,localtourism,29c948f6-cf24-4a42-b13b-affca415a00a,Monas,flickr,a_rabin,https://www.flickr.com/photos/23944780@N03/5750300780,https://live.staticflickr.com/2600/5750300780_6b5cffe764_b.jpg,by,2.0,https://creativecommons.org/licenses/by/2.0/,Monas Jakarta,864,1023,649,768,35.526,5e77cb9634ed44d5aea8f7d59ae3773e2701733a
1200.jpg,localtourism,5f0f80a4-78cd-403d-9d27-f2ecd87e7001,Gambir station Jakarta,wikimedia,Sakurai Midori,https://commons.wikimedia.org/w/index.php?curid=1383425,https://upload.wikimedia.org/wikipedia/commons/1/1c/Gambir_station_Jakarta.JPG,by-sa,3.0,https://creativecommons.org/licenses/by-sa/3.0/,Monas Jakarta,2048,1536,768,576,55.39,1dbe1e289c77abc9000fb701867b015757a02718
1203.jpg,localtourism,e95c0852-7d43-4202-afe6-5478c1acc202,Jakarta city centre from Monas,flickr,"Ya, saya inBaliTimur",https://www.flickr.com/photos/96261485@N08/22658831770,https://live.staticflickr.com/586/22658831770_aa52b04fa3_b.jpg,by-sa,2.0,https://creativecommons.org/licenses/by-sa/2.0/,Monas Jakarta,1024,322,768,242,66.571,f19513886c2f7acb5ca080c9faee8384158f7ceb
1204.jpg,localtourism,ef755b21-5c5c-4495-8232-29676f4607fb,G38,flickr,victorulijn,https://www.flickr.com/photos/119479376@N08/15166958412,https://live.staticflickr.com/3869/15166958412_57577dff4f_b.jpg,by-sa,2.0,https://creativecommons.org/licenses/by-sa/2.0/,Monas Jakarta,1024,683,768,512,43.641,3f84ec53e8681d8beeb2daaeeafd732b8d676310
1205.jpg,localtourism,4bacb5c7-5916-4c5a-b430-35d70317958f,,flickr,sbamueller,https://www.flickr.com/photos/94417372@N00/9518266252,https://live.staticflickr.com/7331/9518266252_a34fb4a0c5_b.jpg,by-sa,2.0,https://creativecommons.org/licenses/by-sa/2.0/,Monas Jakarta,1024,768,768,576,32.5,cbe6697eac1697dd2fd1ac581614cffe0353ed6b
1210.jpg,localtourism,27c77c54-eadd-4db0-9543-1736707cb955,G37,flickr,victorulijn,https://www.flickr.com/photos/119479376@N08/15144309106,https://live.staticflickr.com/5563/15144309106_789881046d_b.jpg,by-sa,2.0,https://creativecommons.org/licenses/by-sa/2.0/,Monas Jakarta,1024,683,768,512,38.469,79bc978fdf131471b12edcd53dc128f0372624cf
1211.jpg,localtourism,04c85083-f394-4e72-b5a2-0e812a3090ba,Mo Nas,flickr,Pramoedita,https://www.flickr.com/photos/99813458@N00/2324557412,https://live.staticflickr.com/2275/2324557412_9778bc3a06_b.jpg,by,2.0,https://creativecommons.org/licenses/by/2.0/,Monas Jakarta,768,1024,576,768,29.881,e1d506b39281c57991ab65b1d061b01f64f2c755
1212.jpg,localtourism,3cffed45-584b-42b3-9f8a-092f009f35ce,Gambir Area,flickr,"Ya, saya inBaliTimur",https://www.flickr.com/photos/96261485@N08/26001080942,https://live.staticflickr.com/1638/26001080942_54507edb66_b.jpg,by-sa,2.0,https://creativecommons.org/licenses/by-sa/2.0/,Monas Jakarta,1024,577,768,433,50.971,60df278f607c67a80f98000c2de1d938e979a4b7
1214.jpg,localtourism,ec11f8f7-54ae-40c4-87e8-2c8815f0057d,Panorama Kota Jakarta,flickr,"Ya, saya inBaliTimur",https://www.flickr.com/photos/96261485@N08/28066940649,https://live.staticflickr.com/4713/28066940649_f3855636de_b.jpg,by-sa,2.0,https://creativecommons.org/licenses/by-sa/2.0/,Monas Jakarta,1022,255,768,192,72.319,2ab00cafc40d26e9a1f8a92e67f4185544dc9a93
1213.jpg,localtourism,feeeff24-8fca-496a-9d58-cd063a0e1104,City Bustour Jakarta - front,flickr,"Ya, saya inBaliTimur",https://www.flickr.com/photos/96261485@N08/17155319340,https://live.staticflickr.com/8799/17155319340_0414e0af59_b.jpg,by-sa,2.0,https://creativecommons.org/licenses/by-sa/2.0/,Monas Jakarta,685,1023,514,768,62.373,3a443e19f5d798bcc6e2fa7ead2fe0a7d9261ceb
1220.jpg,localtourism,76f10e05-b11c-4489-ae67-89110cff2d94,City Bustour Jakarta,flickr,"Ya, saya inBaliTimur",https://www.flickr.com/photos/96261485@N08/16722623523,https://live.staticflickr.com/8764/16722623523_51e55ac60e_b.jpg,by-sa,2.0,https://creativecommons.org/licenses/by-sa/2.0/,Monas Jakarta,1023,536,768,402,62.678,50034106dc5bd7283562b6fee20ab611ad4c0def
1223.jpg,localtourism,24bb0151-f02c-4aa5-b81f-84aee21be79c,Monumen Nasional,flickr,Bonar Gultom,https://www.flickr.com/photos/52136703@N00/4698420521,https://live.staticflickr.com/4056/4698420521_52dab34900_b.jpg,by,2.0,https://creativecommons.org/licenses/by/2.0/,Monas Jakarta,1024,683,768,512,28.144,70caf27512d003d54890647703d01c031dea5fc9
1225.jpg,localtourism,060f6e62-c514-4093-85a6-5289bfa5d587,monas,flickr,Max Grabert,https://www.flickr.com/photos/9928643@N02/2573418593,https://live.staticflickr.com/3005/2573418593_0efb550180_b.jpg,by-sa,2.0,https://creativecommons.org/licenses/by-sa/2.0/,Monas Jakarta,768,1024,576,768,26.062,ec09253326d7a8bc0a04ca06206476ef4e1e824f
1226.jpg,localtourism,677097b4-c0ec-4525-8fff-012b19d46a44,Monas in the night,flickr,Anis Eka,https://www.flickr.com/photos/43878560@N05/4826183938,https://live.staticflickr.com/4118/4826183938_82296d82c8_b.jpg,by,2.0,https://creativecommons.org/licenses/by/2.0/,Monas Jakarta,688,1024,516,768,21.635,50f8a5f399db175f2f5515543c54099faeb2e619
1237.jpg,localtourism,fa5c5d99-fd4c-4d5f-b070-5846551859c2,Monumen IKADA,flickr,"Ya, saya inBaliTimur",https://www.flickr.com/photos/96261485@N08/43687615594,https://live.staticflickr.com/1862/43687615594_a3cd63e422_b.jpg,by-sa,2.0,https://creativecommons.org/licenses/by-sa/2.0/,Monas Jakarta,1024,944,768,708,49.595,e24c7c7ddc8534e028a678575abda623aadc6931
1238.jpg,localtourism,411b87dc-7549-44d6-8e1a-26fa345a3cb5,Istana Harmoni & Bank BTN,flickr,"Ya, saya inBaliTimur",https://www.flickr.com/photos/96261485@N08/26288278166,https://live.staticflickr.com/1470/26288278166_0de18e9576_b.jpg,by-sa,2.0,https://creativecommons.org/licenses/by-sa/2.0/,Monas Jakarta,1024,863,768,647,62.144,1e059d43ad50ebf253b7052abda302553842ed00
1239.jpg,localtourism,10bfcac1-e5e0-4468-86a5-30cadc7e8ee8,IBR_2024,flickr,IBRARA,https://www.flickr.com/photos/56057138@N04/9692029978,https://live.staticflickr.com/3693/9692029978_369efa2863_b.jpg,by,2.0,https://creativecommons.org/licenses/by/2.0/,Monas Jakarta,683,1024,512,768,54.297,c3a5bc6b6400ed78c95bf1d09a67b5c9cd1b85e7
1241.jpg,localtourism,727cc97c-e367-426b-b1c4-70cbdb358856,Monas,flickr,anthonycramp,https://www.flickr.com/photos/7770166@N05/1360064492,https://live.staticflickr.com/1322/1360064492_68927afb1b_b.jpg,by,2.0,https://creativecommons.org/licenses/by/2.0/,Monas Jakarta,683,1024,512,768,18.162,f44a9185d8e550562d6bb59c4d0dfa02c614aef2
1240.jpg,localtourism,9e1740dd-6cad-488e-bf5a-3a30da2449f2,Monumen IKADA,flickr,"Ya, saya inBaliTimur",https://www.flickr.com/photos/96261485@N08/29467803137,https://live.staticflickr.com/1890/29467803137_08a5380348_b.jpg,by-sa,2.0,https://creativecommons.org/licenses/by-sa/2.0/,Monas Jakarta,686,1024,514,768,40.706,e0d2741fee70d7fb7f2ae51541a814bced97b994
1242.jpg,localtourism,ac8b47f8-ea1d-423e-a903-6c28f08ea785,Istana Harmoni & Bank BTN - 2,flickr,"Ya, saya inBaliTimur",https://www.flickr.com/photos/96261485@N08/25711473323,https://live.staticflickr.com/1715/25711473323_6304d52d88_b.jpg,by-sa,2.0,https://creativecommons.org/licenses/by-sa/2.0/,Monas Jakarta,1024,538,768,404,55.675,fd500078c9d51a2219e856752ba3a88af399bf61
1243.jpg,localtourism,00466f09-c675-4d78-93aa-d18cb7713b91,100_0372,flickr,a_rabin,https://www.flickr.com/photos/23944780@N03/5759945203,https://live.staticflickr.com/5068/5759945203_8b2c0bea52_b.jpg,by,2.0,https://creativecommons.org/licenses/by/2.0/,Monas Jakarta,1024,768,768,576,51.436,9652e57e1b2a95e8805e2c22dfe13c9dbd9e8634
1244.jpg,localtourism,cabcf9a1-e069-4490-8188-93897bad7003,Monumen IKADA,flickr,"Ya, saya inBaliTimur",https://www.flickr.com/photos/96261485@N08/31405319378,https://live.staticflickr.com/1948/31405319378_056df535ac_b.jpg,by-sa,2.0,https://creativecommons.org/licenses/by-sa/2.0/,Monas Jakarta,1023,685,768,514,44.975,b8878fac2de46e81791bc03d5f454921c82b85f0
1245.jpg,localtourism,16b0087a-23c8-42ed-aa10-266b048a8751,IMG_1171,flickr,sbamueller,https://www.flickr.com/photos/94417372@N00/4085881280,https://live.staticflickr.com/2574/4085881280_25cb39f179_b.jpg,by-sa,2.0,https://creativecommons.org/licenses/by-sa/2.0/,Monas Jakarta,1023,575,768,432,42.577,9a3725275cd78d25745442ab9d034e8ccf37fb28
1246.jpg,localtourism,39549d76-f26b-4d86-8d6f-47c5833b2e29,Ambassador Joins President Yudhoyono and Majelis Rasulullah at Commemoration of Muhammad’s Birthday,flickr,"U.S. Embassy Jakarta, Indonesia",https://www.flickr.com/photos/39809323@N03/8413594252,https://live.staticflickr.com/8184/8413594252_a423cceb34_b.jpg,pdm,1.0,https://creativecommons.org/publicdomain/mark/1.0/,Monas Jakarta,1024,661,768,496,63.174,8b95ec0e85e29e7d9692816c0b268964a17c9781
1247.jpg,localtourism,143fbd71-dcee-4ff9-b96c-7f66bf78f458,View of Masjid Istiqlal from Monas,flickr,buitenzorger,https://www.flickr.com/photos/8386964@N03/8050210192,https://live.staticflickr.com/8313/8050210192_cdb477a051_b.jpg,by-sa,2.0,https://creativecommons.org/licenses/by-sa/2.0/,Monas Jakarta,1023,682,768,512,47.429,2e9431c3eebcd7cbb2f219318cc49c0f8dfa186c
1248.jpg,localtourism,d72a96b6-b1ab-4d1c-930e-628daf6f79eb,trip to monas,flickr,riosetiawan,https://www.flickr.com/photos/31543737@N08/5781259551,https://live.staticflickr.com/5263/5781259551_dbe5dfd6dc_b.jpg,by-sa,2.0,https://creativecommons.org/licenses/by-sa/2.0/,Monas Jakarta,1023,685,768,514,27.985,b1dc1ba1fbda17d0ec7ad36c5344417ee92d7588
1250.jpg,localtourism,065897e7-9e7b-470d-9ea3-46b64c2eb1ee,Bali_2_4492,flickr,sbamueller,https://www.flickr.com/photos/94417372@N00/4605836459,https://live.staticflickr.com/4008/4605836459_aa7508c1f0_b.jpg,by-sa,2.0,https://creativecommons.org/licenses/by-sa/2.0/,Monas Jakarta,768,1024,576,768,53.511,e58fb27a8448669ebc0bfa71c20ebe7fc497cc14
1251.jpg,localtourism,9d1ab9d5-3d64-4100-8a35-3b42069ccc1c,100_0485,flickr,a_rabin,https://www.flickr.com/photos/23944780@N03/5767232066,https://live.staticflickr.com/5229/5767232066_a43fa5fa75_b.jpg,by,2.0,https://creativecommons.org/licenses/by/2.0/,Monas Jakarta,1024,768,768,576,38.446,22672e244a35bb01f099b7e940876089ce526d24
1255.jpg,localtourism,347362ef-5765-45f9-8ae3-f36c23eb38a3,,flickr,sbamueller,https://www.flickr.com/photos/94417372@N00/9518271600,https://live.staticflickr.com/3675/9518271600_872868fe4b_b.jpg,by-sa,2.0,https://creativecommons.org/licenses/by-sa/2.0/,Monas Jakarta,1024,768,768,576,40.914,42e851ffaa239b7051a3d22c025b9e66c67787d7
1256.jpg,localtourism,fa5a2222-edab-4538-86a6-b71f611becfa,,flickr,sbamueller,https://www.flickr.com/photos/94417372@N00/9518270524,https://live.staticflickr.com/2831/9518270524_43258281f0_b.jpg,by-sa,2.0,https://creativecommons.org/licenses/by-sa/2.0/,Monas Jakarta,1024,589,768,442,33.648,19451f31fef5ce2e908bdab699c98d4ff031a090
1257.jpg,localtourism,ab680758-81e9-4fa2-b1bc-6c32f2563567,Mereka yang Familiar di Medan Merdeka,flickr,"Ya, saya inBaliTimur",https://www.flickr.com/photos/96261485@N08/46580510521,https://live.staticflickr.com/7881/46580510521_d999ec5e7d_b.jpg,by-sa,2.0,https://creativecommons.org/licenses/by-sa/2.0/,Monas Jakarta,1024,577,768,433,69.007,bc23b8c93e6a711dc4b34346563e7ff53d46d66b
1258.jpg,localtourism,74a6190e-5eba-40fc-98cf-0be216b01060,Monas State,flickr,Don_Nastain,https://www.flickr.com/photos/46938342@N05/8404417321,https://live.staticflickr.com/8365/8404417321_5d40fffe44_b.jpg,by,2.0,https://creativecommons.org/licenses/by/2.0/,Monas Jakarta,1024,683,768,512,21.97,9edadf038096a98da6c5de23c1746ea1efa6134f
1259.jpg,localtourism,118fdd81-b371-40df-b97e-2c69e0f26cc6,Ambassador Joins President Yudhoyono and Majelis Rasulullah at Commemoration of Muhammad’s Birthday,flickr,"U.S. Embassy Jakarta, Indonesia",https://www.flickr.com/photos/39809323@N03/8413593506,https://live.staticflickr.com/8052/8413593506_0bb80c02ef_b.jpg,pdm,1.0,https://creativecommons.org/publicdomain/mark/1.0/,Monas Jakarta,1024,670,768,503,45.823,81c1b72b86612ace6a15874716993d4d0c7929b2
1260.jpg,localtourism,d71aa071-30a1-4fd7-ad61-975d240743ff,Ambassador Joins President Yudhoyono and Majelis Rasulullah at Commemoration of Muhammad’s Birthday,flickr,"U.S. Embassy Jakarta, Indonesia",https://www.flickr.com/photos/39809323@N03/8412495089,https://live.staticflickr.com/8373/8412495089_ba22a3848c_b.jpg,pdm,1.0,https://creativecommons.org/publicdomain/mark/1.0/,Monas Jakarta,1024,666,768,500,45.942,273fdfaa99fb7509805e1382ee294c2a8427cf8e
1262.jpg,localtourism,9f529928-b448-4e03-8849-2fb27a78496f,Omikoshi Parade,flickr,Angga A,https://www.flickr.com/photos/77118497@N06/9719999059,https://live.staticflickr.com/3700/9719999059_31c88e4b93_b.jpg,by,2.0,https://creativecommons.org/licenses/by/2.0/,Monas Jakarta,1024,683,768,512,34.598,94f01941146aacdbf7c7c5883f959f0db673e072
1261.jpg,localtourism,37b68c1b-17bc-4808-aec4-d5d299144a99,Flame,flickr,Francisco Anzola,https://www.flickr.com/photos/10345599@N03/49037975891,https://live.staticflickr.com/65535/49037975891_922295d9c5_b.jpg,by,2.0,https://creativecommons.org/licenses/by/2.0/,Monas Jakarta,1024,684,768,513,49.396,72ec5344b361a426fade9b461d6c9c752dee4257
1263.jpg,localtourism,55eabd22-e791-48e0-a6c3-9efefaf1ef56,Monas,flickr,sgryjp,https://www.flickr.com/photos/116243018@N08/15487135395,https://live.staticflickr.com/2948/15487135395_44483008e1_b.jpg,by,2.0,https://creativecommons.org/licenses/by/2.0/,Monas Jakarta,768,1024,576,768,45.128,bbd1e28b25fcb332d38416e3b78d02c674866753
1264.jpg,localtourism,082de3a1-903d-41e0-be17-7ab23207b9ab,IMG_1160,flickr,sbamueller,https://www.flickr.com/photos/94417372@N00/4085870646,https://live.staticflickr.com/2534/4085870646_8c63f49262_b.jpg,by-sa,2.0,https://creativecommons.org/licenses/by-sa/2.0/,Monas Jakarta,768,1024,576,768,28.911,d28ee59f49b353b348b927e14bf854365f99bccb
1265.jpg,localtourism,9b1b31db-fa57-432a-8c2f-7b27c62484c6,National Monument,flickr,Francisco Anzola,https://www.flickr.com/photos/10345599@N03/49037481418,https://live.staticflickr.com/65535/49037481418_dcde67c158_b.jpg,by,2.0,https://creativecommons.org/licenses/by/2.0/,Monas Jakarta,1024,706,768,530,45.173,f731460d7ad85f64c95cb0437f649c0d48a5abf4
1271.jpg,localtourism,59545f9e-fbd9-404a-8fc4-ec6e8e11e0f2,IMG_1150,flickr,sbamueller,https://www.flickr.com/photos/94417372@N00/4085101445,https://live.staticflickr.com/3508/4085101445_43b741463c_b.jpg,by-sa,2.0,https://creativecommons.org/licenses/by-sa/2.0/,Monas Jakarta,1024,768,768,576,43.558,e318b6dafe548f4fc9a9451378f9723cfdd3bb5d
1272.jpg,localtourism,d49e3e0c-9e9b-414e-b440-ecad6eb84c56,Ambassador Joins President Yudhoyono and Majelis Rasulullah at Commemoration of Muhammad’s Birthday,flickr,"U.S. Embassy Jakarta, Indonesia",https://www.flickr.com/photos/39809323@N03/8413593636,https://live.staticflickr.com/8365/8413593636_196b2767e7_b.jpg,pdm,1.0,https://creativecommons.org/publicdomain/mark/1.0/,Monas Jakarta,1023,634,768,476,46.433,367f8df869a2c2c6c43dbfee001d6fc8a91bc2b2
1273.jpg,localtourism,acb8e860-4be3-4331-a216-f034715d17ae,IMG_1184,flickr,sbamueller,https://www.flickr.com/photos/94417372@N00/4085892534,https://live.staticflickr.com/2803/4085892534_1f170d4212_b.jpg,by-sa,2.0,https://creativecommons.org/licenses/by-sa/2.0/,Monas Jakarta,1024,768,768,576,30.408,63617a8931abd603cd5fe3160e61aca9183d0983
1274.jpg,localtourism,f20d7de9-1c13-45bf-9fd7-99642cb8eaa6,Immanuel Church,flickr,oulinai,https://www.flickr.com/photos/16130500@N04/2042517875,https://live.staticflickr.com/2185/2042517875_b1ffa032a8_b.jpg,by,2.0,https://creativecommons.org/licenses/by/2.0/,Monas Jakarta,768,1024,576,768,50.401,159c4a16a26232fab03c425a7cbed09d6b7d439f
1275.jpg,localtourism,6d40787d-8634-4956-ae05-7675cb0d22d8,Ambassador Joins President Yudhoyono and Majelis Rasulullah at Commemoration of Muhammad’s Birthday,flickr,"U.S. Embassy Jakarta, Indonesia",https://www.flickr.com/photos/39809323@N03/8413594000,https://live.staticflickr.com/8358/8413594000_46c8f2ff3e_b.jpg,pdm,1.0,https://creativecommons.org/publicdomain/mark/1.0/,Monas Jakarta,717,1023,538,768,47.878,4f57b9fec7d750ab06ec26eb73474dc4a013dd25
1276.jpg,localtourism,91398976-7f27-4239-8a9d-88d7b774254d,Cakrawala Kota,flickr,"Ya, saya inBaliTimur",https://www.flickr.com/photos/96261485@N08/23947346852,https://live.staticflickr.com/5662/23947346852_317f886b92_b.jpg,by-sa,2.0,https://creativecommons.org/licenses/by-sa/2.0/,Monas Jakarta,686,1024,514,768,66.232,bb8cc1bbaad356180ecd334a2226e577d9e656b9
1277.jpg,localtourism,03cbe48b-767c-4ab5-8533-647f171b2f26,Jakarta News Centre - MNC Financial Centre,flickr,"Ya, saya inBaliTimur",https://www.flickr.com/photos/96261485@N08/23898346215,https://live.staticflickr.com/665/23898346215_bf6936a4b3_b.jpg,by-sa,2.0,https://creativecommons.org/licenses/by-sa/2.0/,Monas Jakarta,685,1023,514,768,84.403,c0d50852a18d41166f0e502b2ce36532e56a9bf2
1278.jpg,localtourism,83de37d8-7a21-4b8a-8ecc-b120210d4c3b,IMG_1180,flickr,sbamueller,https://www.flickr.com/photos/94417372@N00/4085887238,https://live.staticflickr.com/116/4085887238_0bc8ccce4d_b.jpg,by-sa,2.0,https://creativecommons.org/licenses/by-sa/2.0/,Monas Jakarta,1024,768,768,576,29.088,d212b44ade092a3acc1657a45b54a68a1de1cd5f
1279.jpg,localtourism,b912472d-ea5a-428a-860d-b8f43d97bb2e,,flickr,sbamueller,https://www.flickr.com/photos/94417372@N00/9515477009,https://live.staticflickr.com/7453/9515477009_67450d4e77_b.jpg,by-sa,2.0,https://creativecommons.org/licenses/by-sa/2.0/,Monas Jakarta,1024,768,768,576,28.895,253fafbb7b2165063253cd526e030fcf633ec1e6
1280.jpg,localtourism,4693289a-85c1-4c48-add4-50505736be53,,flickr,sbamueller,https://www.flickr.com/photos/94417372@N00/9515478821,https://live.staticflickr.com/7356/9515478821_50a14dc6f9_b.jpg,by-sa,2.0,https://creativecommons.org/licenses/by-sa/2.0/,Monas Jakarta,1024,768,768,576,39.922,4ba469fad60261c9b27c436920ea0304673d08d6
1281.jpg,localtourism,3d39ea59-4c0d-42a1-9b53-1de071572d3e,Ambassador Joins President Yudhoyono and Majelis Rasulullah at Commemoration of Muhammad’s Birthday,flickr,"U.S. Embassy Jakarta, Indonesia",https://www.flickr.com/photos/39809323@N03/8412494499,https://live.staticflickr.com/8353/8412494499_f564df8555_b.jpg,pdm,1.0,https://creativecommons.org/publicdomain/mark/1.0/,Monas Jakarta,1024,637,768,478,52.464,1bc1a5a8094c3d47bb24454d1dd226b42352c0c3
1283.jpg,localtourism,73b06408-baf8-491b-80df-0a13985cb8a0,Monas,flickr,Francisco Anzola,https://www.flickr.com/photos/10345599@N03/49037983946,https://live.staticflickr.com/65535/49037983946_269be5e3cc_b.jpg,by,2.0,https://creativecommons.org/licenses/by/2.0/,Monas Jakarta,782,1024,586,768,32.084,b57f0e44fc842b3f8d89bcb64c5d7a294e60f740
1282.jpg,localtourism,f8325297-779b-40a3-a77d-dd1588e602e6,Monas,flickr,anthonycramp,https://www.flickr.com/photos/7770166@N05/1360053536,https://live.staticflickr.com/1219/1360053536_6c2cdfb1fc_b.jpg,by,2.0,https://creativecommons.org/licenses/by/2.0/,Monas Jakarta,683,1024,512,768,56.588,dabed30cde0fbc94a69c4e705438d22f66ea27ba
1284.jpg,localtourism,60a08988-44a4-4ded-a056-f2c091e69cd0,"So small, yet so big",flickr,Angga A,https://www.flickr.com/photos/77118497@N06/9719995665,https://live.staticflickr.com/5541/9719995665_53c2e6f78f_b.jpg,by,2.0,https://creativecommons.org/licenses/by/2.0/,Monas Jakarta,1024,683,768,512,19.891,b6a0d400729bab402b07f56bfdc9d559935471ad
1286.jpg,localtourism,ff759f47-d6d7-4647-9d27-972f426ac3bd,IMG_1156,flickr,sbamueller,https://www.flickr.com/photos/94417372@N00/4085107657,https://live.staticflickr.com/2729/4085107657_b427517076_b.jpg,by-sa,2.0,https://creativecommons.org/licenses/by-sa/2.0/,Monas Jakarta,1024,768,768,576,27.823,efa634a97cc7637f9d4fa4de92c34acc3d2abbcb
1285.jpg,localtourism,46a28627-7530-4565-8897-3488d023ae80,IMG_1155,flickr,sbamueller,https://www.flickr.com/photos/94417372@N00/4085099739,https://live.staticflickr.com/2475/4085099739_64ee75f7cc_b.jpg,by-sa,2.0,https://creativecommons.org/licenses/by-sa/2.0/,Monas Jakarta,768,1024,576,768,31.885,b074252cdcb34d400a87a2e3a69446fb57c8f2d2
1287.jpg,localtourism,75226b9d-6497-4829-842c-a6f3ae12aef0,IMG_1175,flickr,sbamueller,https://www.flickr.com/photos/94417372@N00/4085127063,https://live.staticflickr.com/2666/4085127063_88a7894e93_b.jpg,by-sa,2.0,https://creativecommons.org/licenses/by-sa/2.0/,Monas Jakarta,1024,768,768,576,36.831,9b662c62457e85eaf241eb190f801b2e5988cca2
1288.jpg,localtourism,167c5741-d2c7-46e1-884e-56e5a27cf06f,Monas,flickr,Kaeru,https://www.flickr.com/photos/51035756584@N01/19408699836,https://live.staticflickr.com/471/19408699836_5c32c0d401_b.jpg,by,2.0,https://creativecommons.org/licenses/by/2.0/,Monas Jakarta,1024,768,768,576,70.486,7946376e18ac3a05b2c5141b3df8bf4592ccb8e8
1290.jpg,localtourism,c662ca2d-5566-4dec-a4ef-164b13d7b2a8,IMG_1187,flickr,sbamueller,https://www.flickr.com/photos/94417372@N00/4085894706,https://live.staticflickr.com/2557/4085894706_c09ce845ca_b.jpg,by-sa,2.0,https://creativecommons.org/licenses/by-sa/2.0/,Monas Jakarta,768,1024,576,768,37.342,dc6d8ef1424c1d0e3dd747931501ceaaf902ac11
1289.jpg,localtourism,ac25a10f-1c25-40b0-8d87-03b6c04e442d,IMG_1182,flickr,sbamueller,https://www.flickr.com/photos/94417372@N00/4085132395,https://live.staticflickr.com/2772/4085132395_b53aa779ec_b.jpg,by-sa,2.0,https://creativecommons.org/licenses/by-sa/2.0/,Monas Jakarta,1024,768,768,576,30.836,03402ffd0d2774589b15ff9aaec8f78d0c4aea7e
1291.jpg,localtourism,84254c6c-c023-45ef-8371-1397838197cf,IMG_1157,flickr,sbamueller,https://www.flickr.com/photos/94417372@N00/4085862144,https://live.staticflickr.com/2485/4085862144_c55fa7febc_b.jpg,by-sa,2.0,https://creativecommons.org/licenses/by-sa/2.0/,Monas Jakarta,1024,768,768,576,56.02,297f1004f6cc16d8dd61967a9cc837485f3e685c
1293.jpg,localtourism,820de29b-68a5-490c-b035-fde2dfe80b66,Monas,flickr,knittymarie,https://www.flickr.com/photos/14671121@N03/15788703117,https://live.staticflickr.com/7484/15788703117_4cacf1fd48_b.jpg,by-sa,2.0,https://creativecommons.org/licenses/by-sa/2.0/,Monas Jakarta,768,1024,576,768,25.939,4410228b5107aed820fa0038a5d01e20c48e8b36
1292.jpg,localtourism,11d5a74d-3ce6-4d1e-95e5-18d02341fc82,IMG_1161,flickr,sbamueller,https://www.flickr.com/photos/94417372@N00/4085118349,https://live.staticflickr.com/3441/4085118349_8163c9b518_b.jpg,by-sa,2.0,https://creativecommons.org/licenses/by-sa/2.0/,Monas Jakarta,1024,768,768,576,38.254,78d1dd8d5da293f988472b34bdd5da9c377b04f6
1294.jpg,localtourism,d991de98-7086-4a8d-a3f9-591d46277b70,IMG_1588,flickr,anthonycramp,https://www.flickr.com/photos/7770166@N05/1359856326,https://live.staticflickr.com/1362/1359856326_5a6939973d_b.jpg,by,2.0,https://creativecommons.org/licenses/by/2.0/,Monas Jakarta,1024,683,768,512,35.337,2f1bbacf5bcc9b9edeb8af3f36bebfa4d2940805
1295.jpg,localtourism,d48ae8d9-71a4-4856-a964-be6f6824bdb4,IMG_1166,flickr,sbamueller,https://www.flickr.com/photos/94417372@N00/4085878108,https://live.staticflickr.com/2652/4085878108_d667a0403d_b.jpg,by-sa,2.0,https://creativecommons.org/licenses/by-sa/2.0/,Monas Jakarta,1024,768,768,576,44.287,3bc07ac008d2eeaafa8e947e28cef4a3398a99a9
1310.jpg,localtourism,eb842fd9-8e3c-4a61-b504-1df2a8eac348,다시 찾은 MONAS에서 잠시 쉬어 가기 #Travel #Jakarta #Indonesia #MONAS #Square #Bicycles,flickr,IchStyle,https://www.flickr.com/photos/66172503@N00/17342098655,https://live.staticflickr.com/7787/17342098655_89a4e04ca2.jpg,by,2.0,https://creativecommons.org/licenses/by/2.0/,Monas Jakarta,500,500,500,500,31.946,d18189e9c3c3bf30b45175f40acdb9252de95647
1311.jpg,localtourism,0ed1edc4-9de6-4ad7-888b-569f290a9743,IMG_1601,flickr,anthonycramp,https://www.flickr.com/photos/7770166@N05/1359865584,https://live.staticflickr.com/1249/1359865584_db133b5b20_b.jpg,by,2.0,https://creativecommons.org/licenses/by/2.0/,Monas Jakarta,683,1024,512,768,23.306,5a38c7985ef0233b1e9b0cb4447d41a3fb20fe6b
1375.jpg,localtourism,bacc4daa-b207-46c0-b621-587548fe06e2,The National Museum Of Indonesia,flickr,Black_Claw,https://www.flickr.com/photos/24833567@N03/34235864854,https://live.staticflickr.com/4208/34235864854_c5d523cdc2_b.jpg,by,2.0,https://creativecommons.org/licenses/by/2.0/,National Monument Jakarta,768,1024,576,768,47.516,d74667ecc3e0266fb8c150ea5970d978daa1b95a
1376.jpg,localtourism,5aaf0b4f-2d26-437d-91c2-471cfe5fe3b8,100_0484,flickr,a_rabin,https://www.flickr.com/photos/23944780@N03/5764194673,https://live.staticflickr.com/3020/5764194673_13c322d28d_b.jpg,by,2.0,https://creativecommons.org/licenses/by/2.0/,National Monument Jakarta,1024,768,768,576,36.329,6653605dba84d4916117f07e2069a7a1fe4128c5
1379.jpg,localtourism,53c51d04-0051-4f26-acf3-86f1749121da,Jakarta - Indonesia,flickr,Thank You (23 Millions+) views,https://www.flickr.com/photos/34128007@N04/52471909603,https://live.staticflickr.com/65535/52471909603_d6eac71427_b.jpg,by,2.0,https://creativecommons.org/licenses/by/2.0/,National Monument Jakarta,1024,494,768,371,71.712,ec5792812fdaef8ddfeb8eafc82e91103b0b917c
1380.jpg,localtourism,e99849ce-b0ea-45d0-952c-5a828acb64f5,Jakarta National Museum ~ Ganesh,flickr,VasenkaPhotography,https://www.flickr.com/photos/40774255@N07/6840870650,https://live.staticflickr.com/7195/6840870650_804136d6d8_b.jpg,by,2.0,https://creativecommons.org/licenses/by/2.0/,National Monument Jakarta,768,1024,576,768,52.64,b61c304eb31a65fcd7bc46374d7e4d745f748784
1381.jpg,localtourism,74286327-29ae-4886-8a9e-733ef5e83dbd,"Map of Central Jakarta, 1987",flickr,nathanh100,https://www.flickr.com/photos/41383869@N07/33115075530,https://live.staticflickr.com/3949/33115075530_77a7d70cf2_b.jpg,by,2.0,https://creativecommons.org/licenses/by/2.0/,National Monument Jakarta,1024,777,768,583,56.204,4eb8c926783c55e737f50e021330fe6f34b4e0c3
1382.jpg,localtourism,a50c932e-bcab-46ac-8903-7a6eeff4ba3b,National Monument of Jakarta,flickr,Spidysg,https://www.flickr.com/photos/32982440@N04/5534393343,https://live.staticflickr.com/5053/5534393343_9abf7bf930_b.jpg,by,2.0,https://creativecommons.org/licenses/by/2.0/,National Monument Jakarta,768,1024,576,768,40.209,2346698ee73885b02c70d68d9af4cac5f71b7c57
1402.jpg,localtourism,68960d03-740e-4a3c-a388-0a36fe54c37b,Stasiun Taman Mini Indonesia Indah,flickr,rudi.sd,https://www.flickr.com/photos/37438574@N03/54182892538,https://live.staticflickr.com/65535/54182892538_0edcd64753_b.jpg,by-sa,2.0,https://creativecommons.org/licenses/by-sa/2.0/,Taman Mini Indonesia Indah,1024,768,768,576,28.215,a7fac20ab5badef226d6cef3502e568c13b92a08
1455.jpg,localtourism,90118603-a888-4517-832b-804e6e7838f2,"Gracias, Budiman",flickr,"Ya, saya inBaliTimur",https://www.flickr.com/photos/96261485@N08/17342842575,https://live.staticflickr.com/7722/17342842575_b859968ed6_b.jpg,by-sa,2.0,https://creativecommons.org/licenses/by-sa/2.0/,Taman Mini Indonesia Indah,1023,535,768,402,68.837,aa613125ec547633946391d2a7bdb792714eb99d
1459.jpg,localtourism,8e893970-c093-431c-8b5a-1f8189c3de9e,Inefficiency,flickr,"Ya, saya inBaliTimur",https://www.flickr.com/photos/96261485@N08/16722577773,https://live.staticflickr.com/8792/16722577773_e638948006_b.jpg,by-sa,2.0,https://creativecommons.org/licenses/by-sa/2.0/,Taman Mini Indonesia Indah,1024,604,768,453,74.041,ba4ebf4534090effbedc82635e07661952a0f8b0
1461.jpg,localtourism,9fa069a3-5cfc-4b02-8765-5a7d0c9e6020,"Entrance to a Balinese Temple (Jakarta, Indonesia)",flickr,~MVI~ (warped),https://www.flickr.com/photos/20119750@N00/529194506,https://live.staticflickr.com/1139/529194506_8e533ea334.jpg,by,2.0,https://creativecommons.org/licenses/by/2.0/,Taman Mini Indonesia Indah,331,500,331,500,78.837,9c904c0811873bcffb85c0fd5054045218a71a8c
1470.jpg,localtourism,16b3b77c-ffb0-4580-8835-8e9bae9ffd1f,Jakarta 10,flickr,Ilamaran,https://www.flickr.com/photos/9024580@N05/626693659,https://live.staticflickr.com/1196/626693659_93f640be3e.jpg,by-sa,2.0,https://creativecommons.org/licenses/by-sa/2.0/,Taman Mini Indonesia Indah,500,375,500,375,40.494,9dcedf3897a23783c9464fc1b8e6d940b9498473
1473.jpg,localtourism,805c6b97-a426-42e2-9221-84aab1a82571,Keong Emas,flickr,buitenzorger,https://www.flickr.com/photos/8386964@N03/3870865172,https://live.staticflickr.com/2592/3870865172_eb4b3d5306_b.jpg,by-sa,2.0,https://creativecommons.org/licenses/by-sa/2.0/,Taman Mini Indonesia Indah,1024,766,768,575,41.852,7dde6cb326af83a9aee2326e6cb48914d926b85f
1474.jpg,localtourism,5494d5a0-627b-4615-a92f-c39f0cf9b4fa,Two Windows,flickr,buitenzorger,https://www.flickr.com/photos/8386964@N03/4742042003,https://live.staticflickr.com/4138/4742042003_c2ab0a89b0_b.jpg,by-sa,2.0,https://creativecommons.org/licenses/by-sa/2.0/,Taman Mini Indonesia Indah,1023,682,768,512,94.725,9605393d394b9aca0299ecf57f6a8e17878eea74
1494.jpg,localtourism,95922df8-4eb3-49f2-b1ac-d67f6fed5c57,Carved Symmetrically,flickr,Black_Claw,https://www.flickr.com/photos/24833567@N03/8327371022,https://live.staticflickr.com/8077/8327371022_791748c549_b.jpg,by,2.0,https://creativecommons.org/licenses/by/2.0/,Taman Mini Indonesia Indah,768,1024,576,768,29.533,a14a5b311d26cb9801c6b1c047eb146e6f18db93
1499.jpg,localtourism,59911d10-9cb6-4820-a377-370d34fd46a8,Batak House #2,flickr,buitenzorger,https://www.flickr.com/photos/8386964@N03/4748676253,https://live.staticflickr.com/4136/4748676253_f06c39d644_b.jpg,by-sa,2.0,https://creativecommons.org/licenses/by-sa/2.0/,Taman Mini Indonesia Indah,1024,660,768,495,85.848,2ba81c6018a04377c613e672ae36222d87c77bae
1501.jpg,localtourism,e843fe9c-5d2e-4f4b-8342-9eb90881a807,Batak House #1,flickr,buitenzorger,https://www.flickr.com/photos/8386964@N03/4748679663,https://live.staticflickr.com/4097/4748679663_f42e0c15f7_b.jpg,by-sa,2.0,https://creativecommons.org/licenses/by-sa/2.0/,Taman Mini Indonesia Indah,682,1023,512,768,70.468,3dfc5bd214b6d00fcaa1c78fd866af8c6424cf8e
1504.jpg,localtourism,9eb442ab-019d-44c7-b53e-671df13bb600,IMG_0726,flickr,mattjlc,https://www.flickr.com/photos/23457733@N05/3746570544,https://live.staticflickr.com/2615/3746570544_0f1d1c0b54_b.jpg,by,2.0,https://creativecommons.org/licenses/by/2.0/,Taman Mini Indonesia Indah,1024,768,768,576,38.456,04872e41446e6de46059b9eacb11252bdb15c2c9
1505.jpg,localtourism,d3ce97eb-4cb7-4d99-ae0f-57a6d4ab0a83,ex-DAMRI Tata bus,flickr,"Ya, saya inBaliTimur",https://www.flickr.com/photos/96261485@N08/17154937448,https://live.staticflickr.com/7736/17154937448_9abecc5906_b.jpg,by-sa,2.0,https://creativecommons.org/licenses/by-sa/2.0/,Taman Mini Indonesia Indah,1024,459,768,344,69.887,cb5854d9c72b16999aaeb20ea63b599b1b1ebafc
1513.jpg,localtourism,5fcc5348-82a6-4309-9010-6f77005e5b40,Pagi Iedul Adha di At-Tin,flickr,prazjp,https://www.flickr.com/photos/14953597@N07/4142709132,https://live.staticflickr.com/2608/4142709132_3549dc1105.jpg,by,2.0,https://creativecommons.org/licenses/by/2.0/,Taman Mini Indonesia Indah,500,375,500,375,48.773,6a979dc6c0ccd3fb50f43ea582438e1f8efb9c09
1514.jpg,localtourism,3c995685-73ee-4a24-bcac-df5b62b629dc,Pagi Iedul Adha di At-Tin,flickr,prazjp,https://www.flickr.com/photos/14953597@N07/4142719498,https://live.staticflickr.com/2693/4142719498_fecbaa7908.jpg,by,2.0,https://creativecommons.org/licenses/by/2.0/,Taman Mini Indonesia Indah,500,375,500,375,44.847,0584ed0373fbf81941368492a8017ad225a3ff85
1515.jpg,localtourism,843152d5-353b-4ae8-b374-aca730027d57,Pagi Iedul Adha di At-Tin,flickr,prazjp,https://www.flickr.com/photos/14953597@N07/4142709924,https://live.staticflickr.com/2517/4142709924_7fc456a7b0.jpg,by,2.0,https://creativecommons.org/licenses/by/2.0/,Taman Mini Indonesia Indah,375,500,375,500,29.935,4ca982c1322d58a42a313fb50682fcb94a72896d
1516.jpg,localtourism,e5d9935d-a06e-4026-aed6-3b7dd6fc6c6c,Pagi Iedul Adha di At-Tin,flickr,prazjp,https://www.flickr.com/photos/14953597@N07/4141956041,https://live.staticflickr.com/2514/4141956041_6f7f650635.jpg,by,2.0,https://creativecommons.org/licenses/by/2.0/,Taman Mini Indonesia Indah,500,375,500,375,41.215,3cc90490cb1145335dada516fa7afd9fbd283880
1517.jpg,localtourism,39bbbbdb-6edc-4f7a-9013-277dfaed05d3,Aeromovel track,flickr,nSeika,https://www.flickr.com/photos/33542052@N07/5626974077,https://live.staticflickr.com/5107/5626974077_ea418402d0_b.jpg,by,2.0,https://creativecommons.org/licenses/by/2.0/,Taman Mini Indonesia Indah,1024,1024,768,768,52.97,e99950a33b8d8729b0e0617269984e5f1f821663
1518.jpg,localtourism,cbc6e07b-b128-4355-9a16-ff32dd6caaec,Pagi Iedul Adha di At-Tin,flickr,prazjp,https://www.flickr.com/photos/14953597@N07/4142706494,https://live.staticflickr.com/2567/4142706494_58e9175c6e.jpg,by,2.0,https://creativecommons.org/licenses/by/2.0/,Taman Mini Indonesia Indah,500,375,500,375,54.165,e487370686cc671c8510166050e77ea641f41fb1
1519.jpg,localtourism,c26b1e08-f15a-4d09-8796-f6bf4139856b,Pagi Iedul Adha di At-Tin,flickr,prazjp,https://www.flickr.com/photos/14953597@N07/4142716024,https://live.staticflickr.com/2572/4142716024_0b85f55507.jpg,by,2.0,https://creativecommons.org/licenses/by/2.0/,Taman Mini Indonesia Indah,500,375,500,375,41.462,07ed2264993018301cae24bcc4ac05942ccd03ba
1520.jpg,localtourism,d445f241-c351-447b-b859-8930e387d22b,Pagi Iedul Adha di At-Tin,flickr,prazjp,https://www.flickr.com/photos/14953597@N07/4142708222,https://live.staticflickr.com/2547/4142708222_17e1ea6a69.jpg,by,2.0,https://creativecommons.org/licenses/by/2.0/,Taman Mini Indonesia Indah,500,375,500,375,47.09,8915307143b0896b22efc2030a994f837cfd89d9
1521.jpg,localtourism,cce2390d-a2bc-471b-9661-4610b6745798,Pagi Iedul Adha di At-Tin,flickr,prazjp,https://www.flickr.com/photos/14953597@N07/4142705444,https://live.staticflickr.com/2747/4142705444_bea4222ee6.jpg,by,2.0,https://creativecommons.org/licenses/by/2.0/,Taman Mini Indonesia Indah,500,375,500,375,59.396,ee49e1a1ad4e3047f48fb32777085fc812d54eb1
1522.jpg,localtourism,5ee7740b-77dc-4dee-9d2a-e5fd88a14767,Pagi Iedul Adha di At-Tin,flickr,prazjp,https://www.flickr.com/photos/14953597@N07/4141947805,https://live.staticflickr.com/2636/4141947805_c58296f310.jpg,by,2.0,https://creativecommons.org/licenses/by/2.0/,Taman Mini Indonesia Indah,375,500,375,500,29.406,045d4793b174d1a5bb09d486d8c0aa5fb3ecbc0b
1523.jpg,localtourism,93318a0d-8f1b-4370-9948-9699eae2ed30,Pagi Iedul Adha di At-Tin,flickr,prazjp,https://www.flickr.com/photos/14953597@N07/4142706894,https://live.staticflickr.com/2619/4142706894_c71b1b9e33.jpg,by,2.0,https://creativecommons.org/licenses/by/2.0/,Taman Mini Indonesia Indah,500,375,500,375,51.99,c85a9f61d095319c09a40bb86ffc4a53d535fa7b
1524.jpg,localtourism,d10fe8f9-326a-42ef-bab6-a040292b79b3,Pagi Iedul Adha di At-Tin,flickr,prazjp,https://www.flickr.com/photos/14953597@N07/4142712516,https://live.staticflickr.com/2551/4142712516_4ac013dbb9.jpg,by,2.0,https://creativecommons.org/licenses/by/2.0/,Taman Mini Indonesia Indah,375,500,375,500,36.771,37112242e65b942bc8e6f4acbb038fd0e9d67814
1525.jpg,localtourism,3902498a-5dce-4fb6-a85d-3fcd84c58b63,Pagi Iedul Adha di At-Tin,flickr,prazjp,https://www.flickr.com/photos/14953597@N07/4141963877,https://live.staticflickr.com/2565/4141963877_68a83f44a7.jpg,by,2.0,https://creativecommons.org/licenses/by/2.0/,Taman Mini Indonesia Indah,375,500,375,500,53.234,333008a95c2ed19bdf7ce58113fc616a60ae5d34
1526.jpg,localtourism,ec20f81b-15f7-4117-b202-6693bb643951,Pagi Iedul Adha di At-Tin,flickr,prazjp,https://www.flickr.com/photos/14953597@N07/4141967339,https://live.staticflickr.com/2524/4141967339_35e67b1a01.jpg,by,2.0,https://creativecommons.org/licenses/by/2.0/,Taman Mini Indonesia Indah,500,375,500,375,56.838,4faa3730919679cad271194c0acaaea5acbf9e3c
1527.jpg,localtourism,f3289570-b778-4aec-9ab3-1c2df147da91,Pagi Iedul Adha di At-Tin,flickr,prazjp,https://www.flickr.com/photos/14953597@N07/4142726914,https://live.staticflickr.com/2570/4142726914_49257413bc.jpg,by,2.0,https://creativecommons.org/licenses/by/2.0/,Taman Mini Indonesia Indah,500,375,500,375,50.846,694d85f4431530e7c47c03e7fd050fcc32b78317
1528.jpg,localtourism,74a5c74a-7f32-4f5d-9556-80bcad21a670,Pagi Iedul Adha di At-Tin,flickr,prazjp,https://www.flickr.com/photos/14953597@N07/4141951737,https://live.staticflickr.com/2487/4141951737_9d5fea2323.jpg,by,2.0,https://creativecommons.org/licenses/by/2.0/,Taman Mini Indonesia Indah,500,375,500,375,52.176,467e67e042f5d1b2f4dc8eb21281999e042fa2ef
1529.jpg,localtourism,d8e544a9-0d35-4d8d-b874-5f25ad073db8,Pagi Iedul Adha di At-Tin,flickr,prazjp,https://www.flickr.com/photos/14953597@N07/4142724740,https://live.staticflickr.com/2738/4142724740_30781cac64.jpg,by,2.0,https://creativecommons.org/licenses/by/2.0/,Taman Mini Indonesia Indah,500,375,500,375,54.389,b72d23d58cfdc0ce132549bfea1d21a5a9d74d42
1530.jpg,localtourism,bd884d48-0261-4c2c-83b9-513a49a761a4,Pagi Iedul Adha di At-Tin,flickr,prazjp,https://www.flickr.com/photos/14953597@N07/4142728362,https://live.staticflickr.com/2584/4142728362_308816757e.jpg,by,2.0,https://creativecommons.org/licenses/by/2.0/,Taman Mini Indonesia Indah,375,500,375,500,43.41,f5500e69e0ff7bb15d540759920dc2c6ebba2521
1531.jpg,localtourism,0465246e-45de-4bb1-bb99-60be1f4d66eb,Pagi Iedul Adha di At-Tin,flickr,prazjp,https://www.flickr.com/photos/14953597@N07/4141947477,https://live.staticflickr.com/2791/4141947477_5356541c93.jpg,by,2.0,https://creativecommons.org/licenses/by/2.0/,Taman Mini Indonesia Indah,375,500,375,500,53.817,8ad557dac6494460644efa6f5e981f4160e445d6
1532.jpg,localtourism,2605cf3a-eff7-4460-94d7-454961ca5c27,Pagi Iedul Adha di At-Tin,flickr,prazjp,https://www.flickr.com/photos/14953597@N07/4142718608,https://live.staticflickr.com/2709/4142718608_ba0dfb523a.jpg,by,2.0,https://creativecommons.org/licenses/by/2.0/,Taman Mini Indonesia Indah,500,375,500,375,38.546,1355d0fc9d9a7b16e35146a7a114cd70cd659845
1533.jpg,localtourism,c279d637-9bef-4642-8866-ebf693e47b5e,Pagi Iedul Adha di At-Tin,flickr,prazjp,https://www.flickr.com/photos/14953597@N07/4142701888,https://live.staticflickr.com/2755/4142701888_370026e219.jpg,by,2.0,https://creativecommons.org/licenses/by/2.0/,Taman Mini Indonesia Indah,500,375,500,375,38.485,90658f4dc44178a1753d0f6505b653f83ef46367
1534.jpg,localtourism,e3123f1d-b317-41c7-9464-85abc45e7bae,Pagi Iedul Adha di At-Tin,flickr,prazjp,https://www.flickr.com/photos/14953597@N07/4142714208,https://live.staticflickr.com/2572/4142714208_e1d6e054f2.jpg,by,2.0,https://creativecommons.org/licenses/by/2.0/,Taman Mini Indonesia Indah,500,375,500,375,34.353,ddf8b59722230ca113de2513be60c46279a918d4
1535.jpg,localtourism,4f2d350f-bb00-49c7-85df-20a3e610f09a,Pagi Iedul Adha di At-Tin,flickr,prazjp,https://www.flickr.com/photos/14953597@N07/4141956791,https://live.staticflickr.com/2519/4141956791_119bddcc14.jpg,by,2.0,https://creativecommons.org/licenses/by/2.0/,Taman Mini Indonesia Indah,500,375,500,375,39.708,fd412be1bbbcc7e78beb759fd221c0c7eb1c097f
1536.jpg,localtourism,325c0648-7d58-4a03-8aa2-9d34c5cc503f,Pagi Iedul Adha di At-Tin,flickr,prazjp,https://www.flickr.com/photos/14953597@N07/4141956495,https://live.staticflickr.com/2490/4141956495_0d56b7e041.jpg,by,2.0,https://creativecommons.org/licenses/by/2.0/,Taman Mini Indonesia Indah,500,375,500,375,39.529,4ebae6378d0ca82db1d32d0149fba5dcf94d835a
1537.jpg,localtourism,249abc26-43dc-423d-82a3-abf665f976ea,Pagi Iedul Adha di At-Tin,flickr,prazjp,https://www.flickr.com/photos/14953597@N07/4141965715,https://live.staticflickr.com/2634/4141965715_99fc1f0952.jpg,by,2.0,https://creativecommons.org/licenses/by/2.0/,Taman Mini Indonesia Indah,500,375,500,375,54.49,9edc7c19d64afdb5d73a2a88910e35123243c98b
1538.jpg,localtourism,646bdb22-19a1-4d29-b777-56cd9d12252f,Pagi Iedul Adha di At-Tin,flickr,prazjp,https://www.flickr.com/photos/14953597@N07/4141971031,https://live.staticflickr.com/2561/4141971031_5909e5b2a9.jpg,by,2.0,https://creativecommons.org/licenses/by/2.0/,Taman Mini Indonesia Indah,375,500,375,500,43.83,955a8c549e6dd7129d4dd6084dc0c2b29ca524b5
1539.jpg,localtourism,2bdbf488-9e6d-4008-81f2-069115ea2d68,Pagi Iedul Adha di At-Tin,flickr,prazjp,https://www.flickr.com/photos/14953597@N07/4142715314,https://live.staticflickr.com/2763/4142715314_e4a1201c33.jpg,by,2.0,https://creativecommons.org/licenses/by/2.0/,Taman Mini Indonesia Indah,500,375,500,375,42.343,661a98472e329238869def81f7b56a127ac07374
1540.jpg,localtourism,3f2c8ad2-a06e-42b9-85ef-18b58ed3c62a,Pagi Iedul Adha di At-Tin,flickr,prazjp,https://www.flickr.com/photos/14953597@N07/4141966927,https://live.staticflickr.com/2706/4141966927_abcf273fd2.jpg,by,2.0,https://creativecommons.org/licenses/by/2.0/,Taman Mini Indonesia Indah,500,375,500,375,60.462,bd3b5ce6b9c72c45e290113608b1bd7e42271ff4
1543.jpg,localtourism,9a1dd348-7113-4a9f-a1c9-16eb32c287bd,Pagi Iedul Adha di At-Tin,flickr,prazjp,https://www.flickr.com/photos/14953597@N07/4141949351,https://live.staticflickr.com/2736/4141949351_3000262427.jpg,by,2.0,https://creativecommons.org/licenses/by/2.0/,Taman Mini Indonesia Indah,500,375,500,375,54.595,e33427d0bb59d1e5704e4a1f360a7d157ca3dc92
1549.jpg,localtourism,57ef8e10-e1e4-465f-85e0-0c38fce31a46,Pagi Iedul Adha di At-Tin,flickr,prazjp,https://www.flickr.com/photos/14953597@N07/4142709516,https://live.staticflickr.com/2489/4142709516_3ed53e0bf4.jpg,by,2.0,https://creativecommons.org/licenses/by/2.0/,Taman Mini Indonesia Indah,500,375,500,375,52.456,078e3f3f364375ba9d5c06221c570ecd73958154
1560.jpg,localtourism,810204c3-0e95-4bc8-bffa-76e42170f6c3,Pagi Iedul Adha di At-Tin,flickr,prazjp,https://www.flickr.com/photos/14953597@N07/4141898441,https://live.staticflickr.com/2675/4141898441_a90facaf71.jpg,by,2.0,https://creativecommons.org/licenses/by/2.0/,Taman Mini Indonesia Indah,500,375,500,375,54.345,d17bd4d07b3a5089b359b2abd23e7bb18fffbec2
1561.jpg,localtourism,2ebdb830-cf09-4b09-b099-4fd2469168fb,Pagi Iedul Adha di At-Tin,flickr,prazjp,https://www.flickr.com/photos/14953597@N07/4142711682,https://live.staticflickr.com/2757/4142711682_278d290f52.jpg,by,2.0,https://creativecommons.org/licenses/by/2.0/,Taman Mini Indonesia Indah,375,500,375,500,29.336,a8cb3110e10d454182026695fc50a458cd8ca04f
1781.jpg,localtourism,bacc4daa-b207-46c0-b621-587548fe06e2,The National Museum Of Indonesia,flickr,Black_Claw,https://www.flickr.com/photos/24833567@N03/34235864854,https://live.staticflickr.com/4208/34235864854_c5d523cdc2_b.jpg,by,2.0,https://creativecommons.org/licenses/by/2.0/,National Monument Jakarta,768,1024,576,768,47.516,d74667ecc3e0266fb8c150ea5970d978daa1b95a
1782.jpg,localtourism,5aaf0b4f-2d26-437d-91c2-471cfe5fe3b8,100_0484,flickr,a_rabin,https://www.flickr.com/photos/23944780@N03/5764194673,https://live.staticflickr.com/3020/5764194673_13c322d28d_b.jpg,by,2.0,https://creativecommons.org/licenses/by/2.0/,National Monument Jakarta,1024,768,768,576,36.329,6653605dba84d4916117f07e2069a7a1fe4128c5
1785.jpg,localtourism,53c51d04-0051-4f26-acf3-86f1749121da,Jakarta - Indonesia,flickr,Thank You (23 Millions+) views,https://www.flickr.com/photos/34128007@N04/52471909603,https://live.staticflickr.com/65535/52471909603_d6eac71427_b.jpg,by,2.0,https://creativecommons.org/licenses/by/2.0/,National Monument Jakarta,1024,494,768,371,71.712,ec5792812fdaef8ddfeb8eafc82e91103b0b917c
1787.jpg,localtourism,74286327-29ae-4886-8a9e-733ef5e83dbd,"Map of Central Jakarta, 1987",flickr,nathanh100,https://www.flickr.com/photos/41383869@N07/33115075530,https://live.staticflickr.com/3949/33115075530_77a7d70cf2_b.jpg,by,2.0,https://creativecommons.org/licenses/by/2.0/,National Monument Jakarta,1024,777,768,583,56.204,4eb8c926783c55e737f50e021330fe6f34b4e0c3
1786.jpg,localtourism,e99849ce-b0ea-45d0-952c-5a828acb64f5,Jakarta National Museum ~ Ganesh,flickr,VasenkaPhotography,https://www.flickr.com/photos/40774255@N07/6840870650,https://live.staticflickr.com/7195/6840870650_804136d6d8_b.jpg,by,2.0,https://creativecommons.org/licenses/by/2.0/,National Monument Jakarta,768,1024,576,768,52.64,b61c304eb31a65fcd7bc46374d7e4d745f748784
1788.jpg,localtourism,a50c932e-bcab-46ac-8903-7a6eeff4ba3b,National Monument of Jakarta,flickr,Spidysg,https://www.flickr.com/photos/32982440@N04/5534393343,https://live.staticflickr.com/5053/5534393343_9abf7bf930_b.jpg,by,2.0,https://creativecommons.org/licenses/by/2.0/,National Monument Jakarta,768,1024,576,768,40.209,2346698ee73885b02c70d68d9af4cac5f71b7c57
1808.jpg,localtourism,68960d03-740e-4a3c-a388-0a36fe54c37b,Stasiun Taman Mini Indonesia Indah,flickr,rudi.sd,https://www.flickr.com/photos/37438574@N03/54182892538,https://live.staticflickr.com/65535/54182892538_0edcd64753_b.jpg,by-sa,2.0,https://creativecommons.org/licenses/by-sa/2.0/,Taman Mini Indonesia Indah,1024,768,768,576,28.215,a7fac20ab5badef226d6cef3502e568c13b92a08
1861.jpg,localtourism,90118603-a888-4517-832b-804e6e7838f2,"Gracias, Budiman",flickr,"Ya, saya inBaliTimur",https://www.flickr.com/photos/96261485@N08/17342842575,https://live.staticflickr.com/7722/17342842575_b859968ed6_b.jpg,by-sa,2.0,https://creativecommons.org/licenses/by-sa/2.0/,Taman Mini Indonesia Indah,1023,535,768,402,68.837,aa613125ec547633946391d2a7bdb792714eb99d
1592.jpg,localtourism,2ad65b87-f362-42ec-80d3-6e4c159b6cf4,IMG_20180529_090016,flickr,baka_neko_baka,https://www.flickr.com/photos/131810676@N03/43266603932,https://live.staticflickr.com/1766/43266603932_c822fdd355_b.jpg,by,2.0,https://creativecommons.org/licenses/by/2.0/,Taman Mini Indonesia Indah,1024,768,768,576,68.859,4630d37984381a2ef6afdfb8fd87ab9db49af4cd
1865.jpg,localtourism,8e893970-c093-431c-8b5a-1f8189c3de9e,Inefficiency,flickr,"Ya, saya inBaliTimur",https://www.flickr.com/photos/96261485@N08/16722577773,https://live.staticflickr.com/8792/16722577773_e638948006_b.jpg,by-sa,2.0,https://creativecommons.org/licenses/by-sa/2.0/,Taman Mini Indonesia Indah,1024,604,768,453,74.041,ba4ebf4534090effbedc82635e07661952a0f8b0
1867.jpg,localtourism,9fa069a3-5cfc-4b02-8765-5a7d0c9e6020,"Entrance to a Balinese Temple (Jakarta, Indonesia)",flickr,~MVI~ (warped),https://www.flickr.com/photos/20119750@N00/529194506,https://live.staticflickr.com/1139/529194506_8e533ea334.jpg,by,2.0,https://creativecommons.org/licenses/by/2.0/,Taman Mini Indonesia Indah,331,500,331,500,78.837,9c904c0811873bcffb85c0fd5054045218a71a8c
1593.jpg,localtourism,0d870d5e-f252-4859-9e30-12ee4bc74a8e,IMG_20180529_090433,flickr,baka_neko_baka,https://www.flickr.com/photos/131810676@N03/28447094877,https://live.staticflickr.com/1788/28447094877_47871cce33_b.jpg,by,2.0,https://creativecommons.org/licenses/by/2.0/,Taman Mini Indonesia Indah,1024,768,768,576,61.228,ffcbcd31585c0455139d9fcc8f411a5ee4580f6e
1594.jpg,localtourism,dc7bd205-e8a8-47b5-844f-2fdd77d56910,IMG_20180529_104350,flickr,baka_neko_baka,https://www.flickr.com/photos/131810676@N03/28448099797,https://live.staticflickr.com/1790/28448099797_7e60f8e2b4_b.jpg,by,2.0,https://creativecommons.org/licenses/by/2.0/,Taman Mini Indonesia Indah,1024,576,768,432,68.862,8f85550eea189006ecb4c59f4fb9ac2bc0dae5e8
1595.jpg,localtourism,c42464b6-55b0-4ce0-8aca-f271418a6e84,IMG_20180529_090000,flickr,baka_neko_baka,https://www.flickr.com/photos/131810676@N03/41506495670,https://live.staticflickr.com/926/41506495670_7328bb7f97_b.jpg,by,2.0,https://creativecommons.org/licenses/by/2.0/,Taman Mini Indonesia Indah,768,1024,576,768,50.339,f8e1e63b66890a62c4c4b8836c3c8fdbca4bac66
1596.jpg,localtourism,145fb767-ecb2-4f57-95e3-c4594442695d,IMG_20180529_090513,flickr,baka_neko_baka,https://www.flickr.com/photos/131810676@N03/28447094707,https://live.staticflickr.com/927/28447094707_41b2c6f704_b.jpg,by,2.0,https://creativecommons.org/licenses/by/2.0/,Taman Mini Indonesia Indah,1024,768,768,576,59.29,5549b12d310d08e711733884f85c5e1df301e594
1876.jpg,localtourism,16b3b77c-ffb0-4580-8835-8e9bae9ffd1f,Jakarta 10,flickr,Ilamaran,https://www.flickr.com/photos/9024580@N05/626693659,https://live.staticflickr.com/1196/626693659_93f640be3e.jpg,by-sa,2.0,https://creativecommons.org/licenses/by-sa/2.0/,Taman Mini Indonesia Indah,500,375,500,375,40.494,9dcedf3897a23783c9464fc1b8e6d940b9498473
1598.jpg,localtourism,6b22f34e-6615-480b-9708-d93297652f77,IMG_20180529_150030,flickr,baka_neko_baka,https://www.flickr.com/photos/131810676@N03/43320160321,https://live.staticflickr.com/1809/43320160321_2015109b32_b.jpg,by,2.0,https://creativecommons.org/licenses/by/2.0/,Taman Mini Indonesia Indah,1024,576,768,432,56.367,5c1a1f6e8f21efeb41b529fd0663370392afe74d
1597.jpg,localtourism,a35bcafd-b779-4346-b1df-56a1f98b158f,IMG_20180529_084455,flickr,baka_neko_baka,https://www.flickr.com/photos/131810676@N03/43316449271,https://live.staticflickr.com/841/43316449271_89b6348cb0_b.jpg,by,2.0,https://creativecommons.org/licenses/by/2.0/,Taman Mini Indonesia Indah,1024,576,768,432,56.085,dd1caca72b923b393b0493921aa3a86a8653b444
1879.jpg,localtourism,805c6b97-a426-42e2-9221-84aab1a82571,Keong Emas,flickr,buitenzorger,https://www.flickr.com/photos/8386964@N03/3870865172,https://live.staticflickr.com/2592/3870865172_eb4b3d5306_b.jpg,by-sa,2.0,https://creativecommons.org/licenses/by-sa/2.0/,Taman Mini Indonesia Indah,1024,766,768,575,41.852,7dde6cb326af83a9aee2326e6cb48914d926b85f
1880.jpg,localtourism,5494d5a0-627b-4615-a92f-c39f0cf9b4fa,Two Windows,flickr,buitenzorger,https://www.flickr.com/photos/8386964@N03/4742042003,https://live.staticflickr.com/4138/4742042003_c2ab0a89b0_b.jpg,by-sa,2.0,https://creativecommons.org/licenses/by-sa/2.0/,Taman Mini Indonesia Indah,1023,682,768,512,94.725,9605393d394b9aca0299ecf57f6a8e17878eea74
1599.jpg,localtourism,9a0ad0eb-8722-46de-bf78-390249472510,IMG_20180529_151545,flickr,baka_neko_baka,https://www.flickr.com/photos/131810676@N03/43320156161,https://live.staticflickr.com/846/43320156161_857dfab1af_b.jpg,by,2.0,https://creativecommons.org/licenses/by/2.0/,Taman Mini Indonesia Indah,1024,576,768,432,49.336,348ddc969dd5408758a8244a954e8357bbaaba79
1600.jpg,localtourism,2cb0354e-9d5a-42df-9aed-9d6af92de0ef,IMG_20180529_123711,flickr,baka_neko_baka,https://www.flickr.com/photos/131810676@N03/43268268452,https://live.staticflickr.com/1781/43268268452_688e11459e_b.jpg,by,2.0,https://creativecommons.org/licenses/by/2.0/,Taman Mini Indonesia Indah,1024,768,768,576,54.073,312e1e0a0225df1f6d9843d87dd03ac573945612
1601.jpg,localtourism,5acf62d2-6d38-475d-9d21-97e373154237,IMG_20180529_104615,flickr,baka_neko_baka,https://www.flickr.com/photos/131810676@N03/28448099427,https://live.staticflickr.com/847/28448099427_b7eb5e70e9_b.jpg,by,2.0,https://creativecommons.org/licenses/by/2.0/,Taman Mini Indonesia Indah,1024,768,768,576,49.977,368da7591f55bf2d61c72df96ba8716b8b6490ed
1602.jpg,localtourism,635422e7-2ae9-447e-8701-d37c2d55c262,IMG_20180529_090900,flickr,baka_neko_baka,https://www.flickr.com/photos/131810676@N03/29446344638,https://live.staticflickr.com/842/29446344638_c34742c5dc_b.jpg,by,2.0,https://creativecommons.org/licenses/by/2.0/,Taman Mini Indonesia Indah,1024,576,768,432,72.221,72e6146b880577dcc63049c60d112c22892b7bff
1604.jpg,localtourism,20be20bf-b27c-42af-82fa-16d959e78b4f,IMG_20180529_090907,flickr,baka_neko_baka,https://www.flickr.com/photos/131810676@N03/42598682154,https://live.staticflickr.com/1763/42598682154_d74cfe745e_b.jpg,by,2.0,https://creativecommons.org/licenses/by/2.0/,Taman Mini Indonesia Indah,1024,576,768,432,71.101,28fdbde9adb7b69bbdbc0d5f5b3e971fa1f97144
1603.jpg,localtourism,6c83c855-a05c-4614-ba7a-32696d5b63f9,IMG_20180529_091253,flickr,baka_neko_baka,https://www.flickr.com/photos/131810676@N03/42598470764,https://live.staticflickr.com/836/42598470764_2b537d5a22_b.jpg,by,2.0,https://creativecommons.org/licenses/by/2.0/,Taman Mini Indonesia Indah,1024,768,768,576,60.086,e21420481d4636e1c62c91427a4b746705f4902c
1605.jpg,localtourism,5478a5d1-2c81-42ba-8554-ccaca3ca8b61,IMG_20180529_143738,flickr,baka_neko_baka,https://www.flickr.com/photos/131810676@N03/42412114015,https://live.staticflickr.com/842/42412114015_267fc5ea14_b.jpg,by,2.0,https://creativecommons.org/licenses/by/2.0/,Taman Mini Indonesia Indah,1024,576,768,432,80.845,fffdce2dd57f63b8229f7b54dee95c13fbde9236
1606.jpg,localtourism,eada861a-f057-483a-8277-ef3f49cc8ade,IMG_20180529_103631,flickr,baka_neko_baka,https://www.flickr.com/photos/131810676@N03/28447094477,https://live.staticflickr.com/1805/28447094477_c6491910d1_b.jpg,by,2.0,https://creativecommons.org/licenses/by/2.0/,Taman Mini Indonesia Indah,1024,576,768,432,70.003,4c5de92e0390694b7080c7fde651fd574c03d69a
1608.jpg,localtourism,8badfc07-eb0e-4272-9917-d0f140f26974,IMG_20180529_143534,flickr,baka_neko_baka,https://www.flickr.com/photos/131810676@N03/43270687932,https://live.staticflickr.com/846/43270687932_16d742c14a_b.jpg,by,2.0,https://creativecommons.org/licenses/by/2.0/,Taman Mini Indonesia Indah,1024,768,768,576,63.32,2740d39849f597cfcfe35bcfffcce4dbf4930dba
1607.jpg,localtourism,d35b5e0b-4676-47ef-b917-724002aef675,IMG_20180529_114447,flickr,baka_neko_baka,https://www.flickr.com/photos/131810676@N03/29447615458,https://live.staticflickr.com/927/29447615458_5ee01fb16f_b.jpg,by,2.0,https://creativecommons.org/licenses/by/2.0/,Taman Mini Indonesia Indah,1024,576,768,432,52.497,709d6d0b23fb32e0ceb1131926be97e361712bbb
1609.jpg,localtourism,b04f6843-9d96-4355-b697-04dd906e44c2,IMG_20180529_114132,flickr,baka_neko_baka,https://www.flickr.com/photos/131810676@N03/42599945014,https://live.staticflickr.com/1830/42599945014_955e332e6e_b.jpg,by,2.0,https://creativecommons.org/licenses/by/2.0/,Taman Mini Indonesia Indah,1024,576,768,432,43.86,6d6771b408b266c05d74983c6c5623ad014ebde5
1610.jpg,localtourism,56e1d9de-d32d-4f42-b28f-e2db303121ff,IMG_20180529_124312,flickr,baka_neko_baka,https://www.flickr.com/photos/131810676@N03/42414720725,https://live.staticflickr.com/1805/42414720725_dd2812d234_b.jpg,by,2.0,https://creativecommons.org/licenses/by/2.0/,Taman Mini Indonesia Indah,1024,768,768,576,44.653,c5f9b21517f01b086395fff5bee7a0b41d77a173
1611.jpg,localtourism,ab3db26a-1cc8-43d2-bf20-acfc789b27c3,IMG_20180529_105242,flickr,baka_neko_baka,https://www.flickr.com/photos/131810676@N03/42598679544,https://live.staticflickr.com/919/42598679544_e056c00cbd_b.jpg,by,2.0,https://creativecommons.org/licenses/by/2.0/,Taman Mini Indonesia Indah,768,1024,576,768,36.687,0dd98c28d2b99886f0b7a8082f534dbdef1111fc
1612.jpg,localtourism,fe318bf2-fcc7-4ff0-86c4-b8bf088ce9cc,IMG_20180529_142840,flickr,baka_neko_baka,https://www.flickr.com/photos/131810676@N03/43320158871,https://live.staticflickr.com/1781/43320158871_fb2c9f8ee3_b.jpg,by,2.0,https://creativecommons.org/licenses/by/2.0/,Taman Mini Indonesia Indah,1024,768,768,576,66.034,f7ba6564f781e18964a022022b714096ee91a66b
1613.jpg,localtourism,f7bad6f8-2de3-498d-90a8-537bb9dad54a,IMG_20180529_130325,flickr,baka_neko_baka,https://www.flickr.com/photos/131810676@N03/42600686934,https://live.staticflickr.com/914/42600686934_46beac2a23_b.jpg,by,2.0,https://creativecommons.org/licenses/by/2.0/,Taman Mini Indonesia Indah,1024,768,768,576,50.769,e125d1ec7d1b82d268d7c31fa9fe0fb6aab5def6
1617.jpg,localtourism,44649071-ef2c-40a3-84ab-d521fb060c30,christmas cupcakes jakarta indonesia,flickr,cupcakesheaven,https://www.flickr.com/photos/77220060@N06/9101484794,https://live.staticflickr.com/3746/9101484794_06df8a9cb7.jpg,by,2.0,https://creativecommons.org/licenses/by/2.0/,Candi Indonesia,500,331,500,331,66.398,12e4910686146a0c62ab73a50870e40308cb8afc
1614.jpg,localtourism,d4c9b649-86c7-4e3c-a146-f86d89e9ad20,IMG_20180529_085659,flickr,baka_neko_baka,https://www.flickr.com/photos/131810676@N03/43266604092,https://live.staticflickr.com/843/43266604092_58e520a615_b.jpg,by,2.0,https://creativecommons.org/licenses/by/2.0/,Taman Mini Indonesia Indah,768,1024,576,768,47.36,5fcc76a04aaaf7a265256d54c5dd32f90ffc5c8b
1615.jpg,localtourism,8dca36bf-2837-46a6-a640-0c96ea71d480,IMG_20180529_143917,flickr,baka_neko_baka,https://www.flickr.com/photos/131810676@N03/43266604602,https://live.staticflickr.com/1770/43266604602_ffc1470ba4_b.jpg,by,2.0,https://creativecommons.org/licenses/by/2.0/,Taman Mini Indonesia Indah,1024,576,768,432,93.065,9c1fdb0e5cbaa70ddde653519d2948f5e8d61e14
1618.jpg,localtourism,c41e9e81-d561-41a7-858f-25de217fbd7e,Colorful,flickr,ariefmhasan,https://www.flickr.com/photos/98057841@N08/9142090992,https://live.staticflickr.com/2812/9142090992_81141bcd4e_b.jpg,by,2.0,https://creativecommons.org/licenses/by/2.0/,Candi Indonesia,1024,683,768,512,16.332,56afc9413245a72579d4d3dbc218bcb7d4fdd9b8
1619.jpg,localtourism,f0f3b47a-a455-4d27-860e-55078b959123,Blizzard Brownies,flickr,rizkapb,https://www.flickr.com/photos/47196317@N00/1363929334,https://live.staticflickr.com/1058/1363929334_006078b34f.jpg,by,2.0,https://creativecommons.org/licenses/by/2.0/,Candi Indonesia,500,375,500,375,32.549,154ad441cff029b747a349395a109c59e52bd5eb
1621.jpg,localtourism,30970136-ca31-4072-84ec-7bda7df2e4b0,Candi Kidal,flickr,Arian Zwegers,https://www.flickr.com/photos/67769030@N07/6972207299,https://live.staticflickr.com/7204/6972207299_a8d59a07e5_b.jpg,by,2.0,https://creativecommons.org/licenses/by/2.0/,Candi Indonesia,683,1024,512,768,54.065,984aa03989acb1b36b49c8fd9fe5d048661f6fee
1627.jpg,localtourism,6da8ef3b-738d-4404-bb34-81921df5c531,Candi singosari,wikimedia,Edi W.,https://commons.wikimedia.org/w/index.php?curid=4186178,https://upload.wikimedia.org/wikipedia/commons/d/d2/Candi_singosari.jpg,by-sa,3.0,https://creativecommons.org/licenses/by-sa/3.0/,Candi Indonesia,700,525,700,525,52.148,2eb2c44d33934f7cfd0f0628d0d25c8c5b3f52e3
1626.jpg,localtourism,9a84a7c9-a098-41c9-9c84-cf037a1e254b,His Blazing Throne (DSC8345_6_7),flickr,Schristia,https://www.flickr.com/photos/12054060@N04/15590946512,https://live.staticflickr.com/3937/15590946512_aebe75508b_b.jpg,by-sa,2.0,https://creativecommons.org/licenses/by-sa/2.0/,Candi Indonesia,682,1024,511,768,69.908,f9a5fd9e9d0992bca4e2f311a8ab37eced9eebc6
1900.jpg,localtourism,95922df8-4eb3-49f2-b1ac-d67f6fed5c57,Carved Symmetrically,flickr,Black_Claw,https://www.flickr.com/photos/24833567@N03/8327371022,https://live.staticflickr.com/8077/8327371022_791748c549_b.jpg,by,2.0,https://creativecommons.org/licenses/by/2.0/,Taman Mini Indonesia Indah,768,1024,576,768,29.533,a14a5b311d26cb9801c6b1c047eb146e6f18db93
1628.jpg,localtourism,0343a637-3ad3-4c8f-819d-560ce365c786,Candy crab,flickr,Christian Gloor,https://www.flickr.com/photos/76738608@N08/20152089790,https://live.staticflickr.com/3780/20152089790_34f8961025_b.jpg,by,2.0,https://creativecommons.org/licenses/by/2.0/,Candi Indonesia,1024,768,768,576,28.381,08520440d6495faedd4b8e986caf41588fa29bf3
1629.jpg,localtourism,c8a5d8e5-b222-46ec-95bc-c46a4fdd563c,Past Grandeur (DSC8339_40_41),flickr,Schristia,https://www.flickr.com/photos/12054060@N04/15520556699,https://live.staticflickr.com/3952/15520556699_9167b74791_b.jpg,by-sa,2.0,https://creativecommons.org/licenses/by-sa/2.0/,Candi Indonesia,1000,667,768,512,66.06,a110cb6bc08b341fabf1ed718968fe50e2fa1076
1905.jpg,localtourism,59911d10-9cb6-4820-a377-370d34fd46a8,Batak House #2,flickr,buitenzorger,https://www.flickr.com/photos/8386964@N03/4748676253,https://live.staticflickr.com/4136/4748676253_f06c39d644_b.jpg,by-sa,2.0,https://creativecommons.org/licenses/by-sa/2.0/,Taman Mini Indonesia Indah,1024,660,768,495,85.848,2ba81c6018a04377c613e672ae36222d87c77bae
1907.jpg,localtourism,e843fe9c-5d2e-4f4b-8342-9eb90881a807,Batak House #1,flickr,buitenzorger,https://www.flickr.com/photos/8386964@N03/4748679663,https://live.staticflickr.com/4097/4748679663_f42e0c15f7_b.jpg,by-sa,2.0,https://creativecommons.org/licenses/by-sa/2.0/,Taman Mini Indonesia Indah,682,1023,512,768,70.468,3dfc5bd214b6d00fcaa1c78fd866af8c6424cf8e
1910.jpg,localtourism,9eb442ab-019d-44c7-b53e-671df13bb600,IMG_0726,flickr,mattjlc,https://www.flickr.com/photos/23457733@N05/3746570544,https://live.staticflickr.com/2615/3746570544_0f1d1c0b54_b.jpg,by,2.0,https://creativecommons.org/licenses/by/2.0/,Taman Mini Indonesia Indah,1024,768,768,576,38.456,04872e41446e6de46059b9eacb11252bdb15c2c9
1911.jpg,localtourism,d3ce97eb-4cb7-4d99-ae0f-57a6d4ab0a83,ex-DAMRI Tata bus,flickr,"Ya, saya inBaliTimur",https://www.flickr.com/photos/96261485@N08/17154937448,https://live.staticflickr.com/7736/17154937448_9abecc5906_b.jpg,by-sa,2.0,https://creativecommons.org/licenses/by-sa/2.0/,Taman Mini Indonesia Indah,1024,459,768,344,69.887,cb5854d9c72b16999aaeb20ea63b599b1b1ebafc
1919.jpg,localtourism,5fcc5348-82a6-4309-9010-6f77005e5b40,Pagi Iedul Adha di At-Tin,flickr,prazjp,https://www.flickr.com/photos/14953597@N07/4142709132,https://live.staticflickr.com/2608/4142709132_3549dc1105.jpg,by,2.0,https://creativecommons.org/licenses/by/2.0/,Taman Mini Indonesia Indah,500,375,500,375,48.773,6a979dc6c0ccd3fb50f43ea582438e1f8efb9c09
1920.jpg,localtourism,3c995685-73ee-4a24-bcac-df5b62b629dc,Pagi Iedul Adha di At-Tin,flickr,prazjp,https://www.flickr.com/photos/14953597@N07/4142719498,https://live.staticflickr.com/2693/4142719498_fecbaa7908.jpg,by,2.0,https://creativecommons.org/licenses/by/2.0/,Taman Mini Indonesia Indah,500,375,500,375,44.847,0584ed0373fbf81941368492a8017ad225a3ff85
1921.jpg,localtourism,843152d5-353b-4ae8-b374-aca730027d57,Pagi Iedul Adha di At-Tin,flickr,prazjp,https://www.flickr.com/photos/14953597@N07/4142709924,https://live.staticflickr.com/2517/4142709924_7fc456a7b0.jpg,by,2.0,https://creativecommons.org/licenses/by/2.0/,Taman Mini Indonesia Indah,375,500,375,500,29.935,4ca982c1322d58a42a313fb50682fcb94a72896d
1922.jpg,localtourism,e5d9935d-a06e-4026-aed6-3b7dd6fc6c6c,Pagi Iedul Adha di At-Tin,flickr,prazjp,https://www.flickr.com/photos/14953597@N07/4141956041,https://live.staticflickr.com/2514/4141956041_6f7f650635.jpg,by,2.0,https://creativecommons.org/licenses/by/2.0/,Taman Mini Indonesia Indah,500,375,500,375,41.215,3cc90490cb1145335dada516fa7afd9fbd283880
1923.jpg,localtourism,39bbbbdb-6edc-4f7a-9013-277dfaed05d3,Aeromovel track,flickr,nSeika,https://www.flickr.com/photos/33542052@N07/5626974077,https://live.staticflickr.com/5107/5626974077_ea418402d0_b.jpg,by,2.0,https://creativecommons.org/licenses/by/2.0/,Taman Mini Indonesia Indah,1024,1024,768,768,52.97,e99950a33b8d8729b0e0617269984e5f1f821663
1924.jpg,localtourism,cbc6e07b-b128-4355-9a16-ff32dd6caaec,Pagi Iedul Adha di At-Tin,flickr,prazjp,https://www.flickr.com/photos/14953597@N07/4142706494,https://live.staticflickr.com/2567/4142706494_58e9175c6e.jpg,by,2.0,https://creativecommons.org/licenses/by/2.0/,Taman Mini Indonesia Indah,500,375,500,375,54.165,e487370686cc671c8510166050e77ea641f41fb1
1925.jpg,localtourism,c26b1e08-f15a-4d09-8796-f6bf4139856b,Pagi Iedul Adha di At-Tin,flickr,prazjp,https://www.flickr.com/photos/14953597@N07/4142716024,https://live.staticflickr.com/2572/4142716024_0b85f55507.jpg,by,2.0,https://creativecommons.org/licenses/by/2.0/,Taman Mini Indonesia Indah,500,375,500,375,41.462,07ed2264993018301cae24bcc4ac05942ccd03ba
1926.jpg,localtourism,d445f241-c351-447b-b859-8930e387d22b,Pagi Iedul Adha di At-Tin,flickr,prazjp,https://www.flickr.com/photos/14953597@N07/4142708222,https://live.staticflickr.com/2547/4142708222_17e1ea6a69.jpg,by,2.0,https://creativecommons.org/licenses/by/2.0/,Taman Mini Indonesia Indah,500,375,500,375,47.09,8915307143b0896b22efc2030a994f837cfd89d9
1928.jpg,localtourism,5ee7740b-77dc-4dee-9d2a-e5fd88a14767,Pagi Iedul Adha di At-Tin,flickr,prazjp,https://www.flickr.com/photos/14953597@N07/4141947805,https://live.staticflickr.com/2636/4141947805_c58296f310.jpg,by,2.0,https://creativecommons.org/licenses/by/2.0/,Taman Mini Indonesia Indah,375,500,375,500,29.406,045d4793b174d1a5bb09d486d8c0aa5fb3ecbc0b
1927.jpg,localtourism,cce2390d-a2bc-471b-9661-4610b6745798,Pagi Iedul Adha di At-Tin,flickr,prazjp,https://www.flickr.com/photos/14953597@N07/4142705444,https://live.staticflickr.com/2747/4142705444_bea4222ee6.jpg,by,2.0,https://creativecommons.org/licenses/by/2.0/,Taman Mini Indonesia Indah,500,375,500,375,59.396,ee49e1a1ad4e3047f48fb32777085fc812d54eb1
1929.jpg,localtourism,93318a0d-8f1b-4370-9948-9699eae2ed30,Pagi Iedul Adha di At-Tin,flickr,prazjp,https://www.flickr.com/photos/14953597@N07/4142706894,https://live.staticflickr.com/2619/4142706894_c71b1b9e33.jpg,by,2.0,https://creativecommons.org/licenses/by/2.0/,Taman Mini Indonesia Indah,500,375,500,375,51.99,c85a9f61d095319c09a40bb86ffc4a53d535fa7b
1930.jpg,localtourism,d10fe8f9-326a-42ef-bab6-a040292b79b3,Pagi Iedul Adha di At-Tin,flickr,prazjp,https://www.flickr.com/photos/14953597@N07/4142712516,https://live.staticflickr.com/2551/4142712516_4ac013dbb9.jpg,by,2.0,https://creativecommons.org/licenses/by/2.0/,Taman Mini Indonesia Indah,375,500,375,500,36.771,37112242e65b942bc8e6f4acbb038fd0e9d67814
1931.jpg,localtourism,3902498a-5dce-4fb6-a85d-3fcd84c58b63,Pagi Iedul Adha di At-Tin,flickr,prazjp,https://www.flickr.com/photos/14953597@N07/4141963877,https://live.staticflickr.com/2565/4141963877_68a83f44a7.jpg,by,2.0,https://creativecommons.org/licenses/by/2.0/,Taman Mini Indonesia Indah,375,500,375,500,53.234,333008a95c2ed19bdf7ce58113fc616a60ae5d34
1932.jpg,localtourism,ec20f81b-15f7-4117-b202-6693bb643951,Pagi Iedul Adha di At-Tin,flickr,prazjp,https://www.flickr.com/photos/14953597@N07/4141967339,https://live.staticflickr.com/2524/4141967339_35e67b1a01.jpg,by,2.0,https://creativecommons.org/licenses/by/2.0/,Taman Mini Indonesia Indah,500,375,500,375,56.838,4faa3730919679cad271194c0acaaea5acbf9e3c
1933.jpg,localtourism,f3289570-b778-4aec-9ab3-1c2df147da91,Pagi Iedul Adha di At-Tin,flickr,prazjp,https://www.flickr.com/photos/14953597@N07/4142726914,https://live.staticflickr.com/2570/4142726914_49257413bc.jpg,by,2.0,https://creativecommons.org/licenses/by/2.0/,Taman Mini Indonesia Indah,500,375,500,375,50.846,694d85f4431530e7c47c03e7fd050fcc32b78317
1935.jpg,localtourism,d8e544a9-0d35-4d8d-b874-5f25ad073db8,Pagi Iedul Adha di At-Tin,flickr,prazjp,https://www.flickr.com/photos/14953597@N07/4142724740,https://live.staticflickr.com/2738/4142724740_30781cac64.jpg,by,2.0,https://creativecommons.org/licenses/by/2.0/,Taman Mini Indonesia Indah,500,375,500,375,54.389,b72d23d58cfdc0ce132549bfea1d21a5a9d74d42
1934.jpg,localtourism,74a5c74a-7f32-4f5d-9556-80bcad21a670,Pagi Iedul Adha di At-Tin,flickr,prazjp,https://www.flickr.com/photos/14953597@N07/4141951737,https://live.staticflickr.com/2487/4141951737_9d5fea2323.jpg,by,2.0,https://creativecommons.org/licenses/by/2.0/,Taman Mini Indonesia Indah,500,375,500,375,52.176,467e67e042f5d1b2f4dc8eb21281999e042fa2ef
1936.jpg,localtourism,bd884d48-0261-4c2c-83b9-513a49a761a4,Pagi Iedul Adha di At-Tin,flickr,prazjp,https://www.flickr.com/photos/14953597@N07/4142728362,https://live.staticflickr.com/2584/4142728362_308816757e.jpg,by,2.0,https://creativecommons.org/licenses/by/2.0/,Taman Mini Indonesia Indah,375,500,375,500,43.41,f5500e69e0ff7bb15d540759920dc2c6ebba2521
1937.jpg,localtourism,0465246e-45de-4bb1-bb99-60be1f4d66eb,Pagi Iedul Adha di At-Tin,flickr,prazjp,https://www.flickr.com/photos/14953597@N07/4141947477,https://live.staticflickr.com/2791/4141947477_5356541c93.jpg,by,2.0,https://creativecommons.org/licenses/by/2.0/,Taman Mini Indonesia Indah,375,500,375,500,53.817,8ad557dac6494460644efa6f5e981f4160e445d6
1938.jpg,localtourism,2605cf3a-eff7-4460-94d7-454961ca5c27,Pagi Iedul Adha di At-Tin,flickr,prazjp,https://www.flickr.com/photos/14953597@N07/4142718608,https://live.staticflickr.com/2709/4142718608_ba0dfb523a.jpg,by,2.0,https://creativecommons.org/licenses/by/2.0/,Taman Mini Indonesia Indah,500,375,500,375,38.546,1355d0fc9d9a7b16e35146a7a114cd70cd659845
1939.jpg,localtourism,c279d637-9bef-4642-8866-ebf693e47b5e,Pagi Iedul Adha di At-Tin,flickr,prazjp,https://www.flickr.com/photos/14953597@N07/4142701888,https://live.staticflickr.com/2755/4142701888_370026e219.jpg,by,2.0,https://creativecommons.org/licenses/by/2.0/,Taman Mini Indonesia Indah,500,375,500,375,38.485,90658f4dc44178a1753d0f6505b653f83ef46367
1940.jpg,localtourism,e3123f1d-b317-41c7-9464-85abc45e7bae,Pagi Iedul Adha di At-Tin,flickr,prazjp,https://www.flickr.com/photos/14953597@N07/4142714208,https://live.staticflickr.com/2572/4142714208_e1d6e054f2.jpg,by,2.0,https://creativecommons.org/licenses/by/2.0/,Taman Mini Indonesia Indah,500,375,500,375,34.353,ddf8b59722230ca113de2513be60c46279a918d4
1941.jpg,localtourism,4f2d350f-bb00-49c7-85df-20a3e610f09a,Pagi Iedul Adha di At-Tin,flickr,prazjp,https://www.flickr.com/photos/14953597@N07/4141956791,https://live.staticflickr.com/2519/4141956791_119bddcc14.jpg,by,2.0,https://creativecommons.org/licenses/by/2.0/,Taman Mini Indonesia Indah,500,375,500,375,39.708,fd412be1bbbcc7e78beb759fd221c0c7eb1c097f
1942.jpg,localtourism,325c0648-7d58-4a03-8aa2-9d34c5cc503f,Pagi Iedul Adha di At-Tin,flickr,prazjp,https://www.flickr.com/photos/14953597@N07/4141956495,https://live.staticflickr.com/2490/4141956495_0d56b7e041.jpg,by,2.0,https://creativecommons.org/licenses/by/2.0/,Taman Mini Indonesia Indah,500,375,500,375,39.529,4ebae6378d0ca82db1d32d0149fba5dcf94d835a
1943.jpg,localtourism,249abc26-43dc-423d-82a3-abf665f976ea,Pagi Iedul Adha di At-Tin,flickr,prazjp,https://www.flickr.com/photos/14953597@N07/4141965715,https://live.staticflickr.com/2634/4141965715_99fc1f0952.jpg,by,2.0,https://creativecommons.org/licenses/by/2.0/,Taman Mini Indonesia Indah,500,375,500,375,54.49,9edc7c19d64afdb5d73a2a88910e35123243c98b
1944.jpg,localtourism,646bdb22-19a1-4d29-b777-56cd9d12252f,Pagi Iedul Adha di At-Tin,flickr,prazjp,https://www.flickr.com/photos/14953597@N07/4141971031,https://live.staticflickr.com/2561/4141971031_5909e5b2a9.jpg,by,2.0,https://creativecommons.org/licenses/by/2.0/,Taman Mini Indonesia Indah,375,500,375,500,43.83,955a8c549e6dd7129d4dd6084dc0c2b29ca524b5
1945.jpg,localtourism,2bdbf488-9e6d-4008-81f2-069115ea2d68,Pagi Iedul Adha di At-Tin,flickr,prazjp,https://www.flickr.com/photos/14953597@N07/4142715314,https://live.staticflickr.com/2763/4142715314_e4a1201c33.jpg,by,2.0,https://creativecommons.org/licenses/by/2.0/,Taman Mini Indonesia Indah,500,375,500,375,42.343,661a98472e329238869def81f7b56a127ac07374
1946.jpg,localtourism,3f2c8ad2-a06e-42b9-85ef-18b58ed3c62a,Pagi Iedul Adha di At-Tin,flickr,prazjp,https://www.flickr.com/photos/14953597@N07/4141966927,https://live.staticflickr.com/2706/4141966927_abcf273fd2.jpg,by,2.0,https://creativecommons.org/licenses/by/2.0/,Taman Mini Indonesia Indah,500,375,500,375,60.462,bd3b5ce6b9c72c45e290113608b1bd7e42271ff4
1949.jpg,localtourism,9a1dd348-7113-4a9f-a1c9-16eb32c287bd,Pagi Iedul Adha di At-Tin,flickr,prazjp,https://www.flickr.com/photos/14953597@N07/4141949351,https://live.staticflickr.com/2736/4141949351_3000262427.jpg,by,2.0,https://creativecommons.org/licenses/by/2.0/,Taman Mini Indonesia Indah,500,375,500,375,54.595,e33427d0bb59d1e5704e4a1f360a7d157ca3dc92
1955.jpg,localtourism,57ef8e10-e1e4-465f-85e0-0c38fce31a46,Pagi Iedul Adha di At-Tin,flickr,prazjp,https://www.flickr.com/photos/14953597@N07/4142709516,https://live.staticflickr.com/2489/4142709516_3ed53e0bf4.jpg,by,2.0,https://creativecommons.org/licenses/by/2.0/,Taman Mini Indonesia Indah,500,375,500,375,52.456,078e3f3f364375ba9d5c06221c570ecd73958154
1632.jpg,localtourism,aa5a14d9-5ab2-481a-bdc3-e0e0d84b04c9,File:Candi Tikus.jpg,wikimedia,Gunawan Kartapranata,https://commons.wikimedia.org/w/index.php?curid=6390436,https://upload.wikimedia.org/wikipedia/commons/1/13/Candi_Tikus.jpg,by-sa,3.0,https://creativecommons.org/licenses/by-sa/3.0/,Candi Indonesia,1134,755,768,511,58.873,033d6a0a00e46dec20bf6a6e364ceef0069783e9
1633.jpg,localtourism,40748afa-ce69-4378-8c48-839aeb8021cc,Profiteroles with Vanilla Ice Cream And Chocolate Sauce @ Bakerzin Plaza Indonesia,flickr,nSeika,https://www.flickr.com/photos/33542052@N07/7542627996,https://live.staticflickr.com/7252/7542627996_026f2d62df_b.jpg,by,2.0,https://creativecommons.org/licenses/by/2.0/,Candi Indonesia,766,1024,574,768,25.447,b09784db5e54ccf406a32f0fbff4ee5f48542fcc
1634.jpg,localtourism,fb1addca-80f8-4fcb-96ff-0cf2b97eb01d,Ragunan Zoo Gate,wikimedia,Gunawan Kartapranata,https://commons.wikimedia.org/w/index.php?curid=13881311,https://upload.wikimedia.org/wikipedia/commons/7/78/Ragunan_Zoo_Gate.jpg,by-sa,3.0,https://creativecommons.org/licenses/by-sa/3.0/,Candi Indonesia,2551,1773,768,534,66.298,83354e4687d234cd27707fc5642660ceab92c92d
1635.jpg,localtourism,4629ee4f-ee2a-44cc-945b-559b7cd7502b,King of the hill,flickr,Christian Gloor,https://www.flickr.com/photos/76738608@N08/26361708254,https://live.staticflickr.com/7588/26361708254_860714f800_b.jpg,by,2.0,https://creativecommons.org/licenses/by/2.0/,Candi Indonesia,768,1024,576,768,31.579,450f3785bc371269284cfd46d58092570a3d0a26
1641.jpg,localtourism,eebf6e21-c122-49e2-b225-7e87d4118e60,Melbourne Symphony Orchestra di Indonesia,flickr,Australian Embassy Jakarta,https://www.flickr.com/photos/138532424@N02/44538866172,https://live.staticflickr.com/1873/44538866172_ff1eced772_b.jpg,by,2.0,https://creativecommons.org/licenses/by/2.0/,Candi Indonesia,1024,683,768,512,44.44,63fc15eb0e28c1041c99af57b301838639dafd12
1643.jpg,localtourism,0fe2c1d7-c932-4e88-bf96-38256ba6b820,bokkepootjes,flickr,rizkapb,https://www.flickr.com/photos/47196317@N00/862373537,https://live.staticflickr.com/1048/862373537_e9ae60b18e.jpg,by,2.0,https://creativecommons.org/licenses/by/2.0/,Candi Indonesia,500,375,500,375,31.441,f2fa3ad1ea6638e77a8cbbd222c0aea47560028d
1642.jpg,localtourism,56fb0511-8fec-41a4-b62e-a79a0e87a584,Melbourne Symphony Orchestra di Indonesia,flickr,Australian Embassy Jakarta,https://www.flickr.com/photos/138532424@N02/44588948251,https://live.staticflickr.com/1879/44588948251_23a59c4a96_b.jpg,by,2.0,https://creativecommons.org/licenses/by/2.0/,Candi Indonesia,1024,683,768,512,33.286,878892a4f90f9c0060765ec2ef58c415e644aa72
1645.jpg,localtourism,611d1b48-77c1-47dc-9768-d4e4768b5996,poolside villa,flickr,Cyberminnie,https://www.flickr.com/photos/30686127@N00/2945948179,https://live.staticflickr.com/3065/2945948179_39f78d473b.jpg,pdm,1.0,https://creativecommons.org/publicdomain/mark/1.0/,Candi Indonesia,500,333,500,333,74.995,6c733b0596d6cc384bac8ee5f4b44cd11a997939
1647.jpg,localtourism,3c1cb940-acdd-4ceb-93c2-e82b54d5f3ef,Paduraksa - Gate to a Balinese Temple,flickr,Jorge Lascar,https://www.flickr.com/photos/8721758@N06/41004211255,https://live.staticflickr.com/868/41004211255_ce59c9c605_b.jpg,by,2.0,https://creativecommons.org/licenses/by/2.0/,Candi Indonesia,1023,941,768,706,61.247,af02dcc88538a1d3f31ce5816d17e847d5afe699
1966.jpg,localtourism,810204c3-0e95-4bc8-bffa-76e42170f6c3,Pagi Iedul Adha di At-Tin,flickr,prazjp,https://www.flickr.com/photos/14953597@N07/4141898441,https://live.staticflickr.com/2675/4141898441_a90facaf71.jpg,by,2.0,https://creativecommons.org/licenses/by/2.0/,Taman Mini Indonesia Indah,500,375,500,375,54.345,d17bd4d07b3a5089b359b2abd23e7bb18fffbec2
1967.jpg,localtourism,2ebdb830-cf09-4b09-b099-4fd2469168fb,Pagi Iedul Adha di At-Tin,flickr,prazjp,https://www.flickr.com/photos/14953597@N07/4142711682,https://live.staticflickr.com/2757/4142711682_278d290f52.jpg,by,2.0,https://creativecommons.org/licenses/by/2.0/,Taman Mini Indonesia Indah,375,500,375,500,29.336,a8cb3110e10d454182026695fc50a458cd8ca04f
1998.jpg,localtourism,2ad65b87-f362-42ec-80d3-6e4c159b6cf4,IMG_20180529_090016,flickr,baka_neko_baka,https://www.flickr.com/photos/131810676@N03/43266603932,https://live.staticflickr.com/1766/43266603932_c822fdd355_b.jpg,by,2.0,https://creativecommons.org/licenses/by/2.0/,Taman Mini Indonesia Indah,1024,768,768,576,68.859,4630d37984381a2ef6afdfb8fd87ab9db49af4cd
1999.jpg,localtourism,0d870d5e-f252-4859-9e30-12ee4bc74a8e,IMG_20180529_090433,flickr,baka_neko_baka,https://www.flickr.com/photos/131810676@N03/28447094877,https://live.staticflickr.com/1788/28447094877_47871cce33_b.jpg,by,2.0,https://creativecommons.org/licenses/by/2.0/,Taman Mini Indonesia Indah,1024,768,768,576,61.228,ffcbcd31585c0455139d9fcc8f411a5ee4580f6e
2000.jpg,localtourism,dc7bd205-e8a8-47b5-844f-2fdd77d56910,IMG_20180529_104350,flickr,baka_neko_baka,https://www.flickr.com/photos/131810676@N03/28448099797,https://live.staticflickr.com/1790/28448099797_7e60f8e2b4_b.jpg,by,2.0,https://creativecommons.org/licenses/by/2.0/,Taman Mini Indonesia Indah,1024,576,768,432,68.862,8f85550eea189006ecb4c59f4fb9ac2bc0dae5e8
2001.jpg,localtourism,c42464b6-55b0-4ce0-8aca-f271418a6e84,IMG_20180529_090000,flickr,baka_neko_baka,https://www.flickr.com/photos/131810676@N03/41506495670,https://live.staticflickr.com/926/41506495670_7328bb7f97_b.jpg,by,2.0,https://creativecommons.org/licenses/by/2.0/,Taman Mini Indonesia Indah,768,1024,576,768,50.339,f8e1e63b66890a62c4c4b8836c3c8fdbca4bac66
1649.jpg,localtourism,2597ef01-92df-4a7d-91e2-9350ffbaa62b,Foto Prewedding di Candi Plaosan,flickr,Doni Ismanto,https://www.flickr.com/photos/44335509@N08/19003618279,https://live.staticflickr.com/534/19003618279_39f3d5ed8b.jpg,by,2.0,https://creativecommons.org/licenses/by/2.0/,Candi Indonesia,333,500,333,500,92.6,29723a0cbd8c55a5bd888ad1193ee409bbf55fe5
2002.jpg,localtourism,145fb767-ecb2-4f57-95e3-c4594442695d,IMG_20180529_090513,flickr,baka_neko_baka,https://www.flickr.com/photos/131810676@N03/28447094707,https://live.staticflickr.com/927/28447094707_41b2c6f704_b.jpg,by,2.0,https://creativecommons.org/licenses/by/2.0/,Taman Mini Indonesia Indah,1024,768,768,576,59.29,5549b12d310d08e711733884f85c5e1df301e594
2003.jpg,localtourism,a35bcafd-b779-4346-b1df-56a1f98b158f,IMG_20180529_084455,flickr,baka_neko_baka,https://www.flickr.com/photos/131810676@N03/43316449271,https://live.staticflickr.com/841/43316449271_89b6348cb0_b.jpg,by,2.0,https://creativecommons.org/licenses/by/2.0/,Taman Mini Indonesia Indah,1024,576,768,432,56.085,dd1caca72b923b393b0493921aa3a86a8653b444
1651.jpg,localtourism,7b85e4d8-1f30-4da6-91ec-480b2ec0b1f4,Panorama of the front façade of a Balinese temple,flickr,Jorge Lascar,https://www.flickr.com/photos/8721758@N06/28033874508,https://live.staticflickr.com/960/28033874508_b830be94f0_b.jpg,by,2.0,https://creativecommons.org/licenses/by/2.0/,Candi Indonesia,1024,414,768,311,63.987,de6a586cac94eedadebf4ba82784a232b25fdcdd
1652.jpg,localtourism,4a21a4e7-58cf-4805-b46e-68644ada53d5,Pemuda Muslim Australia sedang menyalakan lampion,flickr,Australian Embassy Jakarta,https://www.flickr.com/photos/138532424@N02/31042433145,https://live.staticflickr.com/5779/31042433145_ae38ba0a44_b.jpg,by,2.0,https://creativecommons.org/licenses/by/2.0/,Candi Indonesia,1024,768,768,576,25.752,b04dc5b4880a39f626ea22c2c1eb0f6ce3455b83
2004.jpg,localtourism,6b22f34e-6615-480b-9708-d93297652f77,IMG_20180529_150030,flickr,baka_neko_baka,https://www.flickr.com/photos/131810676@N03/43320160321,https://live.staticflickr.com/1809/43320160321_2015109b32_b.jpg,by,2.0,https://creativecommons.org/licenses/by/2.0/,Taman Mini Indonesia Indah,1024,576,768,432,56.367,5c1a1f6e8f21efeb41b529fd0663370392afe74d
2005.jpg,localtourism,9a0ad0eb-8722-46de-bf78-390249472510,IMG_20180529_151545,flickr,baka_neko_baka,https://www.flickr.com/photos/131810676@N03/43320156161,https://live.staticflickr.com/846/43320156161_857dfab1af_b.jpg,by,2.0,https://creativecommons.org/licenses/by/2.0/,Taman Mini Indonesia Indah,1024,576,768,432,49.336,348ddc969dd5408758a8244a954e8357bbaaba79
2006.jpg,localtourism,2cb0354e-9d5a-42df-9aed-9d6af92de0ef,IMG_20180529_123711,flickr,baka_neko_baka,https://www.flickr.com/photos/131810676@N03/43268268452,https://live.staticflickr.com/1781/43268268452_688e11459e_b.jpg,by,2.0,https://creativecommons.org/licenses/by/2.0/,Taman Mini Indonesia Indah,1024,768,768,576,54.073,312e1e0a0225df1f6d9843d87dd03ac573945612
2007.jpg,localtourism,5acf62d2-6d38-475d-9d21-97e373154237,IMG_20180529_104615,flickr,baka_neko_baka,https://www.flickr.com/photos/131810676@N03/28448099427,https://live.staticflickr.com/847/28448099427_b7eb5e70e9_b.jpg,by,2.0,https://creativecommons.org/licenses/by/2.0/,Taman Mini Indonesia Indah,1024,768,768,576,49.977,368da7591f55bf2d61c72df96ba8716b8b6490ed
1656.jpg,localtourism,355e05f4-9ac3-4e44-8a63-815add0f7340,Melbourne Symphony Orchestra di Indonesia,flickr,Australian Embassy Jakarta,https://www.flickr.com/photos/138532424@N02/44588958641,https://live.staticflickr.com/1867/44588958641_b12951fb69_b.jpg,by,2.0,https://creativecommons.org/licenses/by/2.0/,Candi Indonesia,1024,684,768,513,44.755,8e51be7bfa3bbeb437e228ac11504e4f497adf35
2008.jpg,localtourism,635422e7-2ae9-447e-8701-d37c2d55c262,IMG_20180529_090900,flickr,baka_neko_baka,https://www.flickr.com/photos/131810676@N03/29446344638,https://live.staticflickr.com/842/29446344638_c34742c5dc_b.jpg,by,2.0,https://creativecommons.org/licenses/by/2.0/,Taman Mini Indonesia Indah,1024,576,768,432,72.221,72e6146b880577dcc63049c60d112c22892b7bff
2009.jpg,localtourism,6c83c855-a05c-4614-ba7a-32696d5b63f9,IMG_20180529_091253,flickr,baka_neko_baka,https://www.flickr.com/photos/131810676@N03/42598470764,https://live.staticflickr.com/836/42598470764_2b537d5a22_b.jpg,by,2.0,https://creativecommons.org/licenses/by/2.0/,Taman Mini Indonesia Indah,1024,768,768,576,60.086,e21420481d4636e1c62c91427a4b746705f4902c
2010.jpg,localtourism,20be20bf-b27c-42af-82fa-16d959e78b4f,IMG_20180529_090907,flickr,baka_neko_baka,https://www.flickr.com/photos/131810676@N03/42598682154,https://live.staticflickr.com/1763/42598682154_d74cfe745e_b.jpg,by,2.0,https://creativecommons.org/licenses/by/2.0/,Taman Mini Indonesia Indah,1024,576,768,432,71.101,28fdbde9adb7b69bbdbc0d5f5b3e971fa1f97144
2011.jpg,localtourism,5478a5d1-2c81-42ba-8554-ccaca3ca8b61,IMG_20180529_143738,flickr,baka_neko_baka,https://www.flickr.com/photos/131810676@N03/42412114015,https://live.staticflickr.com/842/42412114015_267fc5ea14_b.jpg,by,2.0,https://creativecommons.org/licenses/by/2.0/,Taman Mini Indonesia Indah,1024,576,768,432,80.845,fffdce2dd57f63b8229f7b54dee95c13fbde9236
2012.jpg,localtourism,eada861a-f057-483a-8277-ef3f49cc8ade,IMG_20180529_103631,flickr,baka_neko_baka,https://www.flickr.com/photos/131810676@N03/28447094477,https://live.staticflickr.com/1805/28447094477_c6491910d1_b.jpg,by,2.0,https://creativecommons.org/licenses/by/2.0/,Taman Mini Indonesia Indah,1024,576,768,432,70.003,4c5de92e0390694b7080c7fde651fd574c03d69a
2013.jpg,localtourism,d35b5e0b-4676-47ef-b917-724002aef675,IMG_20180529_114447,flickr,baka_neko_baka,https://www.flickr.com/photos/131810676@N03/29447615458,https://live.staticflickr.com/927/29447615458_5ee01fb16f_b.jpg,by,2.0,https://creativecommons.org/licenses/by/2.0/,Taman Mini Indonesia Indah,1024,576,768,432,52.497,709d6d0b23fb32e0ceb1131926be97e361712bbb
2014.jpg,localtourism,8badfc07-eb0e-4272-9917-d0f140f26974,IMG_20180529_143534,flickr,baka_neko_baka,https://www.flickr.com/photos/131810676@N03/43270687932,https://live.staticflickr.com/846/43270687932_16d742c14a_b.jpg,by,2.0,https://creativecommons.org/licenses/by/2.0/,Taman Mini Indonesia Indah,1024,768,768,576,63.32,2740d39849f597cfcfe35bcfffcce4dbf4930dba
2015.jpg,localtourism,b04f6843-9d96-4355-b697-04dd906e44c2,IMG_20180529_114132,flickr,baka_neko_baka,https://www.flickr.com/photos/131810676@N03/42599945014,https://live.staticflickr.com/1830/42599945014_955e332e6e_b.jpg,by,2.0,https://creativecommons.org/licenses/by/2.0/,Taman Mini Indonesia Indah,1024,576,768,432,43.86,6d6771b408b266c05d74983c6c5623ad014ebde5
2016.jpg,localtourism,56e1d9de-d32d-4f42-b28f-e2db303121ff,IMG_20180529_124312,flickr,baka_neko_baka,https://www.flickr.com/photos/131810676@N03/42414720725,https://live.staticflickr.com/1805/42414720725_dd2812d234_b.jpg,by,2.0,https://creativecommons.org/licenses/by/2.0/,Taman Mini Indonesia Indah,1024,768,768,576,44.653,c5f9b21517f01b086395fff5bee7a0b41d77a173
2017.jpg,localtourism,ab3db26a-1cc8-43d2-bf20-acfc789b27c3,IMG_20180529_105242,flickr,baka_neko_baka,https://www.flickr.com/photos/131810676@N03/42598679544,https://live.staticflickr.com/919/42598679544_e056c00cbd_b.jpg,by,2.0,https://creativecommons.org/licenses/by/2.0/,Taman Mini Indonesia Indah,768,1024,576,768,36.687,0dd98c28d2b99886f0b7a8082f534dbdef1111fc
2018.jpg,localtourism,fe318bf2-fcc7-4ff0-86c4-b8bf088ce9cc,IMG_20180529_142840,flickr,baka_neko_baka,https://www.flickr.com/photos/131810676@N03/43320158871,https://live.staticflickr.com/1781/43320158871_fb2c9f8ee3_b.jpg,by,2.0,https://creativecommons.org/licenses/by/2.0/,Taman Mini Indonesia Indah,1024,768,768,576,66.034,f7ba6564f781e18964a022022b714096ee91a66b
2019.jpg,localtourism,f7bad6f8-2de3-498d-90a8-537bb9dad54a,IMG_20180529_130325,flickr,baka_neko_baka,https://www.flickr.com/photos/131810676@N03/42600686934,https://live.staticflickr.com/914/42600686934_46beac2a23_b.jpg,by,2.0,https://creativecommons.org/licenses/by/2.0/,Taman Mini Indonesia Indah,1024,768,768,576,50.769,e125d1ec7d1b82d268d7c31fa9fe0fb6aab5def6
2020.jpg,localtourism,d4c9b649-86c7-4e3c-a146-f86d89e9ad20,IMG_20180529_085659,flickr,baka_neko_baka,https://www.flickr.com/photos/131810676@N03/43266604092,https://live.staticflickr.com/843/43266604092_58e520a615_b.jpg,by,2.0,https://creativecommons.org/licenses/by/2.0/,Taman Mini Indonesia Indah,768,1024,576,768,47.36,5fcc76a04aaaf7a265256d54c5dd32f90ffc5c8b
2025.jpg,localtourism,f0f3b47a-a455-4d27-860e-55078b959123,Blizzard Brownies,flickr,rizkapb,https://www.flickr.com/photos/47196317@N00/1363929334,https://live.staticflickr.com/1058/1363929334_006078b34f.jpg,by,2.0,https://creativecommons.org/licenses/by/2.0/,Candi Indonesia,500,375,500,375,32.549,154ad441cff029b747a349395a109c59e52bd5eb
2023.jpg,localtourism,44649071-ef2c-40a3-84ab-d521fb060c30,christmas cupcakes jakarta indonesia,flickr,cupcakesheaven,https://www.flickr.com/photos/77220060@N06/9101484794,https://live.staticflickr.com/3746/9101484794_06df8a9cb7.jpg,by,2.0,https://creativecommons.org/licenses/by/2.0/,Candi Indonesia,500,331,500,331,66.398,12e4910686146a0c62ab73a50870e40308cb8afc
2021.jpg,localtourism,8dca36bf-2837-46a6-a640-0c96ea71d480,IMG_20180529_143917,flickr,baka_neko_baka,https://www.flickr.com/photos/131810676@N03/43266604602,https://live.staticflickr.com/1770/43266604602_ffc1470ba4_b.jpg,by,2.0,https://creativecommons.org/licenses/by/2.0/,Taman Mini Indonesia Indah,1024,576,768,432,93.065,9c1fdb0e5cbaa70ddde653519d2948f5e8d61e14
2027.jpg,localtourism,30970136-ca31-4072-84ec-7bda7df2e4b0,Candi Kidal,flickr,Arian Zwegers,https://www.flickr.com/photos/67769030@N07/6972207299,https://live.staticflickr.com/7204/6972207299_a8d59a07e5_b.jpg,by,2.0,https://creativecommons.org/licenses/by/2.0/,Candi Indonesia,683,1024,512,768,54.065,984aa03989acb1b36b49c8fd9fe5d048661f6fee
2024.jpg,localtourism,c41e9e81-d561-41a7-858f-25de217fbd7e,Colorful,flickr,ariefmhasan,https://www.flickr.com/photos/98057841@N08/9142090992,https://live.staticflickr.com/2812/9142090992_81141bcd4e_b.jpg,by,2.0,https://creativecommons.org/licenses/by/2.0/,Candi Indonesia,1024,683,768,512,16.332,56afc9413245a72579d4d3dbc218bcb7d4fdd9b8
2032.jpg,localtourism,9a84a7c9-a098-41c9-9c84-cf037a1e254b,His Blazing Throne (DSC8345_6_7),flickr,Schristia,https://www.flickr.com/photos/12054060@N04/15590946512,https://live.staticflickr.com/3937/15590946512_aebe75508b_b.jpg,by-sa,2.0,https://creativecommons.org/licenses/by-sa/2.0/,Candi Indonesia,682,1024,511,768,69.908,f9a5fd9e9d0992bca4e2f311a8ab37eced9eebc6
2035.jpg,localtourism,c8a5d8e5-b222-46ec-95bc-c46a4fdd563c,Past Grandeur (DSC8339_40_41),flickr,Schristia,https://www.flickr.com/photos/12054060@N04/15520556699,https://live.staticflickr.com/3952/15520556699_9167b74791_b.jpg,by-sa,2.0,https://creativecommons.org/licenses/by-sa/2.0/,Candi Indonesia,1000,667,768,512,66.06,a110cb6bc08b341fabf1ed718968fe50e2fa1076
2033.jpg,localtourism,6da8ef3b-738d-4404-bb34-81921df5c531,Candi singosari,wikimedia,Edi W.,https://commons.wikimedia.org/w/index.php?curid=4186178,https://upload.wikimedia.org/wikipedia/commons/d/d2/Candi_singosari.jpg,by-sa,3.0,https://creativecommons.org/licenses/by-sa/3.0/,Candi Indonesia,700,525,700,525,52.148,2eb2c44d33934f7cfd0f0628d0d25c8c5b3f52e3
2034.jpg,localtourism,0343a637-3ad3-4c8f-819d-560ce365c786,Candy crab,flickr,Christian Gloor,https://www.flickr.com/photos/76738608@N08/20152089790,https://live.staticflickr.com/3780/20152089790_34f8961025_b.jpg,by,2.0,https://creativecommons.org/licenses/by/2.0/,Candi Indonesia,1024,768,768,576,28.381,08520440d6495faedd4b8e986caf41588fa29bf3
2039.jpg,localtourism,40748afa-ce69-4378-8c48-839aeb8021cc,Profiteroles with Vanilla Ice Cream And Chocolate Sauce @ Bakerzin Plaza Indonesia,flickr,nSeika,https://www.flickr.com/photos/33542052@N07/7542627996,https://live.staticflickr.com/7252/7542627996_026f2d62df_b.jpg,by,2.0,https://creativecommons.org/licenses/by/2.0/,Candi Indonesia,766,1024,574,768,25.447,b09784db5e54ccf406a32f0fbff4ee5f48542fcc
2041.jpg,localtourism,4629ee4f-ee2a-44cc-945b-559b7cd7502b,King of the hill,flickr,Christian Gloor,https://www.flickr.com/photos/76738608@N08/26361708254,https://live.staticflickr.com/7588/26361708254_860714f800_b.jpg,by,2.0,https://creativecommons.org/licenses/by/2.0/,Candi Indonesia,768,1024,576,768,31.579,450f3785bc371269284cfd46d58092570a3d0a26
2038.jpg,localtourism,aa5a14d9-5ab2-481a-bdc3-e0e0d84b04c9,File:Candi Tikus.jpg,wikimedia,Gunawan Kartapranata,https://commons.wikimedia.org/w/index.php?curid=6390436,https://upload.wikimedia.org/wikipedia/commons/1/13/Candi_Tikus.jpg,by-sa,3.0,https://creativecommons.org/licenses/by-sa/3.0/,Candi Indonesia,1134,755,768,511,58.873,033d6a0a00e46dec20bf6a6e364ceef0069783e9
2040.jpg,localtourism,fb1addca-80f8-4fcb-96ff-0cf2b97eb01d,Ragunan Zoo Gate,wikimedia,Gunawan Kartapranata,https://commons.wikimedia.org/w/index.php?curid=13881311,https://upload.wikimedia.org/wikipedia/commons/7/78/Ragunan_Zoo_Gate.jpg,by-sa,3.0,https://creativecommons.org/licenses/by-sa/3.0/,Candi Indonesia,2551,1773,768,534,66.298,83354e4687d234cd27707fc5642660ceab92c92d
2047.jpg,localtourism,eebf6e21-c122-49e2-b225-7e87d4118e60,Melbourne Symphony Orchestra di Indonesia,flickr,Australian Embassy Jakarta,https://www.flickr.com/photos/138532424@N02/44538866172,https://live.staticflickr.com/1873/44538866172_ff1eced772_b.jpg,by,2.0,https://creativecommons.org/licenses/by/2.0/,Candi Indonesia,1024,683,768,512,44.44,63fc15eb0e28c1041c99af57b301838639dafd12
2048.jpg,localtourism,56fb0511-8fec-41a4-b62e-a79a0e87a584,Melbourne Symphony Orchestra di Indonesia,flickr,Australian Embassy Jakarta,https://www.flickr.com/photos/138532424@N02/44588948251,https://live.staticflickr.com/1879/44588948251_23a59c4a96_b.jpg,by,2.0,https://creativecommons.org/licenses/by/2.0/,Candi Indonesia,1024,683,768,512,33.286,878892a4f90f9c0060765ec2ef58c415e644aa72
2049.jpg,localtourism,0fe2c1d7-c932-4e88-bf96-38256ba6b820,bokkepootjes,flickr,rizkapb,https://www.flickr.com/photos/47196317@N00/862373537,https://live.staticflickr.com/1048/862373537_e9ae60b18e.jpg,by,2.0,https://creativecommons.org/licenses/by/2.0/,Candi Indonesia,500,375,500,375,31.441,f2fa3ad1ea6638e77a8cbbd222c0aea47560028d
2051.jpg,localtourism,611d1b48-77c1-47dc-9768-d4e4768b5996,poolside villa,flickr,Cyberminnie,https://www.flickr.com/photos/30686127@N00/2945948179,https://live.staticflickr.com/3065/2945948179_39f78d473b.jpg,pdm,1.0,https://creativecommons.org/publicdomain/mark/1.0/,Candi Indonesia,500,333,500,333,74.995,6c733b0596d6cc384bac8ee5f4b44cd11a997939
2053.jpg,localtourism,3c1cb940-acdd-4ceb-93c2-e82b54d5f3ef,Paduraksa - Gate to a Balinese Temple,flickr,Jorge Lascar,https://www.flickr.com/photos/8721758@N06/41004211255,https://live.staticflickr.com/868/41004211255_ce59c9c605_b.jpg,by,2.0,https://creativecommons.org/licenses/by/2.0/,Candi Indonesia,1023,941,768,706,61.247,af02dcc88538a1d3f31ce5816d17e847d5afe699
2055.jpg,localtourism,2597ef01-92df-4a7d-91e2-9350ffbaa62b,Foto Prewedding di Candi Plaosan,flickr,Doni Ismanto,https://www.flickr.com/photos/44335509@N08/19003618279,https://live.staticflickr.com/534/19003618279_39f3d5ed8b.jpg,by,2.0,https://creativecommons.org/licenses/by/2.0/,Candi Indonesia,333,500,333,500,92.6,29723a0cbd8c55a5bd888ad1193ee409bbf55fe5
2057.jpg,localtourism,7b85e4d8-1f30-4da6-91ec-480b2ec0b1f4,Panorama of the front façade of a Balinese temple,flickr,Jorge Lascar,https://www.flickr.com/photos/8721758@N06/28033874508,https://live.staticflickr.com/960/28033874508_b830be94f0_b.jpg,by,2.0,https://creativecommons.org/licenses/by/2.0/,Candi Indonesia,1024,414,768,311,63.987,de6a586cac94eedadebf4ba82784a232b25fdcdd
2058.jpg,localtourism,4a21a4e7-58cf-4805-b46e-68644ada53d5,Pemuda Muslim Australia sedang menyalakan lampion,flickr,Australian Embassy Jakarta,https://www.flickr.com/photos/138532424@N02/31042433145,https://live.staticflickr.com/5779/31042433145_ae38ba0a44_b.jpg,by,2.0,https://creativecommons.org/licenses/by/2.0/,Candi Indonesia,1024,768,768,576,25.752,b04dc5b4880a39f626ea22c2c1eb0f6ce3455b83
2059.jpg,localtourism,ba8026d2-1565-4089-bbbf-c64ba9d6fe23,130917-N-YU572-211,flickr,SurfaceWarriors,https://www.flickr.com/photos/55244200@N05/9787144375,https://live.staticflickr.com/2870/9787144375_a50ae665f9_b.jpg,by-sa,2.0,https://creativecommons.org/licenses/by-sa/2.0/,Candi Indonesia,1024,717,768,538,53.173,5674f512ec4df5a1e80f97d0912c7f81c58ea7d8
2063.jpg,localtourism,7363b999-058b-4475-92ad-26e9a52d1ba9,130917-N-YU572-211.jpg,flickr,"Commander, U.S. 7th Fleet",https://www.flickr.com/photos/36614130@N06/10131302463,https://live.staticflickr.com/3739/10131302463_879aabb02f_b.jpg,by-sa,2.0,https://creativecommons.org/licenses/by-sa/2.0/,Candi Indonesia,1024,717,768,538,53.173,393e0588ec7b0489849d036ee3cd2383f310257e
2062.jpg,localtourism,355e05f4-9ac3-4e44-8a63-815add0f7340,Melbourne Symphony Orchestra di Indonesia,flickr,Australian Embassy Jakarta,https://www.flickr.com/photos/138532424@N02/44588958641,https://live.staticflickr.com/1867/44588958641_b12951fb69_b.jpg,by,2.0,https://creativecommons.org/licenses/by/2.0/,Candi Indonesia,1024,684,768,513,44.755,8e51be7bfa3bbeb437e228ac11504e4f497adf35
2065.jpg,localtourism,27936bb1-6477-4a87-8661-d9c60704ef2e,Stairway to Heaven,flickr,Prayitno / Thank you for (12 millions +) view,https://www.flickr.com/photos/34128007@N04/12808911055,https://live.staticflickr.com/7387/12808911055_973f51de3c_b.jpg,by,2.0,https://creativecommons.org/licenses/by/2.0/,Candi Indonesia,1024,683,768,512,56.908,f7f6443377683a611e38fed3db16ed550cc87bd5
2064.jpg,localtourism,65fd6531-7896-41f1-9733-4bffde6fc568,Melbourne Symphony Orchestra di Indonesia,flickr,Australian Embassy Jakarta,https://www.flickr.com/photos/138532424@N02/29650786567,https://live.staticflickr.com/1899/29650786567_9c298e9863_b.jpg,by,2.0,https://creativecommons.org/licenses/by/2.0/,Candi Indonesia,1024,684,768,513,39.938,37ba4d655c006d3d3f8667f9cbbd2e922eefbcd0
2066.jpg,localtourism,9947fd33-0b13-4b87-bbd5-4ed7dbce07aa,Melbourne Symphony Orchestra di Indonesia,flickr,Australian Embassy Jakarta,https://www.flickr.com/photos/138532424@N02/42778676060,https://live.staticflickr.com/1863/42778676060_8db23da554_b.jpg,by,2.0,https://creativecommons.org/licenses/by/2.0/,Candi Indonesia,1024,684,768,513,55.867,4dcb94f167934e200f0a3f87bb11d4848502f1c0
2067.jpg,localtourism,0a5a48c6-b497-4677-8d08-502ae50fe058,Melbourne Symphony Orchestra di Indonesia,flickr,Australian Embassy Jakarta,https://www.flickr.com/photos/138532424@N02/44588951371,https://live.staticflickr.com/1855/44588951371_aa436d07cc_b.jpg,by,2.0,https://creativecommons.org/licenses/by/2.0/,Candi Indonesia,1024,684,768,513,55.618,ecb11e25fce79b39e4724737efc5140526e423a8
2069.jpg,localtourism,2f12a00d-4c97-488d-99c7-de7a06f51507,Glory of The Past,flickr,vharjadi,https://www.flickr.com/photos/48984971@N08/7073002119,https://live.staticflickr.com/7180/7073002119_7fd3808a2e.jpg,by,2.0,https://creativecommons.org/licenses/by/2.0/,Candi Indonesia,374,500,374,500,82.299,ff814b6ba82984b536a91d16474d06d3a8c0509e
2070.jpg,localtourism,996e5236-1462-403a-8af5-26e31f216ba5,offerings,flickr,nosha,https://www.flickr.com/photos/77316550@N00/28775020900,https://live.staticflickr.com/8526/28775020900_4344d03c1c_b.jpg,by-sa,2.0,https://creativecommons.org/licenses/by-sa/2.0/,Candi Indonesia,1024,684,768,513,16.571,6a285d31e3e9663e2d623fc311ec71e65ef32549
2071.jpg,localtourism,ef422443-607d-406b-885e-02ea724da703,Candi Jago,flickr,Prayitno / Thank you for (12 millions +) view,https://www.flickr.com/photos/34128007@N04/12794375594,https://live.staticflickr.com/2856/12794375594_cc11789b77_b.jpg,by,2.0,https://creativecommons.org/licenses/by/2.0/,Candi Indonesia,1023,569,768,427,64.177,58334260df171477b101526859a2826c14580337
2068.jpg,localtourism,394697d1-40d5-451e-a209-6b6848d77604,Arjuna Temple -Indonesia,flickr,Cillian Storm,https://www.flickr.com/photos/21185968@N00/3474427301,https://live.staticflickr.com/3333/3474427301_6f3c8572d9_b.jpg,by,2.0,https://creativecommons.org/licenses/by/2.0/,Candi Indonesia,1024,768,768,576,61.103,aa98db879fc413a2624f475c93eead0db5e3cf4d
2072.jpg,localtourism,1037e852-f255-4357-ab78-af0e2fae8500,Melbourne Symphony Orchestra di Indonesia,flickr,Australian Embassy Jakarta,https://www.flickr.com/photos/138532424@N02/42778671830,https://live.staticflickr.com/1853/42778671830_c081cced0e_b.jpg,by,2.0,https://creativecommons.org/licenses/by/2.0/,Candi Indonesia,1024,684,768,513,31.675,bba873e7c54b1a34c6f8aeb9946cd877326ba27a
2074.jpg,localtourism,ac1ff505-9c21-41d5-bd0c-744648061525,Sweets,flickr,KC Toh,https://www.flickr.com/photos/36000391@N07/4677242173,https://live.staticflickr.com/4038/4677242173_d40da5c711_b.jpg,by,2.0,https://creativecommons.org/licenses/by/2.0/,Candi Indonesia,1024,680,768,510,66.146,b7e99eaa515c80940b30609696a065c517060f27
2077.jpg,localtourism,62e34c47-815f-48dc-afea-3ebf3301a533,Melbourne Symphony Orchestra di Indonesia,flickr,Australian Embassy Jakarta,https://www.flickr.com/photos/138532424@N02/44588965991,https://live.staticflickr.com/1852/44588965991_3b93e95322_b.jpg,by,2.0,https://creativecommons.org/licenses/by/2.0/,Candi Indonesia,1024,684,768,513,26.84,68e3501b70a0982304f4d52ffb683bd070078008
2079.jpg,localtourism,66cb7482-e30d-403c-a2c1-ad985136fe33,Head of a mythological figure 1400-1500 CE Indonesia probably from Candi Sukuh or Candi Ceta Java (1),flickr,mharrsch,https://www.flickr.com/photos/44124324682@N01/376596079,https://live.staticflickr.com/123/376596079_a87f9d6ffb_b.jpg,by,2.0,https://creativecommons.org/licenses/by/2.0/,Candi Indonesia,768,1024,576,768,39.443,cb32f1ab36f15c4bed195c677b9ab3f5e448c692
2076.jpg,localtourism,3b0e5a1c-db9b-402f-8bf4-23694e5b89ac,poolside restaurant,flickr,Cyberminnie,https://www.flickr.com/photos/30686127@N00/2946808192,https://live.staticflickr.com/3294/2946808192_6d2deebdb7.jpg,pdm,1.0,https://creativecommons.org/publicdomain/mark/1.0/,Candi Indonesia,333,500,333,500,67.561,1a3c6f5e8c6aa42e6c106a016af80b0fd6306ca7
2078.jpg,localtourism,4dc453e8-d81e-4c09-af18-d6f4410293e0,Dewi Saraswati,flickr,anthonycramp,https://www.flickr.com/photos/7770166@N05/5193804794,https://live.staticflickr.com/4084/5193804794_468628559f_b.jpg,by,2.0,https://creativecommons.org/licenses/by/2.0/,Candi Indonesia,1024,768,768,576,44.745,c7cc8633df2617fffd4f766588fbed519dbc06db
2085.jpg,localtourism,43e5a3c1-62ba-4bd6-829a-cbd1d6f4be16,Melbourne Symphony Orchestra di Indonesia,flickr,Australian Embassy Jakarta,https://www.flickr.com/photos/138532424@N02/44538877392,https://live.staticflickr.com/1893/44538877392_017c52698e_b.jpg,by,2.0,https://creativecommons.org/licenses/by/2.0/,Candi Indonesia,1024,1024,768,768,44.375,90deb788de417e00451d3741d5a3361ea75918e0
2083.jpg,localtourism,2de4b916-4f25-4af8-a11e-b8a9dbd8930b,Melbourne Symphony Orchestra di Indonesia,flickr,Australian Embassy Jakarta,https://www.flickr.com/photos/138532424@N02/44588954801,https://live.staticflickr.com/1859/44588954801_86b9ffde24_b.jpg,by,2.0,https://creativecommons.org/licenses/by/2.0/,Candi Indonesia,1024,684,768,513,43.455,58bc25711b9db030be881b3bd9537f26bc3a5f75
2086.jpg,localtourism,34c90d75-b69f-4b0f-9db0-f127bdc93423,Melbourne Symphony Orchestra di Indonesia,flickr,Australian Embassy Jakarta,https://www.flickr.com/photos/138532424@N02/44588961661,https://live.staticflickr.com/1862/44588961661_5281d23c80_b.jpg,by,2.0,https://creativecommons.org/licenses/by/2.0/,Candi Indonesia,1024,683,768,512,24.539,04bf581b7b16c91acab7256c2ed5c0cc7ec6fa84
2084.jpg,localtourism,9dd38f18-037f-45e7-9654-e4ac9ea753af,Melbourne Symphony Orchestra di Indonesia,flickr,Australian Embassy Jakarta,https://www.flickr.com/photos/138532424@N02/44538881252,https://live.staticflickr.com/1873/44538881252_f84df59ab5_b.jpg,by,2.0,https://creativecommons.org/licenses/by/2.0/,Candi Indonesia,1024,683,768,512,32.291,12c31c78c94750f05704a9de80a25f3c365e396b
2087.jpg,localtourism,0f2ba719-2a5d-44df-bb8a-0864240eb0ad,Cakes,flickr,modomatic,https://www.flickr.com/photos/8550448@N07/2681987011,https://live.staticflickr.com/3006/2681987011_ca780efb36_b.jpg,by,2.0,https://creativecommons.org/licenses/by/2.0/,Candi Indonesia,1024,686,768,515,17.311,da7a77ee5eea746850c4e8e6c97a75b7f8db2d18
2088.jpg,localtourism,84c0d696-77e6-4c7c-89ae-db855c481bd6,"Buddha facing the jungle, Borobudur, Java, Indonesia",flickr,Romain Pontida,https://www.flickr.com/photos/105106606@N05/41155347705,https://live.staticflickr.com/909/41155347705_5bffdc9640_b.jpg,by-sa,2.0,https://creativecommons.org/licenses/by-sa/2.0/,Candi Indonesia,1024,682,768,512,42.602,911aae882e89f47766cfe867d5d1725702f26ee7
2089.jpg,localtourism,c20837ac-f156-4d1f-8a6d-4e5c4793be0a,Melbourne Symphony Orchestra di Indonesia,flickr,Australian Embassy Jakarta,https://www.flickr.com/photos/138532424@N02/44478418822,https://live.staticflickr.com/1866/44478418822_bd8f6f44ef_b.jpg,by,2.0,https://creativecommons.org/licenses/by/2.0/,Candi Indonesia,1024,683,768,512,61.587,4b426e25cc3b8a38081661c12cf3ac4d2997226f
2090.jpg,localtourism,7b6b478d-f285-4321-a475-cc55a5860180,Melbourne Symphony Orchestra di Indonesia,flickr,Australian Embassy Jakarta,https://www.flickr.com/photos/138532424@N02/42778678430,https://live.staticflickr.com/1841/42778678430_65398646f9_b.jpg,by,2.0,https://creativecommons.org/licenses/by/2.0/,Candi Indonesia,1024,684,768,513,52.796,47a42d4f7dd971c95e5c7ab857702ac7cf38bb92
2094.jpg,localtourism,61bf3955-3965-47c7-ab62-508c4f6dff97,Melbourne Symphony Orchestra di Indonesia,flickr,Australian Embassy Jakarta,https://www.flickr.com/photos/138532424@N02/44478431032,https://live.staticflickr.com/1865/44478431032_f8890dce57_b.jpg,by,2.0,https://creativecommons.org/licenses/by/2.0/,Candi Indonesia,1024,684,768,513,48.625,75750cc29bb5d42fc948d4bf0590e8635575943c
2093.jpg,localtourism,5c081b1b-5a65-4f60-ba1b-d5030f4198e0,0.84m,flickr,Cyberminnie,https://www.flickr.com/photos/30686127@N00/2945945919,https://live.staticflickr.com/3177/2945945919_084af9cb49.jpg,pdm,1.0,https://creativecommons.org/publicdomain/mark/1.0/,Candi Indonesia,500,333,500,333,50.848,a7b95f88014dbc27979e09b38c75b046dd65df64
2092.jpg,localtourism,e9865edc-c862-4682-97b9-ae6d6e021625,Head of a mythological figure 1400-1500 CE Indonesia probably from Candi Sukuh or Candi Ceta Java,flickr,mharrsch,https://www.flickr.com/photos/44124324682@N01/376596101,https://live.staticflickr.com/123/376596101_1a03d76dc9_b.jpg,by,2.0,https://creativecommons.org/licenses/by/2.0/,Candi Indonesia,768,1024,576,768,49.146,ba8951835eb87f9402e2afb526f80796b345f3b3
2095.jpg,localtourism,f9197eee-dbd9-45a4-947f-f9c4b63f2c47,Melbourne Symphony Orchestra di Indonesia,flickr,Australian Embassy Jakarta,https://www.flickr.com/photos/138532424@N02/44478428912,https://live.staticflickr.com/1842/44478428912_36de137bfe_b.jpg,by,2.0,https://creativecommons.org/licenses/by/2.0/,Candi Indonesia,1024,683,768,512,59.812,8735310b85e14bf5da707b67af17f3abc81811dc
2096.jpg,localtourism,f7200739-b56e-440d-8f8e-b7d5e8367f32,Melbourne Symphony Orchestra di Indonesia,flickr,Australian Embassy Jakarta,https://www.flickr.com/photos/138532424@N02/44538868892,https://live.staticflickr.com/1869/44538868892_6fa3861bb5_b.jpg,by,2.0,https://creativecommons.org/licenses/by/2.0/,Candi Indonesia,1024,684,768,513,31.75,52ad1f61453eb5c6a0578dc02545b16b2c01a6de
2097.jpg,localtourism,43e16c9b-c4f4-4920-9260-7553f4240303,outside the villa,flickr,Cyberminnie,https://www.flickr.com/photos/30686127@N00/2945947311,https://live.staticflickr.com/3223/2945947311_eb8276518c.jpg,pdm,1.0,https://creativecommons.org/publicdomain/mark/1.0/,Candi Indonesia,500,333,500,333,74.294,07c77257b7e3f30bd8f4d667a45204b157ed9676
2100.jpg,localtourism,8c508f1a-97be-4cd3-8d4c-66271dce440e,Melbourne Symphony Orchestra di Indonesia,flickr,Australian Embassy Jakarta,https://www.flickr.com/photos/138532424@N02/44478435542,https://live.staticflickr.com/1900/44478435542_7610b97611_b.jpg,by,2.0,https://creativecommons.org/licenses/by/2.0/,Candi Indonesia,1024,683,768,512,49.895,b95ce167f90898ae1976811e4f0fb1d3d2c82c91
2106.jpg,localtourism,23302afa-b77b-4121-abfd-85dbf16e95fa,baby born cupcakes jakarta indonesia,flickr,cupcakesheaven,https://www.flickr.com/photos/77220060@N06/9084042217,https://live.staticflickr.com/3667/9084042217_e5ea4cbf3c.jpg,by,2.0,https://creativecommons.org/licenses/by/2.0/,Candi Indonesia,500,441,500,441,56.038,6f80ddb57a173e31b8728cb1d430ac2eaa91aa65
2105.jpg,localtourism,a319c417-711d-414f-b744-21200dd9a23a,,flickr,mattjlc,https://www.flickr.com/photos/23457733@N05/3644692665,https://live.staticflickr.com/3612/3644692665_12f86829ac_b.jpg,by,2.0,https://creativecommons.org/licenses/by/2.0/,Candi Indonesia,768,1024,576,768,15.75,0f6d5cbd47867e75fb6a7bafbad851be8c817c67
2107.jpg,localtourism,09e9f380-f237-4503-8b6c-8dabf2136d9f,Candi Borobudur,flickr,SqueakyMarmot,https://www.flickr.com/photos/37804160@N00/29767524086,https://live.staticflickr.com/8394/29767524086_8baa00e72f_b.jpg,by-sa,2.0,https://creativecommons.org/licenses/by-sa/2.0/,Candi Indonesia,768,1024,576,768,45.817,8e0e79600d8d1e10a5029f307822f5b40890c30a
2108.jpg,localtourism,d646db51-7da7-47fa-b16d-a796216f0a56,Jogjakarta Trip,flickr,irwandy,https://www.flickr.com/photos/15468843@N00/3280636881,https://live.staticflickr.com/3268/3280636881_7c8e58cb33.jpg,by,2.0,https://creativecommons.org/licenses/by/2.0/,Candi Indonesia,500,332,500,332,45.982,6138c2baafb50a57f4dfd6d85ba5ed1d35b3b7a3
2111.jpg,localtourism,0aa4bf90-21f6-408b-9c5d-19c0e4198eb4,Buddhist Altar,flickr,Andrea Kirkby,https://www.flickr.com/photos/12071889@N00/24195748053,https://live.staticflickr.com/1527/24195748053_12c97db650_b.jpg,by-sa,2.0,https://creativecommons.org/licenses/by-sa/2.0/,Candi Indonesia,1024,680,768,510,37.827,b64fa9a2cf5228907677089f86ca30eb103a5308
2112.jpg,localtourism,38339113-0867-48b4-b1e4-fe7af1f18e96,Melbourne Symphony Orchestra di Indonesia,flickr,Australian Embassy Jakarta,https://www.flickr.com/photos/138532424@N02/44478417622,https://live.staticflickr.com/1863/44478417622_47f5b0c820_b.jpg,by,2.0,https://creativecommons.org/licenses/by/2.0/,Candi Indonesia,1024,683,768,512,48.04,61debceac4995deacd95065024c9a62bd0c4081b
2113.jpg,localtourism,ce11f563-84b3-4d1b-9438-c0a255105034,fashionista cupcakes jakarta indonesia,flickr,cupcakesheaven,https://www.flickr.com/photos/77220060@N06/9070702473,https://live.staticflickr.com/3821/9070702473_a931e7ce68.jpg,by,2.0,https://creativecommons.org/licenses/by/2.0/,Candi Indonesia,500,371,500,371,71.849,3be1228fe07f47f2f466294481835aeed59512a2
2114.jpg,localtourism,350595fa-0566-4ed2-bb83-071dd782c469,G13,flickr,victorulijn,https://www.flickr.com/photos/119479376@N08/14980673670,https://live.staticflickr.com/5566/14980673670_d656a55b34_b.jpg,by-sa,2.0,https://creativecommons.org/licenses/by-sa/2.0/,Candi Indonesia,1024,683,768,512,41.646,2e60d3f06523f8ff7353e69365730cb8ea9b57bd
2115.jpg,localtourism,6d520ee3-8b8b-4c4a-9937-05dc3a7c9c4a,Melbourne Symphony Orchestra di Indonesia,flickr,Australian Embassy Jakarta,https://www.flickr.com/photos/138532424@N02/43619236795,https://live.staticflickr.com/1871/43619236795_552e15a47b_b.jpg,by,2.0,https://creativecommons.org/licenses/by/2.0/,Candi Indonesia,1024,683,768,512,54.437,d64706bc885d3e3a56e61cab163e356f80e9ca3c
2117.jpg,localtourism,eb01a563-fe02-4458-8c03-e9804b419b4e,G20,flickr,victorulijn,https://www.flickr.com/photos/119479376@N08/15166945392,https://live.staticflickr.com/3854/15166945392_3f505188eb_b.jpg,by-sa,2.0,https://creativecommons.org/licenses/by-sa/2.0/,Candi Indonesia,683,1024,512,768,51.55,bf624c576dca49c8fa95533826b38e7b10a11cad
2118.jpg,localtourism,28742949-a812-4cc5-bb13-b96aadaace9f,G08,flickr,victorulijn,https://www.flickr.com/photos/119479376@N08/14980644200,https://live.staticflickr.com/5572/14980644200_a440b99b61_b.jpg,by-sa,2.0,https://creativecommons.org/licenses/by-sa/2.0/,Candi Indonesia,683,1024,512,768,55.978,667ff00538500c10fd9f38427381536193e1ceb6
2116.jpg,localtourism,8f44c4e0-f44c-44e7-ae70-0e57078037cd,Melbourne Symphony Orchestra di Indonesia,flickr,Australian Embassy Jakarta,https://www.flickr.com/photos/138532424@N02/43619234425,https://live.staticflickr.com/1883/43619234425_c83f7f7d8c_b.jpg,by,2.0,https://creativecommons.org/licenses/by/2.0/,Candi Indonesia,1024,683,768,512,52.311,f353fc70a07364bb12fdb331d6feba5aa87b1533
2121.jpg,localtourism,0691c602-f26d-420b-8b6f-18e4eeb0abd0,"Found Photo - Balinese candi bentar, temple entrance 1976",flickr,David Pirmann,https://www.flickr.com/photos/9905418@N05/33640836862,https://live.staticflickr.com/2943/33640836862_ab67da1037_b.jpg,by,2.0,https://creativecommons.org/licenses/by/2.0/,Candi Indonesia,1024,683,768,512,65.901,081d2eea439e473876984cf40d32093d5bcf91b9
2122.jpg,localtourism,db497c6d-b362-4e68-94c8-b1db2fc65268,Melbourne Symphony Orchestra di Indonesia,flickr,Australian Embassy Jakarta,https://www.flickr.com/photos/138532424@N02/30658440228,https://live.staticflickr.com/1877/30658440228_c273320f88_b.jpg,by,2.0,https://creativecommons.org/licenses/by/2.0/,Candi Indonesia,1024,684,768,513,24.029,a27d6d7ae5e776fb0b53cfd31191b8a7af261ee5
2136.jpg,localtourism,875516d2-37bf-484f-98fe-f669c9471398,Candy crab (Hoplophrys oatesi) with eggs,flickr,krokodiver,https://www.flickr.com/photos/125265709@N08/24352308981,https://live.staticflickr.com/1674/24352308981_746c001855_b.jpg,by-sa,2.0,https://creativecommons.org/licenses/by-sa/2.0/,Candi Indonesia,1024,768,768,576,23.817,48b9e1c366cd487cd40872b5e7036b38d7e0f5b8
2135.jpg,localtourism,4056ed74-f792-4301-b0b3-0e9b0a8c9a3c,Melbourne Symphony Orchestra di Indonesia,flickr,Australian Embassy Jakarta,https://www.flickr.com/photos/138532424@N02/43810819784,https://live.staticflickr.com/1891/43810819784_75535dafa0_b.jpg,by,2.0,https://creativecommons.org/licenses/by/2.0/,Candi Indonesia,1024,684,768,513,57.779,c6b06c0d35e258a15449ffff73c3cd9ce980511d
2137.jpg,localtourism,363804a6-a01c-4854-9b69-e5f4d0eb9ce8,Melbourne Symphony Orchestra di Indonesia,flickr,Australian Embassy Jakarta,https://www.flickr.com/photos/138532424@N02/44478424182,https://live.staticflickr.com/1850/44478424182_5154553c2c_b.jpg,by,2.0,https://creativecommons.org/licenses/by/2.0/,Candi Indonesia,1024,683,768,512,64.352,d957cbfb56bd1f9331f8005e8d3c11fd454417ac
2138.jpg,localtourism,d8bbb3e9-a602-4e77-813a-23c29adce408,Statues at Candi Sukuh,flickr,anthonycramp,https://www.flickr.com/photos/7770166@N05/5193774590,https://live.staticflickr.com/5121/5193774590_c3c3cca4b2_b.jpg,by,2.0,https://creativecommons.org/licenses/by/2.0/,Candi Indonesia,1024,768,768,576,64.019,86f5059a077290196ad293577a12e70ec9a1c1cc
2139.jpg,localtourism,cc5c1cbb-01cb-4fe9-b210-4096c1b91f6f,Melbourne Symphony Orchestra di Indonesia,flickr,Australian Embassy Jakarta,https://www.flickr.com/photos/138532424@N02/43810816764,https://live.staticflickr.com/1888/43810816764_c94465dbf9_b.jpg,by,2.0,https://creativecommons.org/licenses/by/2.0/,Candi Indonesia,1024,684,768,513,45.975,e2e9cae3645dbda0f12f4290a9934abfd98e2cc2
2140.jpg,localtourism,0cdc188a-3020-4ac8-a489-3fb4bdafafde,Ubud Market,flickr,naotakem,https://www.flickr.com/photos/12832970@N00/7812683888,https://live.staticflickr.com/7248/7812683888_7b6b2225f1_b.jpg,by,2.0,https://creativecommons.org/licenses/by/2.0/,Candi Indonesia,683,1024,512,768,64.048,3742832062cd55037acb3f6a6514e4f5d700ab67
2141.jpg,localtourism,7fa85c85-9f6f-45d7-80b1-025e68a888cf,Melbourne Symphony Orchestra di Indonesia,flickr,Australian Embassy Jakarta,https://www.flickr.com/photos/138532424@N02/43810825814,https://live.staticflickr.com/1863/43810825814_623fc54442_b.jpg,by,2.0,https://creativecommons.org/licenses/by/2.0/,Candi Indonesia,1024,683,768,512,54.78,7bf92484879a4e0e7a2e4bf6a269114d73970194
2144.jpg,localtourism,59fc1ca7-bd52-4c7b-b6fe-785d1984eb6f,Melbourne Symphony Orchestra di Indonesia,flickr,Australian Embassy Jakarta,https://www.flickr.com/photos/138532424@N02/44478422392,https://live.staticflickr.com/1856/44478422392_8765730583_b.jpg,by,2.0,https://creativecommons.org/licenses/by/2.0/,Candi Indonesia,1024,683,768,512,63.955,f336164d7b91b2129f9362509fb8b5d3923d4f12
2142.jpg,localtourism,1b7470fb-6cf1-4b59-b2cf-6adcd1cb5ff2,Foto Prewedding di Candi Plaosan,flickr,Doni Ismanto,https://www.flickr.com/photos/44335509@N08/19183954722,https://live.staticflickr.com/337/19183954722_17af8643f9.jpg,by,2.0,https://creativecommons.org/licenses/by/2.0/,Candi Indonesia,333,500,333,500,77.017,e30d65eeb61bd149c43d49f797f5c9b49e9ed6a5
2143.jpg,localtourism,7b76a480-4cd6-4924-ab96-eab6877abb64,Mini Metal Borobudur,flickr,Black_Claw,https://www.flickr.com/photos/24833567@N03/34846999922,https://live.staticflickr.com/4204/34846999922_8dc6df63d5_b.jpg,by,2.0,https://creativecommons.org/licenses/by/2.0/,Candi Indonesia,1024,768,768,576,46.694,173f01c35774f56361cef5826225ac17830aa602
2145.jpg,localtourism,6f438614-e4eb-4392-a282-0581e0792a3c,Front Carving,flickr,vharjadi,https://www.flickr.com/photos/48984971@N08/7506843296,https://live.staticflickr.com/8016/7506843296_2a0193baa7_b.jpg,by,2.0,https://creativecommons.org/licenses/by/2.0/,Candi Indonesia,768,1024,576,768,78.88,72cdc29a6cc57f80b6d13b090f58d56c6d6f164d
2146.jpg,localtourism,cf81e598-43fb-43b1-bb76-ef0531ec02fd,Incense bowl,flickr,Andrea Kirkby,https://www.flickr.com/photos/12071889@N00/24454963379,https://live.staticflickr.com/1511/24454963379_5ee190fd2b_b.jpg,by-sa,2.0,https://creativecommons.org/licenses/by-sa/2.0/,Candi Indonesia,680,1024,510,768,47.316,bc94cecccd18d7b09029641d0ed458df6005305a
2147.jpg,localtourism,c6715900-680d-4d0c-bb72-2d7f2535ccbb,Mosque Tower,flickr,sidestory,https://www.flickr.com/photos/151053576@N05/32005185380,https://live.staticflickr.com/631/32005185380_c72b9c7066_b.jpg,cc0,1.0,https://creativecommons.org/publicdomain/zero/1.0/,Candi Indonesia,1024,683,768,512,49.444,09b4f93dad7b597fdd5e0d5ae49189c0f0b71b53
2148.jpg,localtourism,62a51edc-ee7e-485a-8c22-d41f096d59d0,Candi Sweu,flickr,soham_pablo,https://www.flickr.com/photos/75879414@N00/2363834450,https://live.staticflickr.com/2259/2363834450_13ed04437e_b.jpg,by,2.0,https://creativecommons.org/licenses/by/2.0/,Candi Indonesia,1024,587,768,440,50.003,571dc7f72f1436038cf36f5128d01ec8470eb686
2149.jpg,localtourism,ebb759b6-4643-4418-80b6-8ca9fb125159,Candi Borobudur,flickr,beanintropics,https://www.flickr.com/photos/54956515@N08/8970642008,https://live.staticflickr.com/8400/8970642008_5e11815888_b.jpg,by,2.0,https://creativecommons.org/licenses/by/2.0/,Candi Indonesia,1024,684,768,513,74.918,e4f5f22a33777acc348f5b6d9e86e92c31ec32c8
2150.jpg,localtourism,56aebcd9-db10-457a-948a-0e12eab6c820,Melbourne Symphony Orchestra di Indonesia,flickr,Australian Embassy Jakarta,https://www.flickr.com/photos/138532424@N02/43810813424,https://live.staticflickr.com/1846/43810813424_ebbaff8b25_b.jpg,by,2.0,https://creativecommons.org/licenses/by/2.0/,Candi Indonesia,1024,683,768,512,50.661,2cab2b04e44ffaec05565263f9d351da938ac166
2151.jpg,localtourism,be490dca-4c55-4d85-8fda-84c2235ab657,Melbourne Symphony Orchestra di Indonesia,flickr,Australian Embassy Jakarta,https://www.flickr.com/photos/138532424@N02/44478414912,https://live.staticflickr.com/1883/44478414912_870fc44ff3_b.jpg,by,2.0,https://creativecommons.org/licenses/by/2.0/,Candi Indonesia,1024,684,768,513,49.502,a84d34a35c178236ab2a9dd1bed95e55e47653e1
2152.jpg,localtourism,0ea61b1c-027a-4973-a4e7-b53d3812442f,Sewu Candi from behind,flickr,soham_pablo,https://www.flickr.com/photos/75879414@N00/2362970607,https://live.staticflickr.com/3277/2362970607_b254e9ba07_b.jpg,by,2.0,https://creativecommons.org/licenses/by/2.0/,Candi Indonesia,1023,672,768,504,43.99,30ccbf6a4ee129039063a6011ea4687825a77a36
2153.jpg,localtourism,018fadd0-7547-4eeb-96f8-ae07bfb4b33f,Braga permai,flickr,belgianchocolate,https://www.flickr.com/photos/90901507@N00/10098403,https://live.staticflickr.com/6/10098403_38c595e6dc.jpg,by,2.0,https://creativecommons.org/licenses/by/2.0/,Candi Indonesia,500,375,500,375,67.456,4c88476a31a0920da37fa1f928fbcf8900046ed3
2155.jpg,localtourism,8fbcfc84-8b4a-4a58-b000-4c4bae0dfa35,Melbourne Symphony Orchestra di Indonesia,flickr,Australian Embassy Jakarta,https://www.flickr.com/photos/138532424@N02/43619232735,https://live.staticflickr.com/1846/43619232735_b7fed0c114_b.jpg,by,2.0,https://creativecommons.org/licenses/by/2.0/,Candi Indonesia,1024,684,768,513,47.251,9d43e552fabb5d43a89b40b1580cde6949a6bf41
2154.jpg,localtourism,cdf5e941-2c0c-4416-b5b7-e886126538ba,Melbourne Symphony Orchestra di Indonesia,flickr,Australian Embassy Jakarta,https://www.flickr.com/photos/138532424@N02/44478426842,https://live.staticflickr.com/1892/44478426842_ce490175fe_b.jpg,by,2.0,https://creativecommons.org/licenses/by/2.0/,Candi Indonesia,1024,683,768,512,39.043,a6d2438067e2adcb36cc5ce9eddfdd960d36f5ef
2156.jpg,localtourism,64c05073-7b28-47ed-b8e5-38ecad0a7974,G12,flickr,victorulijn,https://www.flickr.com/photos/119479376@N08/14980758348,https://live.staticflickr.com/3901/14980758348_ac6491d3d5_b.jpg,by-sa,2.0,https://creativecommons.org/licenses/by-sa/2.0/,Candi Indonesia,1024,683,768,512,14.738,e5d48b453857d845e69d8949d330aba088f0aa73
2159.jpg,localtourism,0246ec37-3a42-4fbd-b4d1-378cbd7e3035,Foto Prewedding di Candi Plaosan,flickr,Doni Ismanto,https://www.flickr.com/photos/44335509@N08/19003608639,https://live.staticflickr.com/3909/19003608639_893e8db6f7.jpg,by,2.0,https://creativecommons.org/licenses/by/2.0/,Candi Indonesia,500,333,500,333,92.216,1c7e1e6c67e972ea9a390da7023019cd91da0da4
2157.jpg,localtourism,d3c4f023-31da-4f9b-a59d-b1a7f7cbf0db,G21,flickr,victorulijn,https://www.flickr.com/photos/119479376@N08/15144302186,https://live.staticflickr.com/3901/15144302186_b891fd3663_b.jpg,by-sa,2.0,https://creativecommons.org/licenses/by-sa/2.0/,Candi Indonesia,1024,683,768,512,58.55,6764b77a609d23738a991eee5a011f22fb8da66b
2165.jpg,localtourism,128ae7f2-8e14-424e-b06a-5ae4f6ad7a76,Candi Borobudur,flickr,beanintropics,https://www.flickr.com/photos/54956515@N08/8969453847,https://live.staticflickr.com/5328/8969453847_9b5e59cc68_b.jpg,by,2.0,https://creativecommons.org/licenses/by/2.0/,Candi Indonesia,1024,427,768,320,84.933,2a4d9cb773ed4f191cb1c3503739fec67a754b47
2164.jpg,localtourism,0a93d3a6-1e6d-47e1-b976-f2df7390e3e8,Melbourne Symphony Orchestra di Indonesia,flickr,Australian Embassy Jakarta,https://www.flickr.com/photos/138532424@N02/30658443548,https://live.staticflickr.com/1888/30658443548_0e301d63ae_b.jpg,by,2.0,https://creativecommons.org/licenses/by/2.0/,Candi Indonesia,1024,683,768,512,47.773,d1e888fa259333c4dee2eb2584315b326e410f70
2167.jpg,localtourism,9ec0faff-f2ba-4093-b1a2-331402b40bbb,Sun Bursts Unto You,flickr,^riza^,https://www.flickr.com/photos/44115070@N00/202624957,https://live.staticflickr.com/77/202624957_073f173ae7.jpg,by,2.0,https://creativecommons.org/licenses/by/2.0/,Bali temple Indonesia,417,500,417,500,76.398,2b6bf4bd5a73eb962f09f8a459618fb87b964307
2169.jpg,localtourism,4066ea0e-e80a-4467-9af0-4924fd265bb3,"Tanah Lot, Bali",flickr,"jafsegal (Thanks for the 4,5 million views)",https://www.flickr.com/photos/67525885@N00/16166754618,https://live.staticflickr.com/7445/16166754618_2e2c879c6d_b.jpg,by,2.0,https://creativecommons.org/licenses/by/2.0/,Bali temple Indonesia,1024,683,768,512,48.185,6f0fabd5639cc3339510188ea8d8d9325e2aa5e6
2168.jpg,localtourism,4a768b97-2b91-4b9f-81c6-c8279c09cbab,"Tanah Lot, Bali",flickr,"jafsegal (Thanks for the 4,5 million views)",https://www.flickr.com/photos/67525885@N00/16166755558,https://live.staticflickr.com/8655/16166755558_6b87ae38ae_b.jpg,by,2.0,https://creativecommons.org/licenses/by/2.0/,Bali temple Indonesia,1024,683,768,512,54.375,4cd33c1f41a3382831ffaad19aec66e9daacd85f
2171.jpg,localtourism,cecd4b73-3565-46f6-94ea-f47865ec84e8,A Temple on The Muss Land,flickr,^riza^,https://www.flickr.com/photos/44115070@N00/260459386,https://live.staticflickr.com/118/260459386_9349a414df.jpg,by,2.0,https://creativecommons.org/licenses/by/2.0/,Bali temple Indonesia,499,374,499,374,60.334,fa9d721b57471c3864ba8be8522d97520f37b457
2166.jpg,localtourism,04c90c74-c44d-4a45-b381-792ac6e203a7,One surviving candi,flickr,soham_pablo,https://www.flickr.com/photos/75879414@N00/2363815570,https://live.staticflickr.com/2371/2363815570_a44193e77b_b.jpg,by,2.0,https://creativecommons.org/licenses/by/2.0/,Candi Indonesia,768,1024,576,768,45.149,5204dbfbdd580d94d1f1927d8a5db82feca3a7ed
2170.jpg,localtourism,3468db37-f995-4b82-898a-31f9d3a7be5c,,flickr,Rosino,https://www.flickr.com/photos/84301190@N00/2037659435,https://live.staticflickr.com/2342/2037659435_9176e0dff6_b.jpg,by-sa,2.0,https://creativecommons.org/licenses/by-sa/2.0/,Bali temple Indonesia,768,1024,576,768,40.042,e38321aa572d6a0fd0ea546885d9cf6db5f583ab
2172.jpg,localtourism,275d2d59-9ee7-48a5-8c04-99671682f413,The Bukit Peninsula (DSC_0818),flickr,Schristia,https://www.flickr.com/photos/12054060@N04/5807279600,https://live.staticflickr.com/5062/5807279600_9db68d513d.jpg,by-sa,2.0,https://creativecommons.org/licenses/by-sa/2.0/,Bali temple Indonesia,500,333,500,333,64.497,685406e51ae71ba729d826a094a93a009f58e3cd
2174.jpg,localtourism,c992a123-8bc1-4c16-b201-6891f67dd370,Entering The Sacred Dimension,flickr,^riza^,https://www.flickr.com/photos/44115070@N00/204409842,https://live.staticflickr.com/59/204409842_8dd84a46f2.jpg,by,2.0,https://creativecommons.org/licenses/by/2.0/,Bali temple Indonesia,375,500,375,500,75.654,6582674a93309ab697b269cb07e1644e9d50d9c4
2173.jpg,localtourism,7f8805cb-2c99-4bd7-819b-c3004353c94c,Gunung Kawi Temple - The Panography,flickr,^riza^,https://www.flickr.com/photos/44115070@N00/204409757,https://live.staticflickr.com/78/204409757_b633b8fa1f_b.jpg,by,2.0,https://creativecommons.org/licenses/by/2.0/,Bali temple Indonesia,1023,445,768,334,46.417,afd083319458db5968dc74fe39d3415ba2d10e26
2178.jpg,localtourism,2a09afab-3b45-45c3-a293-767531caeb86,Pura Luhur Uluwatu,flickr,Arian Zwegers,https://www.flickr.com/photos/67769030@N07/6843391646,https://live.staticflickr.com/7039/6843391646_b70a8e7c9a_b.jpg,by,2.0,https://creativecommons.org/licenses/by/2.0/,Bali temple Indonesia,683,1024,512,768,58.088,c0aa2e9020a90376a845bf6b09ed89d8c01cf668
2175.jpg,localtourism,2c3cb667-d371-4049-9afd-e17d6ce6d3dc,Pura Ulun Danu Bratan,flickr,keulefm3,https://www.flickr.com/photos/138091867@N03/24576420472,https://live.staticflickr.com/1557/24576420472_f73dcebbbd_b.jpg,pdm,1.0,https://creativecommons.org/publicdomain/mark/1.0/,Bali temple Indonesia,1024,576,768,432,64.96,4c3d6d44cb0e30dc4fef55250100e44f00222bfc
2176.jpg,localtourism,ca5e0007-1865-4119-b096-96a041a2d1ca,Bali | Indonesia,flickr,Jelle Oostrom,https://www.flickr.com/photos/37874227@N05/4676171310,https://live.staticflickr.com/4008/4676171310_b985bb98ec.jpg,by-sa,2.0,https://creativecommons.org/licenses/by-sa/2.0/,Bali temple Indonesia,500,333,500,333,53.841,4616ea757de5657bfca683ecc795fee73eb0b833
2177.jpg,localtourism,44951f98-7b7d-4786-88a6-d2a4f3d55abd,The Bilingual Don'ts,flickr,^riza^,https://www.flickr.com/photos/44115070@N00/202397280,https://live.staticflickr.com/63/202397280_19d97c3ceb.jpg,by,2.0,https://creativecommons.org/licenses/by/2.0/,Bali temple Indonesia,500,375,500,375,91.146,ed0193c0e02f17c24f2f1922f2193fce4b20a001
2180.jpg,localtourism,eb81cf0b-2e23-45ea-956b-f8008f9e41bf,heavens platform,flickr,marfis75,https://www.flickr.com/photos/45409431@N00/6220103084,https://live.staticflickr.com/6228/6220103084_a7137a9182_b.jpg,by-sa,2.0,https://creativecommons.org/licenses/by-sa/2.0/,Bali temple Indonesia,1024,683,768,512,26.951,430be5bf899e594c79b9a3dfb56d03e1dbf9945b
2179.jpg,localtourism,08d250b4-1a50-4815-9743-faa88237ddf2,Going Through Pararel Thresholds,flickr,^riza^,https://www.flickr.com/photos/44115070@N00/204409953,https://live.staticflickr.com/72/204409953_0a6c4efac5.jpg,by,2.0,https://creativecommons.org/licenses/by/2.0/,Bali temple Indonesia,375,500,375,500,98.809,e4638b6a8f0772c2e4aec16d804ad5df2203d7fb
2182.jpg,localtourism,4ff2c6d1-0aab-4c69-929f-dd44c3e9b12f,"Kertha Gosa Pavilion of Klungkung Palace, Bali, Indonesia",flickr,Ray in Manila,https://www.flickr.com/photos/21186555@N07/18324853374,https://live.staticflickr.com/414/18324853374_7b98567519_b.jpg,by,2.0,https://creativecommons.org/licenses/by/2.0/,Bali temple Indonesia,1024,583,768,437,73.756,f3d83e80d028c2261dae091eaf53ef37a6d68e8d
2183.jpg,localtourism,39b165a2-7924-42ea-b3e9-257fa4df7d10,Keluar,flickr,Joe Le Merou,https://www.flickr.com/photos/62176343@N00/23528322276,https://live.staticflickr.com/653/23528322276_431dbcaaca_b.jpg,by,2.0,https://creativecommons.org/licenses/by/2.0/,Bali temple Indonesia,683,1024,512,768,57.503,5ec85b222122c7c20aec0d383358dd383c6a3196
2181.jpg,localtourism,65fcfe39-4088-452a-b5b2-ef479a1161d6,Uluwatu Temple,flickr,ePi.Longo,https://www.flickr.com/photos/56278354@N00/8332108637,https://live.staticflickr.com/8359/8332108637_0e8c4161d7_b.jpg,by-sa,2.0,https://creativecommons.org/licenses/by-sa/2.0/,Bali temple Indonesia,1024,729,768,547,27.388,ecd94a9d829e2bbe9857971e8856b4198e6bfb86
2185.jpg,localtourism,e4dcac53-6e93-49d2-bc32-0e56bc91233c,"Mosque in Yogyakarta, Indonesia",flickr,Jimmy McIntyre - Editor HDR One Magazine,https://www.flickr.com/photos/73064996@N08/7714657006,https://live.staticflickr.com/7110/7714657006_7fd74cbefe.jpg,by-sa,2.0,https://creativecommons.org/licenses/by-sa/2.0/,Bali temple Indonesia,499,263,499,263,75.914,bb42b71d15699f0960685cafcf1ca524ed9cdccb
2184.jpg,localtourism,5882ca89-7605-4a16-9b84-8a5b677faa44,Suche,flickr,Dinesh Valke,https://www.flickr.com/photos/91314344@N00/505912617,https://live.staticflickr.com/206/505912617_2442c7dfc2_b.jpg,by-sa,2.0,https://creativecommons.org/licenses/by-sa/2.0/,Bali temple Indonesia,1024,768,768,576,26.99,6b8bfa45c52d27c05598f6db154a19076002435b
2187.jpg,localtourism,8d346673-d033-42cb-892c-bc71ea89b18c,Wisnu and Garuda,flickr,rollanb,https://www.flickr.com/photos/25866036@N05/3369212577,https://live.staticflickr.com/3444/3369212577_b0888b7990_b.jpg,by-sa,2.0,https://creativecommons.org/licenses/by-sa/2.0/,Bali temple Indonesia,681,1024,511,768,51.86,f4c66fe7f6ae38cf5359b3ac56fefc670c14c7b3
2186.jpg,localtourism,f7063aea-3103-441b-9359-0cc7848766b9,Circles of color and reflection,flickr,^riza^,https://www.flickr.com/photos/44115070@N00/202397224,https://live.staticflickr.com/73/202397224_9463a2728c.jpg,by,2.0,https://creativecommons.org/licenses/by/2.0/,Bali temple Indonesia,500,375,500,375,54.935,f15cfb15a4fddd57d8a7c6365f131dd18be3ab4e
2188.jpg,localtourism,27c5d660-cd6a-41d2-9fc5-b1072583dcf9,Pura (Temple) Uluwatu on the Cliff,flickr,ePi.Longo,https://www.flickr.com/photos/56278354@N00/8333190564,https://live.staticflickr.com/8082/8333190564_78d37c1710_b.jpg,by-sa,2.0,https://creativecommons.org/licenses/by-sa/2.0/,Bali temple Indonesia,1024,768,768,576,53.358,fb8f0b71a5ee4e2f037fd1a214b455f343343320
2189.jpg,localtourism,745d9b80-df94-4316-b8e7-2c3ccebd1728,"Tanah Lot, Bali",flickr,kevinpoh,https://www.flickr.com/photos/7679455@N03/6238277760,https://live.staticflickr.com/6232/6238277760_e1f97f42e1_b.jpg,by,2.0,https://creativecommons.org/licenses/by/2.0/,Bali temple Indonesia,1024,768,768,576,40.678,15869df39cc9fb65ee6230698147b16b9351fbd7
2194.jpg,localtourism,e76c65c0-3499-4d30-8b28-30bd65a73e44,Plumeria obtusa 'Singapore White',flickr,Dinesh Valke,https://www.flickr.com/photos/91314344@N00/433859652,https://live.staticflickr.com/145/433859652_9c3190fc78_b.jpg,by-sa,2.0,https://creativecommons.org/licenses/by-sa/2.0/,Bali temple Indonesia,1024,768,768,576,16.069,47039f4ec8b30ae4ca8dd4650ff0c12cee72514d
2191.jpg,localtourism,79dfa881-3682-4c51-872e-ffc2214df3bb,Uluwatu Temple (DSC_0838V2),flickr,Schristia,https://www.flickr.com/photos/12054060@N04/6804961344,https://live.staticflickr.com/7193/6804961344_6972b667f2.jpg,by-sa,2.0,https://creativecommons.org/licenses/by-sa/2.0/,Bali temple Indonesia,499,309,499,309,58.997,21b37b61b8d1c7a7b7aa7e480e7e898a068eead1
2193.jpg,localtourism,b202b319-c24c-4ea0-b586-d7e58bcf3db0,Singapore Plumeria,flickr,Dinesh Valke,https://www.flickr.com/photos/91314344@N00/504522639,https://live.staticflickr.com/206/504522639_d3a82616b8_b.jpg,by-sa,2.0,https://creativecommons.org/licenses/by-sa/2.0/,Bali temple Indonesia,1024,768,768,576,27.854,9ff310c510497807a9e4398f9988dc3a560832a2
2192.jpg,localtourism,cb9fa13b-d045-4c1e-a8c2-1ffa916b0487,Procession,flickr,D-Stanley,https://www.flickr.com/photos/79721788@N00/6336844603,https://live.staticflickr.com/6036/6336844603_d98f6a93df_b.jpg,by,2.0,https://creativecommons.org/licenses/by/2.0/,Bali temple Indonesia,1024,768,768,576,53.611,869f0eb081c82ac386f4b179fc351019726f0551
2196.jpg,localtourism,89ad9738-41e9-49f7-84c7-aadb2adefcea,"Around Malang, Dvarapala",flickr,Arian Zwegers,https://www.flickr.com/photos/67769030@N07/6972229419,https://live.staticflickr.com/7049/6972229419_d84af45182_b.jpg,by,2.0,https://creativecommons.org/licenses/by/2.0/,Bali temple Indonesia,683,1024,512,768,57.319,a2d5e415397ed393387905ea2d2b80b5b2c8a34d
2195.jpg,localtourism,f0de84eb-a8e4-463f-a7d4-7b5adde7fe4f,"East Bali, Indonesia",flickr,europeanspaceagency,https://www.flickr.com/photos/37472264@N04/48060055972,https://live.staticflickr.com/65535/48060055972_dd0a54e2aa_b.jpg,by-sa,2.0,https://creativecommons.org/licenses/by-sa/2.0/,Bali temple Indonesia,1024,892,768,669,68.319,c62483f75ccd62772bc962341f8b360b048dddc9
2197.jpg,localtourism,2f3dd032-e106-4125-9c6a-d2913beab614,"Dragon, Bali",flickr,Jeda Villa Bali,https://www.flickr.com/photos/53779476@N08/5134926703,https://live.staticflickr.com/4038/5134926703_b7a652c294_b.jpg,by,2.0,https://creativecommons.org/licenses/by/2.0/,Bali temple Indonesia,680,1024,510,768,50.567,3e97a9cfedcfa751de4d48dd67a9228c3f08a52f
2198.jpg,localtourism,95ead754-ee75-4682-ba90-f53d4ec72c8a,Uluwatu Sunset,flickr,seanmcgrath,https://www.flickr.com/photos/52798669@N00/2152470129,https://live.staticflickr.com/2073/2152470129_77bf6a4e30_b.jpg,by,2.0,https://creativecommons.org/licenses/by/2.0/,Bali temple Indonesia,685,1023,514,768,11.114,d80ee89f9862c2e550d03cac0537bf8bddb0e1dd
2199.jpg,localtourism,0a707edb-388f-43e7-a65f-f8fd9dca65e5,Bali – Cultural Dance Performances,flickr,williamcho,https://www.flickr.com/photos/84493444@N00/2690024669,https://live.staticflickr.com/3129/2690024669_9937bc7308_b.jpg,by-sa,2.0,https://creativecommons.org/licenses/by-sa/2.0/,Bali temple Indonesia,1024,695,768,521,48.102,017df769019d3e1e79e42baf50f3048ce4041ded
2200.jpg,localtourism,71250812-ecb5-4e5e-ac87-35de735932ea,Plumeria stenophylla,flickr,Dinesh Valke,https://www.flickr.com/photos/91314344@N00/371547145,https://live.staticflickr.com/157/371547145_44bf20f76d_b.jpg,by-sa,2.0,https://creativecommons.org/licenses/by-sa/2.0/,Bali temple Indonesia,1024,768,768,576,33.242,fe2f5b3f014e6e4ba7595cbba49773835fee8065
2201.jpg,localtourism,d17d9776-3634-43e1-a5a5-cbeec8301e32,Alhelí cimarrón,flickr,Dinesh Valke,https://www.flickr.com/photos/91314344@N00/504522675,https://live.staticflickr.com/231/504522675_2de7f27bc8_b.jpg,by-sa,2.0,https://creativecommons.org/licenses/by-sa/2.0/,Bali temple Indonesia,1024,768,768,576,30.184,dbf3b24dd25bd6a87f76ade9de10bc21073bf4eb
2202.jpg,localtourism,4c50c25a-1dec-41e8-9b75-a5f9322b539d,Alhelí Cimarrón,flickr,Dinesh Valke,https://www.flickr.com/photos/91314344@N00/433838045,https://live.staticflickr.com/160/433838045_74c94dd355_b.jpg,by-sa,2.0,https://creativecommons.org/licenses/by-sa/2.0/,Bali temple Indonesia,1024,768,768,576,37.717,60facfd2c93547f02cec92f225995462da2d789e
2203.jpg,localtourism,9ea6fcf2-0168-4595-ae5a-bee0e9a4f27e,Flor de Leche (meaning milk flower),flickr,Dinesh Valke,https://www.flickr.com/photos/91314344@N00/433822493,https://live.staticflickr.com/168/433822493_8bd3f1fd02_b.jpg,by-sa,2.0,https://creativecommons.org/licenses/by-sa/2.0/,Bali temple Indonesia,1024,768,768,576,26.673,571870d25218586510931b943a509a226d8b3390
2204.jpg,localtourism,db73acf2-88e8-4102-a076-d4886bb83f55,Plumeria,flickr,Dinesh Valke,https://www.flickr.com/photos/91314344@N00/323891648,https://live.staticflickr.com/142/323891648_a0595b4d3c_b.jpg,by-sa,2.0,https://creativecommons.org/licenses/by-sa/2.0/,Bali temple Indonesia,1024,768,768,576,31.333,0fd5f058c562ac2acdabd877fdcd3409210b7819
2205.jpg,localtourism,5df5a574-7141-44b0-ac49-76666136f88a,Plumiera,flickr,Dinesh Valke,https://www.flickr.com/photos/91314344@N00/433820892,https://live.staticflickr.com/153/433820892_4223a50d00_b.jpg,by-sa,2.0,https://creativecommons.org/licenses/by-sa/2.0/,Bali temple Indonesia,1024,768,768,576,14.318,a6c330e0c135383fff0d0474b51d7349044bde8b
2206.jpg,localtourism,a8fe6d94-978d-49b9-8f7b-c1a3e3bbe6cb,The temple on the sea,flickr,robertofaccenda.it,http://www.flickr.com/photos/14057446@N03/16200334444,https://live.staticflickr.com/7601/16200334444_121967aae2_b.jpg,by-sa,2.0,https://creativecommons.org/licenses/by-sa/2.0/,Bali temple Indonesia,1024,680,768,510,63.823,5edac1afc700d0394f6b9997de55cedfba3c92da
2208.jpg,localtourism,84d2f2af-edf9-487e-b0ba-648b84adda84,Classic Bali - Pura Besakih,flickr,seanmcgrath,https://www.flickr.com/photos/52798669@N00/1807360761,https://live.staticflickr.com/2219/1807360761_03343fb469_b.jpg,by,2.0,https://creativecommons.org/licenses/by/2.0/,Bali temple Indonesia,1023,685,768,514,32.801,e36f8268888f44c6b07168bf476338668e19407e
2207.jpg,localtourism,0bb8c993-92ad-4268-9716-65f356a0099e,Ready to surf big waves.,flickr,Tiomax80,https://www.flickr.com/photos/69062568@N02/11196558173,https://live.staticflickr.com/5521/11196558173_92ea32101f_b.jpg,by,2.0,https://creativecommons.org/licenses/by/2.0/,Bali temple Indonesia,1024,678,768,509,65.14,65e2b5e762a3490167932f096c22a806f8284b62
2209.jpg,localtourism,22116ee3-22c0-4c65-b016-00c3ac65a0d5,So unconfortable...,flickr,robertofaccenda.it,https://www.flickr.com/photos/14057446@N03/16684777755,https://live.staticflickr.com/8657/16684777755_74918b11de_b.jpg,by-sa,2.0,https://creativecommons.org/licenses/by-sa/2.0/,Bali temple Indonesia,1023,680,768,510,71.785,042b6e74235b5fb1d71f3d465fd23a3d8affe687
2213.jpg,localtourism,00ebd3da-7d57-44a7-a0b9-2cce0b4199dd,Singapore Plumeria,flickr,Dinesh Valke,https://www.flickr.com/photos/91314344@N00/386525231,https://live.staticflickr.com/136/386525231_4558606571_b.jpg,by-sa,2.0,https://creativecommons.org/licenses/by-sa/2.0/,Bali temple Indonesia,1024,768,768,576,23.461,139a8a3bc664b2ef719d498958cf369a729f84dc
2214.jpg,localtourism,26afc888-7fd5-465c-8102-b88677879524,Bali-Magnificient sunset at Uluwatu Temple1,flickr,ustung,https://www.flickr.com/photos/126397594@N03/28926642516,https://live.staticflickr.com/8525/28926642516_d22ae2bd22_b.jpg,by,2.0,https://creativecommons.org/licenses/by/2.0/,Bali temple Indonesia,768,1024,576,768,44.847,b1f8169a84cc5cf12d23bfd5a5bb8ed3e239a539
2215.jpg,localtourism,4a8fd507-322f-4798-b92e-5d425ae5440e,Bali-Tnah Lot Temple,flickr,ustung,https://www.flickr.com/photos/126397594@N03/28412248443,https://live.staticflickr.com/7753/28412248443_4e66801f76_b.jpg,by,2.0,https://creativecommons.org/licenses/by/2.0/,Bali temple Indonesia,1024,606,768,455,53.207,3318bb45928d53007ac5999d9133f91dd3fee2be
2212.jpg,localtourism,d97709ae-071a-46f7-82fa-f55f3a88fe17,Pura Batu Bolong Silhouette,flickr,kevinpoh,https://www.flickr.com/photos/7679455@N03/6237757729,https://live.staticflickr.com/6108/6237757729_b2f4db9ae1_b.jpg,by,2.0,https://creativecommons.org/licenses/by/2.0/,Bali temple Indonesia,1024,768,768,576,12.663,018f2935906823a70e1cca260ba5c27440641e52
2217.jpg,localtourism,04a9e83c-8789-4de5-ae30-6f5b21604028,Pura Kehen,flickr,[Alexandre],https://www.flickr.com/photos/39274125@N02/27815571631,https://live.staticflickr.com/7117/27815571631_9a02627256_b.jpg,by,2.0,https://creativecommons.org/licenses/by/2.0/,Bali temple Indonesia,683,1024,512,768,62.467,42cbb247f468f7eb77dc0aed3bdf6ec99d229d9b
2218.jpg,localtourism,49fd6801-e4e2-47e2-9e5c-520a29912db1,"Uluwatu, Bali, Indonesia",flickr,rapidacid,https://www.flickr.com/photos/43713043@N00/2424718305,https://live.staticflickr.com/2162/2424718305_10e4fdea8b_b.jpg,by,2.0,https://creativecommons.org/licenses/by/2.0/,Bali temple Indonesia,768,1024,576,768,39.261,a2ce2695e7f034b28e7141ce656518becbb1cd7f
2219.jpg,localtourism,8ee838b5-cd91-495f-a0f0-e1701d48f814,Jurassic Park,flickr,The Wandering Angel,https://www.flickr.com/photos/86518301@N00/361211881,https://live.staticflickr.com/159/361211881_6724bcbabd_b.jpg,by,2.0,https://creativecommons.org/licenses/by/2.0/,Bali temple Indonesia,1024,683,768,512,77.035,1a35645675ee36a69dfb287ce697e7b49b02e3e5
2224.jpg,localtourism,c85cee7d-b779-4d6c-a7d6-ae14af4f858a,Peace on Bedugul,flickr,yoga - photowork,https://www.flickr.com/photos/8335061@N08/3569006146,https://live.staticflickr.com/3408/3569006146_6f20f37d50.jpg,by,2.0,https://creativecommons.org/licenses/by/2.0/,Bali temple Indonesia,500,427,500,427,70.326,812aaf0bf0937ffc79809b724d9c9477d67b4ebb
2226.jpg,localtourism,fa31c744-f9a1-47df-a1f9-3536620eb78a,BuddhaToes,flickr,sara marlowe,https://www.flickr.com/photos/8237601@N06/8170869327,https://live.staticflickr.com/8060/8170869327_80430e3131_b.jpg,by,2.0,https://creativecommons.org/licenses/by/2.0/,Bali temple Indonesia,1023,685,768,514,17.064,e47d7483269fdd82e1afa2d3fb0d52664cb293b5
2225.jpg,localtourism,238e2644-c085-4aa5-876f-228a062058a9,Bali-The Kecak Dance at Uluwatu Temple. In the dance the music generated from a combination sounds of 50-70 dancers.,flickr,ustung,https://www.flickr.com/photos/126397594@N03/28996636566,https://live.staticflickr.com/8509/28996636566_e4b88951c1_b.jpg,by,2.0,https://creativecommons.org/licenses/by/2.0/,Bali temple Indonesia,967,1023,726,768,26.716,5736bc9ec28d20d462162e8082052c99bed9c951
2227.jpg,localtourism,5cbae1a7-4e9f-45e3-ab71-e187b2d3a358,Bali- Floating Temples,flickr,ustung,https://www.flickr.com/photos/126397594@N03/28493470413,https://live.staticflickr.com/8325/28493470413_b849740a22_b.jpg,by,2.0,https://creativecommons.org/licenses/by/2.0/,Bali temple Indonesia,1024,768,768,576,54.412,b9651b684373cc4bde691261ae6c70ddd1205d57
2228.jpg,localtourism,8b8b1bf4-afd9-444a-8cd8-f49e9545bdbe,Ocean bridge,flickr,robertofaccenda.it,http://www.flickr.com/photos/14057446@N03/16202742883,https://live.staticflickr.com/8572/16202742883_8ba1c30741_b.jpg,by-sa,2.0,https://creativecommons.org/licenses/by-sa/2.0/,Bali temple Indonesia,1024,680,768,510,47.048,1a779f1af83b9f82eb639121dcafab8e3143bbc2
2231.jpg,localtourism,2639fa6b-4f8b-422c-99b0-c49b0465f4ba,"#3DBenchy by the Temple on the Sea at Tanah Lot, Bali – Indonesia - 3D-print and image by Herman Kristanto - ip3d.co.id v03",flickr,#3DBenchy,https://www.flickr.com/photos/132390309@N03/18529146393,https://live.staticflickr.com/519/18529146393_1b870eea60_b.jpg,by,2.0,https://creativecommons.org/licenses/by/2.0/,Bali temple Indonesia,575,1024,431,768,36.246,7cda057e4091d6c6193c2c7d70a40ea521cca028
2230.jpg,localtourism,68c29362-4937-4f3a-b78a-ddd7acf1adfc,"#3DBenchy by the Temple on the Sea at Tanah Lot, Bali – Indonesia - 3D-print and image by Herman Kristanto - ip3d.co.id v02",flickr,#3DBenchy,https://www.flickr.com/photos/132390309@N03/19144024702,https://live.staticflickr.com/398/19144024702_783ee43790_b.jpg,by,2.0,https://creativecommons.org/licenses/by/2.0/,Bali temple Indonesia,575,1024,431,768,56.23,dbec7bbc37c4c726f3997e9639c83ed11c19bdfb
2229.jpg,localtourism,130d6804-9c6d-4fe6-9afa-7b29e88184a3,Bali- Cleaning in the Holy Spring,flickr,ustung,https://www.flickr.com/photos/126397594@N03/28516471294,https://live.staticflickr.com/8140/28516471294_89b1276a25_b.jpg,by,2.0,https://creativecommons.org/licenses/by/2.0/,Bali temple Indonesia,1024,813,768,610,67.174,9e01ce2c49fb6ac2c23b8af6997551f1299ab844
2232.jpg,localtourism,ab0f5678-d95b-49b4-9d4a-055343ff2a24,praying,flickr,ePi.Longo,https://www.flickr.com/photos/56278354@N00/8343268487,https://live.staticflickr.com/8077/8343268487_b428fe82f9_b.jpg,by-sa,2.0,https://creativecommons.org/licenses/by-sa/2.0/,Bali temple Indonesia,1024,768,768,576,38.451,ebd5de4b58fb5b42828d3095249f9ead16f10801
2234.jpg,localtourism,aa5693e1-76b0-47da-a074-d723b911d3b2,Traditional balinese offerings to Gods with fruits in basket.,flickr,Artem Beliaikin,https://www.flickr.com/photos/157635012@N07/44134450975,https://live.staticflickr.com/1957/44134450975_1d11538dce_b.jpg,cc0,1.0,https://creativecommons.org/publicdomain/zero/1.0/,Bali temple Indonesia,1024,683,768,512,71.16,f2717be78717804fd818af752afd1048e581ccc6
2235.jpg,localtourism,e30b7b01-7e6f-4467-96b3-3e7d88695737,Pelinggih meru (the multi-tiered roof tower) is similar in design to Chinese or Japanese pagodas - Goa Lawah Temple,flickr,Jorge Lascar,https://www.flickr.com/photos/8721758@N06/17057853821,https://live.staticflickr.com/7609/17057853821_993dbeaf0a_b.jpg,by,2.0,https://creativecommons.org/licenses/by/2.0/,Bali temple Indonesia,1024,680,768,510,73.393,ade86c348286f4524a8393226740263b4dca8178
2240.jpg,localtourism,2d159c12-8794-4679-9aec-d058ac20734d,Pura Luhur Sunset,flickr,kevinpoh,https://www.flickr.com/photos/7679455@N03/6240477445,https://live.staticflickr.com/6038/6240477445_44bf43194e_b.jpg,by,2.0,https://creativecommons.org/licenses/by/2.0/,Bali temple Indonesia,1024,768,768,576,38.054,08de2468df35b9df7cee56d35ce74200ad8e3854
2241.jpg,localtourism,096b979f-0e06-4b36-b574-fe55fe32a57e,Classic Bali - Pura Besakih,flickr,seanmcgrath,https://www.flickr.com/photos/52798669@N00/1808209676,https://live.staticflickr.com/2060/1808209676_374737b9ba_b.jpg,by,2.0,https://creativecommons.org/licenses/by/2.0/,Bali temple Indonesia,685,1023,514,768,16.903,f91ad60c31cff5e66448fffdbf52c468f11b3985
2242.jpg,localtourism,44ba79e8-ae6c-4d05-a645-92c5ee8a0e3f,"Cheerful Balinese kids in Ubud, Bali",flickr,www.tiket2.com,https://www.flickr.com/photos/61713368@N07/51857749429,https://live.staticflickr.com/65535/51857749429_b0bb8b0bef_b.jpg,by,2.0,https://creativecommons.org/licenses/by/2.0/,Bali temple Indonesia,1024,683,768,512,28.149,701e037541cff0b08f55a52f947bdfb75e054918
2244.jpg,localtourism,9ef8ae63-3d2e-489c-9fd1-738a81153c0d,"#3DBenchy by the Temple on the Sea at Tanah Lot, Bali – Indonesia - 3D-print and image by Herman Kristanto - ip3d.co.id v01",flickr,#3DBenchy,https://www.flickr.com/photos/132390309@N03/18962062360,https://live.staticflickr.com/444/18962062360_fff22fb252_b.jpg,by,2.0,https://creativecommons.org/licenses/by/2.0/,Bali temple Indonesia,1024,575,768,431,55.928,6958dc33c9a0eae302e0947aaa337c73ae70d651
2247.jpg,localtourism,137a0b0b-6bbc-4605-a0c4-b4dcc21bdb23,Home of Gods,flickr,DrTH80,https://www.flickr.com/photos/68411237@N07/8474671130,https://live.staticflickr.com/8519/8474671130_365e6d430c_b.jpg,by,2.0,https://creativecommons.org/licenses/by/2.0/,Bali temple Indonesia,1024,683,768,512,19.609,ccbb45bdee33ebce5c56823d6b70135fdf68bb05
2245.jpg,localtourism,4f2af09f-69ef-4330-ad32-7a307ddf0413,Tombstone,flickr,The Wandering Angel,https://www.flickr.com/photos/86518301@N00/361211875,https://live.staticflickr.com/154/361211875_cf70f526d0_b.jpg,by,2.0,https://creativecommons.org/licenses/by/2.0/,Bali temple Indonesia,1023,851,768,639,63.735,f4d14ccd2e39c745d3df5289dc55b3823ee73353
2248.jpg,localtourism,2c6985b2-d9d0-4711-9f8c-38e6ef4e995a,"Bedegul, Bali, Indonesia",flickr,rapidacid,https://www.flickr.com/photos/43713043@N00/2425528990,https://live.staticflickr.com/3091/2425528990_bbc4320890_b.jpg,by,2.0,https://creativecommons.org/licenses/by/2.0/,Bali temple Indonesia,1024,768,768,576,58.441,716418549a789fe8b28d8be2b834989c47344ae3
2249.jpg,localtourism,c5598524-0359-45a7-8eee-c439bedff64d,A life ago...,flickr,robertofaccenda.it,https://www.flickr.com/photos/14057446@N03/16627240889,https://live.staticflickr.com/8691/16627240889_904b2b2eb4_b.jpg,by-sa,2.0,https://creativecommons.org/licenses/by-sa/2.0/,Bali temple Indonesia,680,1024,510,768,85.394,ad6552b4f6d78f52fc394cd151b84a61af983cc1
2250.jpg,localtourism,af5c2000-62e5-4f49-a6be-fe4c2b7bd603,Dragon,flickr,Mayer 8,https://www.flickr.com/photos/66924595@N05/15631355961,https://live.staticflickr.com/5615/15631355961_a582ed08bc_b.jpg,by,2.0,https://creativecommons.org/licenses/by/2.0/,Bali temple Indonesia,1024,683,768,512,53.966,111b4adb6089147ac831b6828a96b12b9903610d
2252.jpg,localtourism,c935408d-4e08-4adc-b825-d12fc7a7e463,Tampak Siring Temple Pool,flickr,MassiveKontent,https://www.flickr.com/photos/149819905@N03/36151285452,https://live.staticflickr.com/4327/36151285452_ec1ec35124_b.jpg,by,2.0,https://creativecommons.org/licenses/by/2.0/,Bali temple Indonesia,1024,768,768,576,47.419,bc28c21463ac1c31887625a4bd66955e1ca60315
2253.jpg,localtourism,70540d39-ad89-42b2-a12e-7c66aafc0d7f,"Goa Lawah, Bali",flickr,"jafsegal (Thanks for the 4,5 million views)",https://www.flickr.com/photos/67525885@N00/16466186386,https://live.staticflickr.com/8647/16466186386_887497b047_b.jpg,by,2.0,https://creativecommons.org/licenses/by/2.0/,Bali temple Indonesia,683,1024,512,768,48.195,e631c82f2c54e6d31124272af9eb6dd12858b9a1
2254.jpg,localtourism,e9f7aa0b-72b5-4616-b6fc-3d6994debe6a,Spiderman is having you for dinner tonight,flickr,robertofaccenda.it,https://www.flickr.com/photos/14057446@N03/16272775544,https://live.staticflickr.com/8718/16272775544_2d47c67673_b.jpg,by-sa,2.0,https://creativecommons.org/licenses/by-sa/2.0/,Bali temple Indonesia,1024,680,768,510,63.154,b0863a9712b6de13dffa6950e8722d66708d6d3a
2255.jpg,localtourism,99107c36-9cea-4b4e-8ef1-06d032d62356,The temple at the lakeside,flickr,robertofaccenda.it,https://www.flickr.com/photos/14057446@N03/16894132981,https://live.staticflickr.com/7613/16894132981_675f6a7ab0_b.jpg,by-sa,2.0,https://creativecommons.org/licenses/by-sa/2.0/,Bali temple Indonesia,1023,680,768,510,56.683,1d4fa65eff961599aaabeb466659e1d3682cf3fb
2256.jpg,localtourism,9937ef64-3403-4302-b423-cdfb6437fa21,Tanah Lot,flickr,photographerglen,https://www.flickr.com/photos/10770008@N04/4420009652,https://live.staticflickr.com/2778/4420009652_1dc64f9356_b.jpg,by,2.0,https://creativecommons.org/licenses/by/2.0/,Bali temple Indonesia,1024,584,768,438,23.464,c8372a1777a12a07844383ac02304bd054e3ca82
2257.jpg,localtourism,117aea1d-fa1e-48cc-9bcc-f5407a723c3f,2008-0608 (7027) Tanah Lot,flickr,jenniferphoon,https://www.flickr.com/photos/7930413@N06/2573064832,https://live.staticflickr.com/3137/2573064832_3145f92209.jpg,by,2.0,https://creativecommons.org/licenses/by/2.0/,Bali temple Indonesia,499,334,499,334,51.595,aeb4a600fa6094a8dd82d55c8335a21ab21f23b8
2258.jpg,localtourism,0761d730-7a14-4f88-9a61-34bffa2ba968,Uluwatu Temple,flickr,Aleksandr Zykov,https://www.flickr.com/photos/84292292@N00/14839113413,https://live.staticflickr.com/3841/14839113413_a73fef5414_b.jpg,by-sa,2.0,https://creativecommons.org/licenses/by-sa/2.0/,Bali temple Indonesia,1024,680,768,510,54.917,b39776fe77d2c08700d55a9f9697a904152c5597
2259.jpg,localtourism,23e502a5-67fd-4c8a-bdc8-2429f446c3ca,Temple showers,flickr,robertofaccenda.it,https://www.flickr.com/photos/14057446@N03/16497363380,https://live.staticflickr.com/8671/16497363380_d3d0681bf9_b.jpg,by-sa,2.0,https://creativecommons.org/licenses/by-sa/2.0/,Bali temple Indonesia,1024,680,768,510,83.591,7c3b3881a912f15518e11a94125ef1938cd0fc07
2260.jpg,localtourism,0bf6c5b8-70d2-4db3-9d87-a9b92b1d92b0,Pura Luhur Uluwatu,flickr,MarkDoliner,https://www.flickr.com/photos/19714819@N00/8060977248,https://live.staticflickr.com/8032/8060977248_0550fe11e2_b.jpg,by-sa,2.0,https://creativecommons.org/licenses/by-sa/2.0/,Bali temple Indonesia,1024,683,768,512,25.929,04e57407a05d3d8a2a5a2d7f4f413cbb0a602c6b
2262.jpg,localtourism,9435513a-d568-4ee8-9b78-a3365fe3616f,Flower Bike,flickr,DrTH80,https://www.flickr.com/photos/68411237@N07/8476137257,https://live.staticflickr.com/8249/8476137257_f775fe7f5f_b.jpg,by,2.0,https://creativecommons.org/licenses/by/2.0/,Bali temple Indonesia,1023,682,768,512,78.839,626c29d01e7aa57e93d93ad0dc5a230142482028
2261.jpg,localtourism,86f98290-4f13-4c42-849f-3090226e38fe,The sky is the limit,flickr,bobby-james,https://www.flickr.com/photos/12203106@N05/1250540633,https://live.staticflickr.com/1089/1250540633_99a19ba0b5_b.jpg,by,2.0,https://creativecommons.org/licenses/by/2.0/,Bali temple Indonesia,681,1024,511,768,21.41,1d91ddfdd50f950182b380bea6d0dd8aa48f0827
2267.jpg,localtourism,498097f7-690f-4290-980c-4072673dba4d,Pura Luhur Uluwatu temple,flickr,Joe Le Merou,https://www.flickr.com/photos/62176343@N00/4523834104,https://live.staticflickr.com/2795/4523834104_069dd3e0a0_b.jpg,by,2.0,https://creativecommons.org/licenses/by/2.0/,Bali temple Indonesia,683,1024,512,768,44.806,26da0642185d14e5097a427bfba9fed85a909d6b
2268.jpg,localtourism,2345e0fa-9e1f-4294-bab7-7f6ef05a36ba,Bali-Temple over the natural bridge,flickr,ustung,https://www.flickr.com/photos/126397594@N03/29566560265,https://live.staticflickr.com/8339/29566560265_0210c5b356_b.jpg,by,2.0,https://creativecommons.org/licenses/by/2.0/,Bali temple Indonesia,1023,783,768,588,49.791,96945e40869d046785b4e961fc75e23d1ec16432
2269.jpg,localtourism,c76e7614-f5fd-4c40-9fad-860f3d677728,Pemuteran Bali,flickr,Jeda Villa Bali,https://www.flickr.com/photos/53779476@N08/5013742533,https://live.staticflickr.com/4126/5013742533_4412041f95_b.jpg,by,2.0,https://creativecommons.org/licenses/by/2.0/,Bali temple Indonesia,1024,680,768,510,51.514,b2e4040099bc42d18db0b463fc457c97563be9cf
2266.jpg,localtourism,5532c6f1-8874-4197-80c6-79607ab0d44b,"Garuda shrine at the Pura Taman Ayun, Bali, Indonesia.",flickr,_paVan_,https://www.flickr.com/photos/39483844@N03/27818227367,https://live.staticflickr.com/1729/27818227367_6dcf9fb997_b.jpg,by,2.0,https://creativecommons.org/licenses/by/2.0/,Bali temple Indonesia,682,1023,512,768,74.929,f9613c447b2c85b9c1eccb5c09ff015c3124b775
2271.jpg,localtourism,49aa6b93-2b3c-4877-b86c-8c36df039403,Besakih temple / ベサキ寺院(じいん),flickr,TANAKA Juuyoh (田中十洋),https://www.flickr.com/photos/13910409@N05/1628618466,https://live.staticflickr.com/2283/1628618466_ffba1a9dd3_b.jpg,by,2.0,https://creativecommons.org/licenses/by/2.0/,Bali temple Indonesia,1024,768,768,576,49.784,5cbd51e9985757d0dca24e646463635d6e9d8a3f
2265.jpg,localtourism,bd832938-d87c-4021-934e-920472ac9b74,Besakih temple / ベサキ寺院(じいん),flickr,TANAKA Juuyoh (田中十洋),https://www.flickr.com/photos/13910409@N05/1628618398,https://live.staticflickr.com/2010/1628618398_05600eaac6_b.jpg,by,2.0,https://creativecommons.org/licenses/by/2.0/,Bali temple Indonesia,1024,768,768,576,40.808,cdfb5094920306e136cfa18221855172b0c14db3
2272.jpg,localtourism,a84de33c-9d0e-49db-9ea0-3cb38b32091f,Temple in Bali,flickr,HollyEma☮,https://www.flickr.com/photos/36167585@N06/7069069359,https://live.staticflickr.com/5459/7069069359_1f54a0d710_b.jpg,by,2.0,https://creativecommons.org/licenses/by/2.0/,Bali temple Indonesia,1024,683,768,512,78.6,7919bb2fee29f5f119992f2f33a4e8f3ced76fb6
2273.jpg,localtourism,30aae6ad-1753-4336-92aa-74a066deb082,Uluwatu kecak Fire Dance #2,flickr,Strocchi,https://www.flickr.com/photos/46383895@N00/49234838091,https://live.staticflickr.com/65535/49234838091_d82a0a7821_b.jpg,by-sa,2.0,https://creativecommons.org/licenses/by-sa/2.0/,Bali temple Indonesia,1024,683,768,512,49.207,92eb016eed7116fa07ed38a56a71a3d496596bf7
2274.jpg,localtourism,b45dc223-e7e4-4d5a-bfc1-9c488feac5d0,2008-0607 (7062) Uluwatu View Point 2,flickr,jenniferphoon,https://www.flickr.com/photos/7930413@N06/2589204785,https://live.staticflickr.com/3031/2589204785_edda52d9af.jpg,by,2.0,https://creativecommons.org/licenses/by/2.0/,Bali temple Indonesia,500,375,500,375,58.926,f6226bcb09e54c460415ef04ea5b7108f8ac6573
2276.jpg,localtourism,63caf31c-1de5-4ec4-826e-6673f9806396,"Goa Lawah, Bali",flickr,"jafsegal (Thanks for the 4,5 million views)",https://www.flickr.com/photos/67525885@N00/16339256455,https://live.staticflickr.com/8631/16339256455_3d4793bb15_b.jpg,by,2.0,https://creativecommons.org/licenses/by/2.0/,Bali temple Indonesia,1024,683,768,512,49.483,97a2b2538401828718cab9995e84c29398e0b502
2280.jpg,localtourism,0be18a84-b522-4f56-8753-314d9d12d44c,Pura Luhur Uluwatu,flickr,MarkDoliner,https://www.flickr.com/photos/19714819@N00/8060977103,https://live.staticflickr.com/8173/8060977103_0132d28fe0_b.jpg,by-sa,2.0,https://creativecommons.org/licenses/by-sa/2.0/,Bali temple Indonesia,1024,683,768,512,10.783,c556aad59a34d8464408ab6ca389d45b0d1962a0
2278.jpg,localtourism,680be711-8e77-476f-becf-e4e639de5f1b,Classic Bali - Pura Uluwatu,flickr,seanmcgrath,https://www.flickr.com/photos/52798669@N00/1807365165,https://live.staticflickr.com/2403/1807365165_7fb10de99b_b.jpg,by,2.0,https://creativecommons.org/licenses/by/2.0/,Bali temple Indonesia,1023,685,768,514,30.41,ca85b6dca714925f3e23ff565fabfde07ed304c1
2279.jpg,localtourism,ea400873-9b67-4ed3-8d9c-79e9d22848b0,IMGP0518_01,flickr,loic.v,https://www.flickr.com/photos/75513663@N03/6988229585,https://live.staticflickr.com/7058/6988229585_522a35ee76_b.jpg,by-sa,2.0,https://creativecommons.org/licenses/by-sa/2.0/,Bali temple Indonesia,1024,683,768,512,57.045,adde3cdef7ada5006c7550b8f6d7d33c6bdd066a
2275.jpg,localtourism,e0968755-12fc-499a-86ea-f2c04b5a54b0,"Bedegul, Bali, Indonesia",flickr,rapidacid,https://www.flickr.com/photos/43713043@N00/2424716397,https://live.staticflickr.com/2115/2424716397_6bd3c85e0f_b.jpg,by,2.0,https://creativecommons.org/licenses/by/2.0/,Bali temple Indonesia,768,1024,576,768,82.733,a5a5f0fc556b5c6c67f3caa31985e51d8e415bf8
2281.jpg,localtourism,cdd3dbf7-b933-4e8d-9d80-38d5fe087d3f,Rusty Lock,flickr,DrTH80,https://www.flickr.com/photos/68411237@N07/6295879060,https://live.staticflickr.com/6058/6295879060_ec9586bdfa_b.jpg,by,2.0,https://creativecommons.org/licenses/by/2.0/,Bali temple Indonesia,683,1024,512,768,30.925,1f13cb0b2e927138312d46bbc9dbc2e0d23d51f2
2282.jpg,localtourism,2dd987b2-da86-4dae-9f12-032e0009ec51,Waiting for uncle Nessie,flickr,robertofaccenda.it,https://www.flickr.com/photos/14057446@N03/16895138535,https://live.staticflickr.com/7626/16895138535_b9bab1c4f3_b.jpg,by-sa,2.0,https://creativecommons.org/licenses/by-sa/2.0/,Bali temple Indonesia,1024,680,768,510,53.888,845fea9eeedf6f0c8d335cc024e5765bc15ba95c
2283.jpg,localtourism,75892b13-e0b4-4e22-9ba3-ca10e3faa4ef,Uluwatu Temple Landscape,flickr,Strocchi,https://www.flickr.com/photos/46383895@N00/49196240112,https://live.staticflickr.com/65535/49196240112_b2d6217d66_b.jpg,by-sa,2.0,https://creativecommons.org/licenses/by-sa/2.0/,Bali temple Indonesia,1024,682,768,512,59.439,962250c973a2a5c27385ddc670753edc02c6633e
2285.jpg,localtourism,dffa3584-dfba-4dbd-b092-97129f078040,The beautiful doors of a Balinese temple,flickr,_paVan_,https://www.flickr.com/photos/39483844@N03/42776533832,https://live.staticflickr.com/1824/42776533832_b0a857af8a_b.jpg,by,2.0,https://creativecommons.org/licenses/by/2.0/,Bali temple Indonesia,1024,683,768,512,73.141,20247560e7d776332069c4c6009afbab2e65c512
2284.jpg,localtourism,4c9ecdd0-3724-4f89-85c6-e2e449edf931,Sambangan Bali,flickr,Jeda Villa Bali,https://www.flickr.com/photos/53779476@N08/5082361129,https://live.staticflickr.com/4129/5082361129_8dd7ffc9c5_b.jpg,by,2.0,https://creativecommons.org/licenses/by/2.0/,Bali temple Indonesia,680,1024,510,768,56.779,2aa7c55998a8e79d7c7782955e72bcc5e93f24b6
2291.jpg,localtourism,d0ff16db-91cc-4e62-88a7-4d84386b1e7b,Temple near Pantai Kelecung,flickr,Kaeru,https://www.flickr.com/photos/51035756584@N01/14700039820,https://live.staticflickr.com/3857/14700039820_c072eaacd5_b.jpg,by,2.0,https://creativecommons.org/licenses/by/2.0/,Bali temple Indonesia,1024,768,768,576,24.513,06e36b29a604e7b7e6eab3276a11befb6da4fcde
2287.jpg,localtourism,3142fb93-fc93-4235-b0ba-672fc23cf97f,Dragons,flickr,rollanb,https://www.flickr.com/photos/25866036@N05/3370020940,https://live.staticflickr.com/3621/3370020940_f111c90f03_b.jpg,by-sa,2.0,https://creativecommons.org/licenses/by-sa/2.0/,Bali temple Indonesia,681,1024,511,768,14.243,f9544e898fd4bca529ae5ee3f36b5cd839dedd2a
2292.jpg,localtourism,624cbcd7-0fc2-4882-a57e-47807e377574,A Hindu temple,flickr,MarkDoliner,https://www.flickr.com/photos/19714819@N00/8060883364,https://live.staticflickr.com/8037/8060883364_4d3f459383_b.jpg,by-sa,2.0,https://creativecommons.org/licenses/by-sa/2.0/,Bali temple Indonesia,683,1024,512,768,76.312,0ed1fd2e509f1e7687d547f3acf98dfad6b3431c
2293.jpg,localtourism,4cea1782-eab7-4ded-8caa-95fbb190067f,Tanah Lot,flickr,Jorge Franganillo,https://www.flickr.com/photos/46191841@N00/45129103622,https://live.staticflickr.com/1916/45129103622_fc63b3bfdb_b.jpg,by,2.0,https://creativecommons.org/licenses/by/2.0/,Bali temple Indonesia,1024,576,768,432,66.312,106ba2a2d01e2b0b21e0c614d2d28c7eff37564a
2296.jpg,localtourism,5dd16c9a-7df0-4056-9180-61033c30cda8,Tirta Empul Door,flickr,Strocchi,https://www.flickr.com/photos/46383895@N00/49358910856,https://live.staticflickr.com/65535/49358910856_ecc3fb686d_b.jpg,by-sa,2.0,https://creativecommons.org/licenses/by-sa/2.0/,Bali temple Indonesia,683,1024,512,768,70.973,6ae6ad0080727f411038cece84d560084df5c397
2297.jpg,localtourism,c73b7ca0-8e02-4d3d-901d-6f3048e944f2,Pura Luhur Uluwatu,flickr,MarkDoliner,https://www.flickr.com/photos/19714819@N00/8060972839,https://live.staticflickr.com/8031/8060972839_2afdaa60b0_b.jpg,by-sa,2.0,https://creativecommons.org/licenses/by-sa/2.0/,Bali temple Indonesia,1024,683,768,512,24.374,f0afabd1fd0edd1175b33e6297989347b58573e7
2298.jpg,localtourism,e17442fe-bc29-4e74-8836-eab4e5c96326,Watch the wawes,flickr,robertofaccenda.it,https://www.flickr.com/photos/14057446@N03/16694386149,https://live.staticflickr.com/7283/16694386149_b1c74529f3_b.jpg,by-sa,2.0,https://creativecommons.org/licenses/by-sa/2.0/,Bali temple Indonesia,1024,680,768,510,36.458,255175f22a021c686177539fb58120a4b6651411
2299.jpg,localtourism,bdaf420f-1c72-43ac-bdbb-f7d02140f531,Uluwatu Kecak & Fire Dance,flickr,Strocchi,https://www.flickr.com/photos/46383895@N00/49230604066,https://live.staticflickr.com/65535/49230604066_87668f2dde_b.jpg,by-sa,2.0,https://creativecommons.org/licenses/by-sa/2.0/,Bali temple Indonesia,1024,683,768,512,43.815,1212dd9f36afca999f06cf68c09db0b1956b287e
2300.jpg,localtourism,898c0666-ca28-4f48-9d88-f741c327f336,Pura Kahyangan Jagat Purusada,flickr,JasonParis,https://www.flickr.com/photos/94064020@N00/6231317225,https://live.staticflickr.com/6057/6231317225_266ab6b35b_b.jpg,by,2.0,https://creativecommons.org/licenses/by/2.0/,Bali temple Indonesia,768,1024,576,768,64.632,f3732cd4e1427a53b490b9b6368d6304ced4dfef
2301.jpg,localtourism,c01f89bd-2f23-4836-b57e-757ed67e1549,oleh-oleh dari Ciapus #2,flickr,MangAndri ...on/off,https://www.flickr.com/photos/8420290@N03/3400928532,https://live.staticflickr.com/3423/3400928532_e809aa128f_b.jpg,by,2.0,https://creativecommons.org/licenses/by/2.0/,Bali temple Indonesia,768,1024,576,768,48.814,fc8399ce2043a19b447246a67165021e80b89265
2303.jpg,localtourism,779ddcbf-a300-44ce-a94a-42c9e9d412c2,older god,flickr,nosha,https://www.flickr.com/photos/77316550@N00/28958077336,https://live.staticflickr.com/8590/28958077336_6ff6b6c45c_b.jpg,by-sa,2.0,https://creativecommons.org/licenses/by-sa/2.0/,Bali temple Indonesia,1024,684,768,513,62.111,95ffd007b842ea4dd933e914faa0e7fc0b5f59f7
2302.jpg,localtourism,3fd2c5ae-c141-4b80-ab67-3c1e3200354f,Balinese Temple,flickr,Image Catalog,https://www.flickr.com/photos/132795455@N08/22062691528,https://live.staticflickr.com/734/22062691528_6c0482302b_b.jpg,cc0,1.0,https://creativecommons.org/publicdomain/zero/1.0/,Bali temple Indonesia,1024,768,768,576,80.107,9a294f9edfee4d038c157f3ff12fb81c6d0e4e39
2304.jpg,localtourism,8a02d4d8-6909-4eb6-9d88-dc228f557e19,A Temple,flickr,preetamrai,https://www.flickr.com/photos/51035566865@N01/200757429,https://live.staticflickr.com/76/200757429_c4dbe32411_b.jpg,by,2.0,https://creativecommons.org/licenses/by/2.0/,Bali temple Indonesia,1024,768,768,576,60.166,8920840eb5a5e25131f0492a0d8dfaa5b37b25b9
2305.jpg,localtourism,c5be5c9d-a995-4fc9-9d68-63872e363857,Pura Besakih / Mothertemple,flickr,nerdwithoutglasses,https://www.flickr.com/photos/30392243@N00/1917158358,https://live.staticflickr.com/2126/1917158358_f21088197a_b.jpg,by,2.0,https://creativecommons.org/licenses/by/2.0/,Bali temple Indonesia,768,1024,576,768,42.242,4faf04878f55a614da02ccb65dacc0f12db29619
2306.jpg,localtourism,617d0b21-6401-4c34-bd9c-685e1299280d,Pura Pasar Agung,flickr,"Ya, saya inBaliTimur",https://www.flickr.com/photos/96261485@N08/29292936002,https://live.staticflickr.com/8489/29292936002_d5ac5db4ac_b.jpg,by-sa,2.0,https://creativecommons.org/licenses/by-sa/2.0/,Bali temple Indonesia,1023,371,768,279,61.62,669b227e0601f438aa3324371916e09c773e1e43
2307.jpg,localtourism,deb2dea1-7162-443f-b172-6c9408474a91,I asked my guide if I should buy him a basket of the fruit for a temple ceremony he had invited me to that evening,flickr,shankar s.,https://www.flickr.com/photos/77742560@N06/45375421264,https://live.staticflickr.com/4848/45375421264_d2be928166_b.jpg,by,2.0,https://creativecommons.org/licenses/by/2.0/,Bali temple Indonesia,1024,684,768,513,48.911,24532d3b840d6bf90ee96d13d34b290a9f8e930d
2309.jpg,localtourism,bcbc7b16-d470-4194-97ee-728ea2a380bf,Tanah Lot,flickr,^riza^,https://www.flickr.com/photos/44115070@N00/4030313,https://live.staticflickr.com/3/4030313_a95d6692ab.jpg,by,2.0,https://creativecommons.org/licenses/by/2.0/,Tanah Lot,500,332,500,332,62.865,8e070bec9001078e9db1972c75adf33818411240
2308.jpg,localtourism,c9f61945-8eea-4b24-9eb5-35e41d299e65,Every temple a starship,flickr,robertofaccenda.it,https://www.flickr.com/photos/14057446@N03/16895182505,https://live.staticflickr.com/8755/16895182505_b0ae07b5ed_b.jpg,by-sa,2.0,https://creativecommons.org/licenses/by-sa/2.0/,Bali temple Indonesia,1024,680,768,510,51.786,848d0e9da784409e9691adb3a0b4c74799d4246b
2310.jpg,localtourism,5914641c-86da-4be3-a849-47c0438a8ca4,"Beautiful sunset at Tanah Lot - Bali, photographed by JavaTourism.com",flickr,java tourism,https://www.flickr.com/photos/22371164@N02/2192630997,https://live.staticflickr.com/2067/2192630997_0dfee0c05c.jpg,by,2.0,https://creativecommons.org/licenses/by/2.0/,Tanah Lot,500,375,500,375,28.721,6f232ab9c76313c766d18111e83b7e7f9aaa94ae
2311.jpg,localtourism,4aaad5c6-e4e4-4324-b5fa-8b512a33a538,Tanah Lot on Sephia,flickr,^riza^,https://www.flickr.com/photos/44115070@N00/4030311,https://live.staticflickr.com/3/4030311_8e1108a821.jpg,by,2.0,https://creativecommons.org/licenses/by/2.0/,Tanah Lot,332,499,332,499,61.398,491c905664b68cd10a26d2b834c5fc83570ecaa3
2313.jpg,localtourism,f1880b63-102b-4567-a788-78d7a7192ac0,Tanah Lot - Bali,flickr,BEST PHOTO,https://www.flickr.com/photos/51434968@N00/2382122811,https://live.staticflickr.com/3046/2382122811_74649616b2_b.jpg,by,2.0,https://creativecommons.org/licenses/by/2.0/,Tanah Lot,1023,698,768,524,66.569,177f9e2eb8d768256e74e24a9255be1bcfa6f89c
2315.jpg,localtourism,2978c98e-0424-4221-bb9f-be8fdb04c2db,BALI TANAH LOT,flickr,efanphotography v2,https://www.flickr.com/photos/58362996@N04/7182801492,https://live.staticflickr.com/8007/7182801492_c0da6fbae0_b.jpg,by,2.0,https://creativecommons.org/licenses/by/2.0/,Tanah Lot,1024,683,768,512,51.977,6763db0ecdb3b1e449ecab9787aa627b8932778f
2314.jpg,localtourism,b26561c5-909d-474c-b6fd-b2053af9b92d,Tanah Lot,flickr,JasonParis,https://www.flickr.com/photos/94064020@N00/6231332977,https://live.staticflickr.com/6094/6231332977_28f2ff2305_b.jpg,by,2.0,https://creativecommons.org/licenses/by/2.0/,Tanah Lot,1024,768,768,576,25.101,b927a88814ef3b8a81242ba71028ee6915e0b36f
2316.jpg,localtourism,1975903d-afce-47ae-a31a-21e37e8fb850,Sunset at Tanah Lot - Bali,flickr,Toshi Widarto,https://www.flickr.com/photos/90932915@N08/8588535272,https://live.staticflickr.com/8239/8588535272_04bf79c6e7_b.jpg,by,2.0,https://creativecommons.org/licenses/by/2.0/,Tanah Lot,1024,680,768,510,41.584,cf4697935f7eb8ff1b77a1b4bc62d32edded60f2
2319.jpg,localtourism,7868d373-f17d-41f2-a7c0-0dcec1a81990,Tanah Lot Temple Ceremony,flickr,ketutsuparta,https://www.flickr.com/photos/7641120@N02/1080283198,https://live.staticflickr.com/1253/1080283198_94a15989dd.jpg,by,2.0,https://creativecommons.org/licenses/by/2.0/,Tanah Lot,500,375,500,375,60.219,9db77b5d9fa075e1502dfdf97bd1c052a362c805
2318.jpg,localtourism,d4291c00-93b2-4182-b92b-f47bc502f4db,Sunset di Tanah Lot,flickr,koyne,https://www.flickr.com/photos/34843522@N05/4347210343,https://live.staticflickr.com/2752/4347210343_1802888e23_b.jpg,by,2.0,https://creativecommons.org/licenses/by/2.0/,Tanah Lot,1024,683,768,512,18.812,ff1cdcf8e58db988c1ad9e9d9428a50070995e69
2320.jpg,localtourism,53112568-4ffc-4cdf-bdfb-f265272b3b82,"Tanah Lot, Bali",flickr,"jafsegal (Thanks for the 4,5 million views)",https://www.flickr.com/photos/67525885@N00/16341537887,https://live.staticflickr.com/8590/16341537887_d51dc41489_b.jpg,by,2.0,https://creativecommons.org/licenses/by/2.0/,Tanah Lot,1024,683,768,512,49.053,550b5d1a745c8df97b434b9852db9d422bde12e1
2321.jpg,localtourism,651ca46d-691b-487a-ad5d-76cc2df98d8d,Pura Tanah Lot after sunset,flickr,Batubara Ismail Rahmat,https://www.flickr.com/photos/39149148@N07/3671658372,https://live.staticflickr.com/2478/3671658372_3649a744b6_b.jpg,by,2.0,https://creativecommons.org/licenses/by/2.0/,Tanah Lot,1023,650,768,488,14.41,1e9aa36e63a1868f743d1994d40cd9a9c58ea834
2322.jpg,localtourism,93f8c6c5-29a3-40a3-997a-7de66d4a142f,"At Tanah Lot, Bali.",flickr,hairibaba,https://www.flickr.com/photos/19329782@N05/13983762869,https://live.staticflickr.com/5566/13983762869_b73eb4aa86_b.jpg,by,2.0,https://creativecommons.org/licenses/by/2.0/,Tanah Lot,1024,683,768,512,38.639,5503797588eb3b3bd459080a66b36a01080b67b4
2323.jpg,localtourism,0aac31fb-4f49-4f1d-9f81-c362c777095f,Tanah Lot,flickr,JasonParis,https://www.flickr.com/photos/94064020@N00/6231850076,https://live.staticflickr.com/6170/6231850076_3f7378c1aa_b.jpg,by,2.0,https://creativecommons.org/licenses/by/2.0/,Tanah Lot,1024,768,768,576,37.965,d4b90267de8f9670dc74ff0b7230648f13a4fb40
2324.jpg,localtourism,509d190c-dd02-45bf-b1c9-d1a8afaac845,Tanah Lot,flickr,JasonParis,https://www.flickr.com/photos/94064020@N00/6231330231,https://live.staticflickr.com/6060/6231330231_7cd4b2730e_b.jpg,by,2.0,https://creativecommons.org/licenses/by/2.0/,Tanah Lot,768,1024,576,768,34.266,0bf3e7b6695c18ac264bd2d189c71bd16b436c86
2325.jpg,localtourism,3a1e1a71-afdd-4dfe-ae52-3ef9d959c23c,Pura Tanah Lot,flickr,Jos Dielis,https://www.flickr.com/photos/7744067@N03/3867312870,https://live.staticflickr.com/2603/3867312870_01c6be26d8.jpg,by,2.0,https://creativecommons.org/licenses/by/2.0/,Tanah Lot,499,339,499,339,73.803,a445872ad9e441b5e8fecf1f544d3d4ac7563724
2328.jpg,localtourism,3969b2a9-9c85-4918-bc60-1ccd539a90db,Tanah Lot,flickr,JasonParis,https://www.flickr.com/photos/94064020@N00/6231331279,https://live.staticflickr.com/6047/6231331279_b2125017bf_b.jpg,by,2.0,https://creativecommons.org/licenses/by/2.0/,Tanah Lot,768,1024,576,768,40.231,088e6a61ac631d69027aee969c48df31380c983f
2329.jpg,localtourism,938576dd-db59-468a-b676-5144ab496970,2008-0608 (7046) Tanah Lot,flickr,jenniferphoon,https://www.flickr.com/photos/7930413@N06/2592243291,https://live.staticflickr.com/3256/2592243291_fda0f4aeaf.jpg,by,2.0,https://creativecommons.org/licenses/by/2.0/,Tanah Lot,499,334,499,334,59.059,6b9e49bec69467231a18ffcbe097c2beba8ce472
2327.jpg,localtourism,8ca45cab-c45e-476c-a5d8-9a0d9796354b,Pura Tanah Lot,flickr,wiifm,https://www.flickr.com/photos/12350347@N03/6346100515,https://live.staticflickr.com/6051/6346100515_d8e597a898_b.jpg,by,2.0,https://creativecommons.org/licenses/by/2.0/,Tanah Lot,1024,680,768,510,46.934,badd14054e19c69049ce951f940335135b20b86d
2326.jpg,localtourism,aab47078-92ce-4e21-8d58-696f51c26f63,"Tanah Lot, Bali",flickr,"jafsegal (Thanks for the 4,5 million views)",https://www.flickr.com/photos/67525885@N00/16168156149,https://live.staticflickr.com/7360/16168156149_94b24e82e5_b.jpg,by,2.0,https://creativecommons.org/licenses/by/2.0/,Tanah Lot,1024,683,768,512,51.306,41efc34d62f758976af8780455cabd3197b53327
2330.jpg,localtourism,4c19a21a-d2c1-471a-9e2b-8395f2d8bce1,Tanah Lot,flickr,JasonParis,https://www.flickr.com/photos/94064020@N00/6231853496,https://live.staticflickr.com/6108/6231853496_9a43a1b769_b.jpg,by,2.0,https://creativecommons.org/licenses/by/2.0/,Tanah Lot,1024,768,768,576,45.203,5134db26cfef156cc6f3e026a2d42ce382c7bcd4
2332.jpg,localtourism,cc23bd97-e5ad-4619-8e55-1292090316e3,Pura Tanah Lot,flickr,Jos Dielis,https://www.flickr.com/photos/7744067@N03/3867312374,https://live.staticflickr.com/2583/3867312374_118f6f3a9b.jpg,by,2.0,https://creativecommons.org/licenses/by/2.0/,Tanah Lot,499,339,499,339,78.585,7e8ff95aa2fce2c351ba84cb587e15468c518f2d
2331.jpg,localtourism,2101f008-03a9-4b81-bfbc-57888074f5e6,Tanah Lot,flickr,nerdwithoutglasses,https://www.flickr.com/photos/30392243@N00/1917264330,https://live.staticflickr.com/2205/1917264330_4f26f01c07_b.jpg,by,2.0,https://creativecommons.org/licenses/by/2.0/,Tanah Lot,1024,768,768,576,27.192,eca7e6c45be5927a2831703eaf471afa41e10a20
2333.jpg,localtourism,91aec8d7-0f51-44f5-96d3-7bbebe3d5cfd,Tanah Lot,flickr,JasonParis,https://www.flickr.com/photos/94064020@N00/6231329365,https://live.staticflickr.com/6163/6231329365_f3780acb2f_b.jpg,by,2.0,https://creativecommons.org/licenses/by/2.0/,Tanah Lot,1024,768,768,576,64.072,e3a595ec0f59784f2a11bd74d0b7f683b71fdd3c
2338.jpg,localtourism,81566f35-9f78-40a5-aead-54981519b2e5,Helicopter above Tanah Lot Temple,flickr,d10n2000,https://www.flickr.com/photos/98071575@N00/202732012,https://live.staticflickr.com/58/202732012_cfb6868d20_b.jpg,by,2.0,https://creativecommons.org/licenses/by/2.0/,Tanah Lot,1024,683,768,512,32.749,8800955f61413fbb811c5299e38e3e4f021fa64e
2335.jpg,localtourism,2f3460d7-277e-4e90-959c-d985a64aef00,Tanah Lot,flickr,Justyn™,https://www.flickr.com/photos/21045320@N03/8492351392,https://live.staticflickr.com/8530/8492351392_81e9d6e350_b.jpg,by,2.0,https://creativecommons.org/licenses/by/2.0/,Tanah Lot,1023,600,768,450,22.508,4639a557940c02e1227e0e7fcd87cc74e0069559
2334.jpg,localtourism,cc6cbf69-2364-464a-b155-65b0d98048dd,Tanah Lot,flickr,JasonParis,https://www.flickr.com/photos/94064020@N00/6231331641,https://live.staticflickr.com/6058/6231331641_c11c685b20_b.jpg,by,2.0,https://creativecommons.org/licenses/by/2.0/,Tanah Lot,1024,768,768,576,34.161,16651aa616c965113181a3bf1f0c2195cce4af23
2341.jpg,localtourism,0bc8c600-a56e-4509-90f6-01bfd4009e0f,"Tanah Lot, Bali",flickr,Jeda Villa Bali,https://www.flickr.com/photos/53779476@N08/4997813258,https://live.staticflickr.com/4085/4997813258_9e7eac4997_b.jpg,by,2.0,https://creativecommons.org/licenses/by/2.0/,Tanah Lot,1024,680,768,510,19.742,14489473215e0526b3b5cd40df02ae743776eb81
2344.jpg,localtourism,b4226ee0-12e4-44cc-b478-590cb6ca7d7a,Pura Tanah Lot,flickr,inspiring!,https://www.flickr.com/photos/61590194@N03/16159228495,https://live.staticflickr.com/7539/16159228495_963152d48b_b.jpg,by-sa,2.0,https://creativecommons.org/licenses/by-sa/2.0/,Tanah Lot,1024,512,768,384,64.317,bfcc323137e182c7835fe0a6a27dfab64cc8d83f
2337.jpg,localtourism,45457e91-0f96-447b-9d43-5fda0809feed,Pura Tanah Lot,flickr,wiifm,https://www.flickr.com/photos/12350347@N03/6346100225,https://live.staticflickr.com/6108/6346100225_22d7c726fd_b.jpg,by,2.0,https://creativecommons.org/licenses/by/2.0/,Tanah Lot,1024,679,768,509,61.046,f266d34b6d9a688bd94200f3c27b395a7662c12a
2336.jpg,localtourism,addd2084-cc1d-4743-b2e2-020dc6762bde,BALI - Tanah Lot,flickr,Leolisa81,https://www.flickr.com/photos/30430582@N04/11352023175,https://live.staticflickr.com/3765/11352023175_c7176022e3_b.jpg,by-sa,2.0,https://creativecommons.org/licenses/by-sa/2.0/,Tanah Lot,1024,683,768,512,32.777,16f4583c4a96c7563a4e57a8d20c34ca147845ce
2343.jpg,localtourism,02ef7da3-da61-45f8-aa46-acfa3eb7907c,"Tanah Lot sea temple, Bali",flickr,TheCreativePenn,https://www.flickr.com/photos/38314728@N08/3742482388,https://live.staticflickr.com/3460/3742482388_f8e30a3221.jpg,by,2.0,https://creativecommons.org/licenses/by/2.0/,Tanah Lot,480,310,480,310,59.831,5a26923ee8b25727bd0148113b69f712bdfc7285
2342.jpg,localtourism,b46658d2-35e1-4a48-bee8-c991180ccfc1,Pura Tanah Lot,flickr,wiifm,https://www.flickr.com/photos/12350347@N03/6346101117,https://live.staticflickr.com/6096/6346101117_8875d96e61_b.jpg,by,2.0,https://creativecommons.org/licenses/by/2.0/,Tanah Lot,1024,679,768,509,50.207,ca6939e84bbcae1e97759eb29527e30779e9bb4b
2340.jpg,localtourism,b3020644-3ea4-49cf-a0f6-3209b26fda81,Pura Tanah Lot,flickr,wiifm,https://www.flickr.com/photos/12350347@N03/6346852220,https://live.staticflickr.com/6034/6346852220_05633e4ccf_b.jpg,by,2.0,https://creativecommons.org/licenses/by/2.0/,Tanah Lot,1024,678,768,509,48.646,0648985b596ba68d2dfed29a0f42dd2cf2647b5f
2345.jpg,localtourism,d08bc8bf-40f8-46c4-97b1-a207c23dda45,BALI - Tanah Lot,flickr,Leolisa81,https://www.flickr.com/photos/30430582@N04/11352180593,https://live.staticflickr.com/5533/11352180593_892d08fd2b_b.jpg,by-sa,2.0,https://creativecommons.org/licenses/by-sa/2.0/,Tanah Lot,1024,683,768,512,38.656,a359d9a2fbe9b881815d7811b89d932f1ad68504
2347.jpg,localtourism,2b9c576d-9b24-4604-9936-150f5912d33a,Pura Tanah Lot,flickr,wiifm,https://www.flickr.com/photos/12350347@N03/6346851648,https://live.staticflickr.com/6214/6346851648_2cf4893c06_b.jpg,by,2.0,https://creativecommons.org/licenses/by/2.0/,Tanah Lot,1023,680,768,510,65.041,760a89bbd9ecf90f1b527428048028ceb965e0f5
2348.jpg,localtourism,76bb70ca-22da-4924-933c-bd568597fee2,tanah lot,flickr,dolapo,https://www.flickr.com/photos/44547231@N00/3072248405,https://live.staticflickr.com/3203/3072248405_a1f99afb64_b.jpg,by-sa,2.0,https://creativecommons.org/licenses/by-sa/2.0/,Tanah Lot,1023,681,768,511,19.528,8b028bedff8b2ed523f226f85e4509d0ad2270ea
2350.jpg,localtourism,bb3c1a91-0e7c-434a-bfe7-8f9285e3c62f,BALI - Tanah Lot,flickr,Leolisa81,https://www.flickr.com/photos/30430582@N04/11352176173,https://live.staticflickr.com/7436/11352176173_503891257c_b.jpg,by-sa,2.0,https://creativecommons.org/licenses/by-sa/2.0/,Tanah Lot,1024,683,768,512,40.412,f1ed1704e50a909ed94de7e458f7014eb2d59de1
2349.jpg,localtourism,ada79eca-7393-4c7d-abee-129750a39b6c,BALI - Tanah Lot,flickr,Leolisa81,https://www.flickr.com/photos/30430582@N04/11352075606,https://live.staticflickr.com/3794/11352075606_8d58d42f1e_b.jpg,by-sa,2.0,https://creativecommons.org/licenses/by-sa/2.0/,Tanah Lot,1024,683,768,512,37.736,f7c632ca90e3cce053fac37b1132b6afe16f1c02
2351.jpg,localtourism,e3351799-edfc-4e91-83c0-253eb0c12761,Sunset at Tanah Lot,flickr,Jayson Emery,https://www.flickr.com/photos/41265820@N00/52958744,https://live.staticflickr.com/26/52958744_eb7111b1f2_b.jpg,by-sa,2.0,https://creativecommons.org/licenses/by-sa/2.0/,Tanah Lot,1024,659,768,494,15.97,dea42c1cc1c747ea6159ba8839186d1859da8efa
2353.jpg,localtourism,fe5759cb-828e-406a-b2ee-e87fe20cbf0b,Tanah Lot,flickr,JasonParis,https://www.flickr.com/photos/94064020@N00/6231330599,https://live.staticflickr.com/6040/6231330599_ae293952e6_b.jpg,by,2.0,https://creativecommons.org/licenses/by/2.0/,Tanah Lot,1024,768,768,576,34.493,cf560ec33aeeccf3b6f8e3a2b378f8ab1cc152ba
2352.jpg,localtourism,0090cc47-6cf8-45c0-87bb-3881890209da,BALI - Tanah Lot,flickr,Leolisa81,https://www.flickr.com/photos/30430582@N04/11352155783,https://live.staticflickr.com/5522/11352155783_c3d39aa9ed_b.jpg,by-sa,2.0,https://creativecommons.org/licenses/by-sa/2.0/,Tanah Lot,1024,683,768,512,37.48,3920bb17f8373621f01f990cee83a7706e927567
2354.jpg,localtourism,ec36afe1-a809-4e87-8698-91222cba821b,Tanah-Lot,flickr,Adrian Sclafani,https://www.flickr.com/photos/73064348@N04/9502753176,https://live.staticflickr.com/3715/9502753176_9ecdd84210_b.jpg,by-sa,2.0,https://creativecommons.org/licenses/by-sa/2.0/,Tanah Lot,1024,683,768,512,30.561,21a482c5704dcdb867f7eaade964f22de0859442
2355.jpg,localtourism,e6f5bbb2-0027-48c7-a72b-4711c3f29c89,Tanah Lot,flickr,JasonParis,https://www.flickr.com/photos/94064020@N00/6231330985,https://live.staticflickr.com/6120/6231330985_88d95999bf_b.jpg,by,2.0,https://creativecommons.org/licenses/by/2.0/,Tanah Lot,1024,768,768,576,21.663,8313a0a889da7a8eb331557bf1a9ef0d623c083d
2356.jpg,localtourism,c55121e3-d490-4e52-9c2f-c6cac43df0dc,Tanah Lot,flickr,Jumilla,https://www.flickr.com/photos/70363447@N03/16766447612,https://live.staticflickr.com/8637/16766447612_4196dac910_b.jpg,by,2.0,https://creativecommons.org/licenses/by/2.0/,Tanah Lot,1024,768,768,576,54.653,ab1d89f6c97677f041114c16629b6c149e72f384
2358.jpg,localtourism,00e262d0-7497-4bb8-8b9a-3114cc452dbb,"Tanah Lot, Bali",flickr,"jafsegal (Thanks for the 4,5 million views)",https://www.flickr.com/photos/67525885@N00/16354347875,https://live.staticflickr.com/7391/16354347875_a92e95df0e_b.jpg,by,2.0,https://creativecommons.org/licenses/by/2.0/,Tanah Lot,1024,683,768,512,55.1,56e79e957d4eb3b2ecb7df9523ddd248a75fd34d
2357.jpg,localtourism,a7c500b4-b47f-464e-be68-c20dbcd49d5a,Tanah Lot,flickr,m4sh.3d,https://www.flickr.com/photos/25117919@N06/6004756390,https://live.staticflickr.com/6122/6004756390_267a40d477_b.jpg,by-sa,2.0,https://creativecommons.org/licenses/by-sa/2.0/,Tanah Lot,1024,680,768,510,68.852,e6d0e13ab2bb9fa0d11911aa5f81c0cc0ca3f664
2359.jpg,localtourism,5bafa79d-10fc-40b6-8474-dd8b805d1483,Tanah Lot,flickr,Jorge Franganillo,https://www.flickr.com/photos/46191841@N00/40082179433,https://live.staticflickr.com/7803/40082179433_b80cc36247_b.jpg,by,2.0,https://creativecommons.org/licenses/by/2.0/,Tanah Lot,1024,576,768,432,64.561,2620030017ae853b244a8985a3030c93c614a95d
2360.jpg,localtourism,2d270f73-39e9-453a-91b8-f372d9821f9e,Pura Tanah Lot,flickr,Jos Dielis,https://www.flickr.com/photos/7744067@N03/3866531065,https://live.staticflickr.com/2500/3866531065_6c62332f08.jpg,by,2.0,https://creativecommons.org/licenses/by/2.0/,Tanah Lot,499,339,499,339,72.536,215408e5e8f3ac19821da52f54cc8276d8e3baa6
2361.jpg,localtourism,4521ce26-fb66-43bf-a32d-44b37bdfb7d1,Tanah Lot,flickr,a.canvas.of.light,https://www.flickr.com/photos/96346885@N04/45628358622,https://live.staticflickr.com/4866/45628358622_92506020eb_b.jpg,by,2.0,https://creativecommons.org/licenses/by/2.0/,Tanah Lot,1024,683,768,512,46.53,7006d0ae85bf73a2ecd9ca44840af9424df9b6f3
2362.jpg,localtourism,bb385d3f-02f0-4bb3-9b88-72f378a9979b,Enjoying Tanah Lot Waves,flickr,d10n2000,https://www.flickr.com/photos/98071575@N00/202732090,https://live.staticflickr.com/61/202732090_9e8f22fed9_b.jpg,by,2.0,https://creativecommons.org/licenses/by/2.0/,Tanah Lot,1024,683,768,512,54.647,aa498dcd5674c337fc0ef89f3c204ed9e1207665
2363.jpg,localtourism,c3ae44be-3605-493a-8577-f984eb50efc1,"Tanah Lot sea temple, Bali",flickr,TheCreativePenn,https://www.flickr.com/photos/38314728@N08/3742482340,https://live.staticflickr.com/3502/3742482340_bd24feed2c.jpg,by,2.0,https://creativecommons.org/licenses/by/2.0/,Tanah Lot,480,387,480,387,52.125,b11ce6ac7c01f08fd4e189504138959c0f551df9
2365.jpg,localtourism,ce779d53-7742-404e-9410-945a2425c202,Tanah Lot,flickr,photographerglen,https://www.flickr.com/photos/10770008@N04/5914947773,https://live.staticflickr.com/5271/5914947773_bf2b49979a.jpg,by-sa,2.0,https://creativecommons.org/licenses/by-sa/2.0/,Tanah Lot,500,333,500,333,24.75,2b79010ba828eb900a423cda4424007ce47f4c57
2364.jpg,localtourism,fcfcdb27-3a8a-4c94-838e-78eba6fbc139,BALI - Tanah Lot,flickr,Leolisa81,https://www.flickr.com/photos/30430582@N04/11352101414,https://live.staticflickr.com/7366/11352101414_d02556094b_b.jpg,by-sa,2.0,https://creativecommons.org/licenses/by-sa/2.0/,Tanah Lot,1024,683,768,512,35.461,d0b6e40968f27f1c11ec79e6780f208857fab15d
2366.jpg,localtourism,e42c0435-4504-4696-9ada-214cf0fee6d7,"Templo de Tanah Lot. Bali, Indonesia.",flickr,juanma.,https://www.flickr.com/photos/17366406@N00/8009878265,https://live.staticflickr.com/8041/8009878265_74cfecd0af_b.jpg,by-sa,2.0,https://creativecommons.org/licenses/by-sa/2.0/,Tanah Lot,960,720,768,576,11.753,fa723becdc7e40d52d5808abdcd8e654e102fbfe
2372.jpg,localtourism,cb88f8a7-350a-42f7-b634-799abceab7d8,Tanah Lot Temple,flickr,koni_aiko,https://www.flickr.com/photos/64793748@N02/5901003837,https://live.staticflickr.com/6017/5901003837_8607a06796_b.jpg,by,2.0,https://creativecommons.org/licenses/by/2.0/,Tanah Lot,683,1024,512,768,34.733,8568031813acf7b10e6a43bf566700e1918336b5
2368.jpg,localtourism,68006d68-8358-4341-8cf6-44660be3e15b,Tanah Lot Temple - Bali,flickr,loic.v,https://www.flickr.com/photos/75513663@N03/6988228081,https://live.staticflickr.com/7192/6988228081_d6ccf00ec4_b.jpg,by-sa,2.0,https://creativecommons.org/licenses/by-sa/2.0/,Tanah Lot,1023,688,768,517,55.424,9a8bf40075913f500b36bf2d4bbeadee0fe749a4
2373.jpg,localtourism,53944d3e-5894-49ec-be51-ee9958238f07,BALI - Tanah Lot,flickr,Leolisa81,https://www.flickr.com/photos/30430582@N04/11352177243,https://live.staticflickr.com/2829/11352177243_49eeb6440a_b.jpg,by-sa,2.0,https://creativecommons.org/licenses/by-sa/2.0/,Tanah Lot,1024,565,768,424,29.13,5086ee61f3b7a7ce68394d1485f017fa92371560
2375.jpg,localtourism,d4587229-162f-4bbe-bf6b-962f93b18364,Sunset Tanah Lot.,flickr,Shamefullyso,https://www.flickr.com/photos/34463823@N04/3205396706,https://live.staticflickr.com/3527/3205396706_6fe74233cd_b.jpg,by,2.0,https://creativecommons.org/licenses/by/2.0/,Tanah Lot,1024,682,768,512,17.861,946ad0bc9aca825152ce49854ac8525e6f22ef2a
2371.jpg,localtourism,b126b9e4-3841-407c-959f-92553edcc36c,BALI - Tanah Lot,flickr,Leolisa81,https://www.flickr.com/photos/30430582@N04/11352172573,https://live.staticflickr.com/3682/11352172573_8643ef514a_b.jpg,by-sa,2.0,https://creativecommons.org/licenses/by-sa/2.0/,Tanah Lot,1024,683,768,512,35.656,323a444a856e86add61bd4c534ecbde49c1b3aa3
2370.jpg,localtourism,e3a3a472-de41-4cb3-a66f-952cd94b12b0,BALI - Tanah Lot Snakeshow,flickr,Leolisa81,https://www.flickr.com/photos/30430582@N04/11352170603,https://live.staticflickr.com/7351/11352170603_64bec612b5_b.jpg,by-sa,2.0,https://creativecommons.org/licenses/by-sa/2.0/,Tanah Lot,1024,683,768,512,33.952,04fcc9cfb46b610d7ab331316ed66bba77f46239
2369.jpg,localtourism,6b12f1e1-5678-43e3-afe8-3d8928108a3c,Tanah Lot à Bali,flickr,marthelelièvre,https://www.flickr.com/photos/127683502@N02/15956023227,https://live.staticflickr.com/8644/15956023227_6f55fdab20_b.jpg,by-sa,2.0,https://creativecommons.org/licenses/by-sa/2.0/,Tanah Lot,1024,769,768,577,61.199,3c621a499d97cbc1a44e28ae604089d82140d331
2367.jpg,localtourism,9c98f76e-b4b7-4057-80d6-ee92ec6a16f3,"Tanah Lot Temple, Bali",flickr,HeyItsWilliam,https://www.flickr.com/photos/40477905@N05/13991837515,https://live.staticflickr.com/7342/13991837515_a72aac2115_b.jpg,by,2.0,https://creativecommons.org/licenses/by/2.0/,Tanah Lot,1024,768,768,576,48.51,aaf2481f83605d17a027d6c98a4618de9fb62532
2374.jpg,localtourism,ec4e5c40-d5fa-4094-85ad-51ee34f84bf5,Tanah Lot,flickr,m4sh.3d,https://www.flickr.com/photos/25117919@N06/6004756236,https://live.staticflickr.com/6139/6004756236_1d023e60a9_b.jpg,by-sa,2.0,https://creativecommons.org/licenses/by-sa/2.0/,Tanah Lot,1024,680,768,510,68.753,9259230b2aa18bd870d846504e7152c75cc36db6
2376.jpg,localtourism,fd4c6c68-27e0-4509-9ea2-131434b8b711,Tanah Lot / Bali Temple On The Rock,flickr,kevinpoh,https://www.flickr.com/photos/7679455@N03/6779371066,https://live.staticflickr.com/7200/6779371066_42d35cc926_b.jpg,by,2.0,https://creativecommons.org/licenses/by/2.0/,Tanah Lot,1024,768,768,576,56.301,bde074363d51bcad34465c09f07e8abb79cd0f5b
2378.jpg,localtourism,54b8a537-c650-4b57-a26a-f43d35a225a8,Pura Tanah Lot,flickr,Jos Dielis,https://www.flickr.com/photos/7744067@N03/3866530603,https://live.staticflickr.com/3425/3866530603_61682288ec.jpg,by,2.0,https://creativecommons.org/licenses/by/2.0/,Tanah Lot,339,500,339,500,79.265,529d99b3df47abc769cf9090bc4d8151ffca42a1
2380.jpg,localtourism,6447faf7-fd3b-472f-86bf-e3e53992ad9b,Pura Tanah Lot,flickr,Jos Dielis,https://www.flickr.com/photos/7744067@N03/3867313312,https://live.staticflickr.com/2452/3867313312_96e59a8e79.jpg,by,2.0,https://creativecommons.org/licenses/by/2.0/,Tanah Lot,339,499,339,499,73.184,5bd6a9962f750f9b85a9c24905ed1791fff21baf
2377.jpg,localtourism,65a6c93c-430d-43cb-8693-66725ae3c735,Tanah Lot,flickr,yogisalomo,https://www.flickr.com/photos/155414514@N02/35121279105,https://live.staticflickr.com/4227/35121279105_9082b0ef52_b.jpg,by,2.0,https://creativecommons.org/licenses/by/2.0/,Tanah Lot,1023,553,768,415,57.223,81d9eae401a9e0e30c9ce6e97f71369115499948
2379.jpg,localtourism,bfbb859d-c03c-449a-a3d0-b85bc9dc45a4,Tanah Lot,flickr,TeddyBuddy44,https://www.flickr.com/photos/135673958@N05/29689161772,https://live.staticflickr.com/8782/29689161772_6640d7796f_b.jpg,by-sa,2.0,https://creativecommons.org/licenses/by-sa/2.0/,Tanah Lot,1023,649,768,487,39.142,45e00f62728d4b3814e1e70d6dbaf633bce3e9fe
2385.jpg,localtourism,85687140-c4c6-447a-b4f3-0d25f467bc85,"Tanah Lot Temple - Bali, photographed by JavaTourism.com",flickr,java tourism,https://www.flickr.com/photos/22371164@N02/2192629835,https://live.staticflickr.com/2145/2192629835_3c48b34c45.jpg,by,2.0,https://creativecommons.org/licenses/by/2.0/,Tanah Lot,500,375,500,375,55.248,196030e8312aec195c5926a53193a835e1dc0665
2382.jpg,localtourism,8c00be42-59d6-4cbb-aeca-a603021f6e08,Tanah Lot Temple,flickr,mgphotography.uk,https://www.flickr.com/photos/125524084@N08/48161773961,https://live.staticflickr.com/65535/48161773961_3eda39e224_b.jpg,by,2.0,https://creativecommons.org/licenses/by/2.0/,Tanah Lot,1024,576,768,432,60.217,296a16f466a41545e8d9235fb7fc9f1261146350
2383.jpg,localtourism,b58de741-5a5a-4cf2-a6c1-7ad8546ffad6,tanah lot,flickr,rollanb,https://www.flickr.com/photos/25866036@N05/2940026160,https://live.staticflickr.com/3206/2940026160_33552edbc0_b.jpg,by-sa,2.0,https://creativecommons.org/licenses/by-sa/2.0/,Tanah Lot,1024,681,768,511,54.987,2c7fdf0163f6192c2b371bf23d30067343fe83f1
2387.jpg,localtourism,5700c9d1-1dd8-47fc-9086-aad33da823d2,Pura Tanah Lot,flickr,Jos Dielis,https://www.flickr.com/photos/7744067@N03/3867311472,https://live.staticflickr.com/3432/3867311472_db789477dd.jpg,by,2.0,https://creativecommons.org/licenses/by/2.0/,Tanah Lot,339,499,339,499,80.773,8cd038d3b4620bfb3543c76dfbfb2ce09b00ca02
2381.jpg,localtourism,0e92f10f-857c-4066-9701-16cbb7e92de3,Tanah Lot From the Distance,flickr,d10n2000,https://www.flickr.com/photos/98071575@N00/203805015,https://live.staticflickr.com/60/203805015_1c655e7807_b.jpg,by,2.0,https://creativecommons.org/licenses/by/2.0/,Tanah Lot,1024,683,768,512,63.5,246430744626c0eac28df6b7eccd46af9aaa7e35
2392.jpg,localtourism,ae1c2175-f494-4fbd-b7ac-bee70c004b5a,Tanah Lot Temple,flickr,elvranharris,https://www.flickr.com/photos/12965899@N00/2963026659,https://live.staticflickr.com/3199/2963026659_7bee0ae270_b.jpg,by-sa,2.0,https://creativecommons.org/licenses/by-sa/2.0/,Tanah Lot,1023,685,768,514,24.055,6db3599b82684fe006e593f1f35dc7c321829d68
2391.jpg,localtourism,cc8d86c8-cbae-489c-adac-9cebce822bb8,tanah lot,flickr,rollanb,https://www.flickr.com/photos/25866036@N05/2939171247,https://live.staticflickr.com/3163/2939171247_fe3129390d_b.jpg,by-sa,2.0,https://creativecommons.org/licenses/by-sa/2.0/,Tanah Lot,681,1024,511,768,22.631,10c10a39cf7cbdf23a10f97e1a730b48386436dd
2384.jpg,localtourism,042f1025-4882-4575-9cb0-2e5d52c68e51,Pura tanah lot / バリ島 タナロット寺院,flickr,koni_aiko,https://www.flickr.com/photos/64793748@N02/8435213528,https://live.staticflickr.com/8051/8435213528_10ea5788f9_b.jpg,by,2.0,https://creativecommons.org/licenses/by/2.0/,Tanah Lot,1024,768,768,576,42.537,043569297fe0432a34b52f29c10a90778008c6cb
2389.jpg,localtourism,20eb2fe4-2d15-43fc-acf4-cf483a4385bd,Pura Tanah Lot,flickr,Jos Dielis,https://www.flickr.com/photos/7744067@N03/3866528487,https://live.staticflickr.com/3425/3866528487_b7b626cc57.jpg,by,2.0,https://creativecommons.org/licenses/by/2.0/,Tanah Lot,499,339,499,339,71.501,3175f2d6ed6bd4717ca885331793ea5a29c60ca1
2386.jpg,localtourism,3bc4a5b9-db40-4535-84eb-0ef913932a48,Tanah lot à Bali,flickr,marthelelièvre,https://www.flickr.com/photos/127683502@N02/16141037952,https://live.staticflickr.com/8648/16141037952_5cf2e79887_b.jpg,by-sa,2.0,https://creativecommons.org/licenses/by-sa/2.0/,Tanah Lot,1023,769,768,577,67.475,a1b4f4f80744aa88b4225e1d57703ab1f7a0e5a5
2390.jpg,localtourism,878cfb7f-8b03-40ad-8146-f5b71e82901b,Tanah Lot surf,flickr,Aidan-Sally,https://www.flickr.com/photos/74832009@N00/5977580640,https://live.staticflickr.com/6024/5977580640_2566707c61_b.jpg,by-sa,2.0,https://creativecommons.org/licenses/by-sa/2.0/,Tanah Lot,1024,684,768,513,59.576,8ea1f1583b380d9a70b6e6426f51a508d3922fd1
2393.jpg,localtourism,07040910-e9e7-4875-8932-2e6bb7d248af,Tanah Lot,flickr,Jorge Franganillo,https://www.flickr.com/photos/46191841@N00/46995595342,https://live.staticflickr.com/7871/46995595342_7f3ee6374d_b.jpg,by,2.0,https://creativecommons.org/licenses/by/2.0/,Tanah Lot,1024,683,768,512,45.897,6135866642272590cf94b8ee13aabc3732c1a58f
2394.jpg,localtourism,756aa63c-684d-49fc-8965-60406e010403,Nyepi at Tanah Lot,flickr,Catriona Ward,https://www.flickr.com/photos/56890040@N05/5714872540,https://live.staticflickr.com/2741/5714872540_c0735470a6_b.jpg,by-sa,2.0,https://creativecommons.org/licenses/by-sa/2.0/,Tanah Lot,1000,667,768,512,41.784,29a84b1158fb82c197a14b43a6f27a2d1ad91c52
2388.jpg,localtourism,61a6118a-e7ee-471a-aef7-9285b2aa8613,Pura Tanah Lot,flickr,Jos Dielis,https://www.flickr.com/photos/7744067@N03/3867313860,https://live.staticflickr.com/3455/3867313860_6fc71b842b.jpg,by,2.0,https://creativecommons.org/licenses/by/2.0/,Tanah Lot,339,499,339,499,61.925,735bdc47a04be946d33f2b21011d6b220d93e069
2396.jpg,localtourism,65dcf8dc-6787-4952-9beb-9ed21cc57673,"At Tanah Lot, Bali.",flickr,hairibaba,https://www.flickr.com/photos/19329782@N05/14147271316,https://live.staticflickr.com/2901/14147271316_b180ac4182_b.jpg,by,2.0,https://creativecommons.org/licenses/by/2.0/,Tanah Lot,1024,683,768,512,28.912,36a3a9261b1fbdebd99e81fb459474b846fd2fa0
2395.jpg,localtourism,0e257997-c546-43c3-a999-24c24e913fa9,Stunning sunset at Tanah Lot,flickr,Adam Lai,https://www.flickr.com/photos/98402793@N00/3763508675,https://live.staticflickr.com/2675/3763508675_7dea9c05b5_b.jpg,by,2.0,https://creativecommons.org/licenses/by/2.0/,Tanah Lot,1023,685,768,514,19.479,dcf48b7369cba888d8adf0a2a5d36df6584222f6
2397.jpg,localtourism,66d59f84-0737-42b8-8932-547d08998cf2,tanah lot,flickr,rollanb,https://www.flickr.com/photos/25866036@N05/2940027256,https://live.staticflickr.com/3217/2940027256_62c1e81970_b.jpg,by-sa,2.0,https://creativecommons.org/licenses/by-sa/2.0/,Tanah Lot,681,1024,511,768,52.542,9ef72987fd85b1d6123ee23cf74e70b9e79577c9
2398.jpg,localtourism,95cd47b0-97f4-411e-b1ef-7fe83dbdd12a,Tanah Lot - Snake,flickr,savanna-smiles,https://www.flickr.com/photos/54738372@N00/3671203408,https://live.staticflickr.com/3370/3671203408_0ba3ae547c_b.jpg,by-sa,2.0,https://creativecommons.org/licenses/by-sa/2.0/,Tanah Lot,1023,685,768,514,19.197,a41a4faa7c16e3b6966ec78deb4495109e448459
2401.jpg,localtourism,25b548b9-9c21-4be5-9c97-e63438f3bf66,Sunset at Tanah Lot,flickr,remy.becher,https://www.flickr.com/photos/8288510@N06/2728909928,https://live.staticflickr.com/2308/2728909928_799c950af4_b.jpg,by,2.0,https://creativecommons.org/licenses/by/2.0/,Tanah Lot,1024,683,768,512,26.936,9bf7432cd63f7184e775670695b662d6efe04c30
2400.jpg,localtourism,9a6aa1e7-6b6c-412d-ac3d-309eca7d573b,"Spirit Statue Outside Tanah Lot Temple, Bali",flickr,HeyItsWilliam,https://www.flickr.com/photos/40477905@N05/13968756276,https://live.staticflickr.com/7375/13968756276_43f4895d46_b.jpg,by,2.0,https://creativecommons.org/licenses/by/2.0/,Tanah Lot,1024,768,768,576,51.83,d53267c19800c8bfe8fa384455b9069358a39cc4
2402.jpg,localtourism,7c0a5b34-c9d2-4140-9df7-ce00377ee2e5,Tanah Lot,flickr,Jumilla,https://www.flickr.com/photos/70363447@N03/16766449532,https://live.staticflickr.com/7655/16766449532_6f689f1310_b.jpg,by,2.0,https://creativecommons.org/licenses/by/2.0/,Tanah Lot,1024,768,768,576,58.064,8f38d20081b3a1664346bc8b038db4dbdc6f4a79
2399.jpg,localtourism,67333095-7d34-4972-a777-0d3b2231a1ee,Stunning sunset at Tanah Lot,flickr,Adam Lai,https://www.flickr.com/photos/98402793@N00/3763480413,https://live.staticflickr.com/3561/3763480413_d50d3f6f48_b.jpg,by,2.0,https://creativecommons.org/licenses/by/2.0/,Tanah Lot,1023,685,768,514,27.431,f607e62c01046623b0707d13bfec248a6b5d6bbb
2404.jpg,localtourism,583da3a0-e94c-45ff-adb2-d65b4ac4a034,Tanah lot à Bali,flickr,marthelelièvre,https://www.flickr.com/photos/127683502@N02/16139885851,https://live.staticflickr.com/8623/16139885851_e1cc28e675_b.jpg,by-sa,2.0,https://creativecommons.org/licenses/by-sa/2.0/,Tanah Lot,1024,769,768,577,49.085,de7e088d1969f8718bfe5f07c279137f134e25ca
2410.jpg,localtourism,3b18226b-ad89-415e-b5ba-121270a0fa9b,Tanah Lot,flickr,Fathzer,https://www.flickr.com/photos/34838643@N00/38464692716,https://live.staticflickr.com/4520/38464692716_d6cbf37b54_b.jpg,by-sa,2.0,https://creativecommons.org/licenses/by-sa/2.0/,Tanah Lot,1024,576,768,432,26.854,ba3da0e729cf2a40981e84016f74cccf4bca990a
2403.jpg,localtourism,6c29ef62-7241-4e6d-8314-5339607e3e9d,Tanah Lot,flickr,nerdwithoutglasses,https://www.flickr.com/photos/30392243@N00/1916427777,https://live.staticflickr.com/2095/1916427777_3f29281503_b.jpg,by,2.0,https://creativecommons.org/licenses/by/2.0/,Tanah Lot,1024,768,768,576,19.213,ebec230ed15ae5952b0d504f328e26839eaaa70a
2408.jpg,localtourism,6e020881-5bec-4b2c-91d3-1383f30f1877,Tanah Lot Temple (Pura Tanah Lot) - Bali - Indonesia,flickr,Will Anderson Photographs,https://www.flickr.com/photos/128433076@N04/17754454140,https://live.staticflickr.com/5346/17754454140_33b2c4f421_b.jpg,by-sa,2.0,https://creativecommons.org/licenses/by-sa/2.0/,Tanah Lot,683,1024,512,768,17.985,00c4a90ac6f4bc9a275113bba9a2bf3b9fc2362f
2407.jpg,localtourism,71c9ac6f-d742-425e-ab1f-dfcee11eda38,"Tanah Lot Temple, Bali, Indonesia",flickr,HeyItsWilliam,https://www.flickr.com/photos/40477905@N05/13988597241,https://live.staticflickr.com/7122/13988597241_d126de83f2_b.jpg,by,2.0,https://creativecommons.org/licenses/by/2.0/,Tanah Lot,1024,528,768,396,55.186,2921e0b7cf8a2fb4d8084367f36a4a2dd7dbfea7
2405.jpg,localtourism,83b9d735-5c25-4497-91ec-acf5a5fd7908,Tanah Lot,flickr,Catriona Ward,https://www.flickr.com/photos/56890040@N05/5714311111,https://live.staticflickr.com/3480/5714311111_ec43506743_b.jpg,by-sa,2.0,https://creativecommons.org/licenses/by-sa/2.0/,Tanah Lot,1000,667,768,512,54.108,0f1ff5c1c0f40f1512839e984401d7cb13bcb438
2412.jpg,localtourism,c7f3fd2b-4f9d-42c5-9021-5dce1db85fcd,Sunset at Tanah LOT,flickr,madtadi,https://www.flickr.com/photos/22394418@N05/2225542804,https://live.staticflickr.com/2147/2225542804_7296084605_b.jpg,by,2.0,https://creativecommons.org/licenses/by/2.0/,Tanah Lot,724,1024,543,768,33.148,4a96f866e1cc0eae2fe18ccfc76aee5374e7acc3
2413.jpg,localtourism,6cf95ef6-1bb1-4d0a-8b8f-21943f50fc7e,Temple de Tanah Lot,flickr,jfgornet,https://www.flickr.com/photos/43896901@N00/8592039840,https://live.staticflickr.com/8506/8592039840_bffd441133_b.jpg,by-sa,2.0,https://creativecommons.org/licenses/by-sa/2.0/,Tanah Lot,1024,696,768,522,50.661,0b0597f575eee20529da5dd306ab34c042c63be0
2409.jpg,localtourism,ede781b2-940c-4a1d-9bdb-e850ed0411b1,Tanah Lot,flickr,rollanb,https://www.flickr.com/photos/25866036@N05/3369215459,https://live.staticflickr.com/3466/3369215459_8531298f9d_b.jpg,by-sa,2.0,https://creativecommons.org/licenses/by-sa/2.0/,Tanah Lot,1024,681,768,511,42.379,9cb51139fa0e18e34de42413b3910da95c1193cb
2406.jpg,localtourism,f16bfa5f-2823-47b9-a6cb-62ab75b9cf47,Pura Tanah Lot,flickr,Batubara Ismail Rahmat,https://www.flickr.com/photos/39149148@N07/3666841039,https://live.staticflickr.com/3642/3666841039_3cd8fd14e6_b.jpg,by,2.0,https://creativecommons.org/licenses/by/2.0/,Tanah Lot,1024,680,768,510,50.995,5a8f52cb8fe4fe05062738a757939dac652cd2cc
2411.jpg,localtourism,99948d88-afe5-4cfb-ba65-6501fc8004b4,"Tanah Lot, Bali",flickr,grahamhills,https://www.flickr.com/photos/34087769@N06/5968566523,https://live.staticflickr.com/6131/5968566523_82d581ed29_b.jpg,by,2.0,https://creativecommons.org/licenses/by/2.0/,Tanah Lot,1024,680,768,510,49.114,8b9e41fab3477e5478eb2b172cef71a12b091f5b
2415.jpg,localtourism,184534de-aa7e-4ac2-8b8c-debe38c8ffd8,Tanah Lot,flickr,Phillie Casablanca,https://www.flickr.com/photos/19451080@N00/8032575769,https://live.staticflickr.com/8038/8032575769_8d18770632_b.jpg,by,2.0,https://creativecommons.org/licenses/by/2.0/,Tanah Lot,1024,768,768,576,39.857,29665e028ed527d2ead740b7b83e2dc2534ffdcf
2414.jpg,localtourism,54d5d7fa-f5ec-4fe5-93b6-48794b10b9a2,Tanah Lot,flickr,DarienGS,https://www.flickr.com/photos/27788260@N05/15275530786,https://live.staticflickr.com/5582/15275530786_c1ac99bc90_b.jpg,by,2.0,https://creativecommons.org/licenses/by/2.0/,Tanah Lot,1024,684,768,513,48.628,8050dab704991e633af476d27b913f90685325a1
2416.jpg,localtourism,3b8b1b4a-13e1-4c19-a45f-6698ae8d36b6,The color of the seawater nearby Tanah Lot in Bali,flickr,cnneil,https://www.flickr.com/photos/62510930@N07/6792384230,https://live.staticflickr.com/7210/6792384230_b1141cee9a_b.jpg,by-sa,2.0,https://creativecommons.org/licenses/by-sa/2.0/,Tanah Lot,1023,681,768,511,42.46,fe121cfb066b978b091ad65d04ed3c5d72bed997
2417.jpg,localtourism,0c0933b6-eba0-49c3-a3e3-91703ac88e31,tanah lot,flickr,savanna-smiles,https://www.flickr.com/photos/54738372@N00/3699155263,https://live.staticflickr.com/3447/3699155263_1cfda1117a_b.jpg,by-sa,2.0,https://creativecommons.org/licenses/by-sa/2.0/,Tanah Lot,1024,685,768,514,24.975,dd69555d71833f567b8f2fbd547e16edc00e7c97
2425.jpg,localtourism,d924a735-41fe-4848-a52f-688d0e467d6a,Tanah lot Bali,flickr,marthelelièvre,https://www.flickr.com/photos/127683502@N02/15956047627,https://live.staticflickr.com/7536/15956047627_afe8195b80_b.jpg,by-sa,2.0,https://creativecommons.org/licenses/by-sa/2.0/,Tanah Lot,1024,768,768,576,36.551,2aeca875116d7936d2bff92b8fb477bc4b3c7d0f
2431.jpg,localtourism,3dfec1c9-1d15-436d-9f7b-df866d6c9817,Pura tanah lot / バリ島 タナロット寺院,flickr,koni_aiko,https://www.flickr.com/photos/64793748@N02/8434128771,https://live.staticflickr.com/8221/8434128771_8b50621034_b.jpg,by,2.0,https://creativecommons.org/licenses/by/2.0/,Tanah Lot,1024,683,768,512,33.068,a04b0bf40c1971262b7b76940fd3561c854c38ee
2426.jpg,localtourism,887a74ba-10af-4f81-9417-69bbe22fb0b3,Tanah Lot,flickr,Aleksandr Zykov,https://www.flickr.com/photos/84292292@N00/15197661152,https://live.staticflickr.com/5575/15197661152_07aede6d90_b.jpg,by-sa,2.0,https://creativecommons.org/licenses/by-sa/2.0/,Tanah Lot,1024,680,768,510,39.252,671ba0e27f0e4ec2ffbb03b3a854a07718228604
2429.jpg,localtourism,667b11d8-5292-4d0b-8235-a6abbb5e266a,2000 #314-7 Bali Tanah Lot,flickr,Dan Lundberg,https://www.flickr.com/photos/9508280@N07/5069466120,https://live.staticflickr.com/4109/5069466120_529b26cfd3_b.jpg,by-sa,2.0,https://creativecommons.org/licenses/by-sa/2.0/,Tanah Lot,1023,630,768,473,78.629,efdadf2787b9cabe96566e934e4e3f98acde29aa
2432.jpg,localtourism,dfd66e86-e162-4ba5-a7be-1e487c1921be,Made Pong @ Tanah Lot,flickr,rollanb,https://www.flickr.com/photos/25866036@N05/3370017092,https://live.staticflickr.com/3589/3370017092_e9d64e5f3a_b.jpg,by-sa,2.0,https://creativecommons.org/licenses/by-sa/2.0/,Tanah Lot,1024,681,768,511,44.899,95f02946786c6ac0901f4b1b02b725cb179ab98e
2433.jpg,localtourism,c63ef0b3-bf5a-407d-aed0-84cf06cddebf,We now hit the beautiful Tanah Lot shore temple,flickr,shankar s.,https://www.flickr.com/photos/77742560@N06/45375803304,https://live.staticflickr.com/4899/45375803304_62223f6a03_b.jpg,by,2.0,https://creativecommons.org/licenses/by/2.0/,Tanah Lot,1024,684,768,513,72.842,c61b36f3b51ccdf8a73e31d71b107563fd930552
2430.jpg,localtourism,8c9c67d3-80d6-40f6-b3a6-718cbd79918f,Tanah Lot,flickr,tschloss,https://www.flickr.com/photos/27166091@N00/15792115391,https://live.staticflickr.com/5611/15792115391_4602fab99a_b.jpg,by,2.0,https://creativecommons.org/licenses/by/2.0/,Tanah Lot,1024,768,768,576,59.151,423da7757a0cf1e6b10c20c5655b08fcad5f6115
2424.jpg,localtourism,04b87530-7eb0-453e-8303-51de3ed2cef1,Tanah Lot,flickr,jhecking,https://www.flickr.com/photos/27844104@N00/23891022701,https://live.staticflickr.com/5836/23891022701_fccfa28a48_b.jpg,by-sa,2.0,https://creativecommons.org/licenses/by-sa/2.0/,Tanah Lot,1023,485,768,364,58.116,de4698d6b5b639764801c539efc19fa60159bf5f
2428.jpg,localtourism,f0117afb-be7a-457c-a6ab-1103232db790,Stunning sunset at Tanah Lot,flickr,Adam Lai,https://www.flickr.com/photos/98402793@N00/3764343640,https://live.staticflickr.com/3476/3764343640_ae98aefd8d_b.jpg,by,2.0,https://creativecommons.org/licenses/by/2.0/,Tanah Lot,1023,685,768,514,23.645,c20c725acb9aefad5650c1bb4871ec2473a81f1b
2427.jpg,localtourism,1b43b90c-7afc-492c-8bf2-4d8d61027417,Tanah Lot,flickr,nerdwithoutglasses,https://www.flickr.com/photos/30392243@N00/1917262458,https://live.staticflickr.com/2074/1917262458_36a629b22c_b.jpg,by,2.0,https://creativecommons.org/licenses/by/2.0/,Tanah Lot,768,1024,576,768,52.194,f31f1ee85fa4d877b7dc0141e0cd83a1fe665349
2435.jpg,localtourism,63bdf900-7851-484e-b843-389f448af23e,tanah lot sunset,flickr,rollanb,https://www.flickr.com/photos/25866036@N05/2939174357,https://live.staticflickr.com/3051/2939174357_b8776fac5f_b.jpg,by-sa,2.0,https://creativecommons.org/licenses/by-sa/2.0/,Tanah Lot,1024,681,768,511,15.131,3380dc357f84717d2b25ccbe39e979e260694327
2436.jpg,localtourism,2b948cee-8a1e-43fa-a892-9ecd09d8c2a3,Worshippers @ tanah lot,flickr,rollanb,https://www.flickr.com/photos/25866036@N05/3370038420,https://live.staticflickr.com/3598/3370038420_bd69cbe2e0_b.jpg,by-sa,2.0,https://creativecommons.org/licenses/by-sa/2.0/,Tanah Lot,1024,681,768,511,27.712,8196584acb9dc075e6a3e009533c98da39305dd4
2434.jpg,localtourism,05ef5b7c-5ae9-4f75-b05a-13e9b0f081a8,Tanah Lot - Le Meridien,flickr,Catriona Ward,https://www.flickr.com/photos/56890040@N05/5714310989,https://live.staticflickr.com/2540/5714310989_e6b04b0b1d_b.jpg,by-sa,2.0,https://creativecommons.org/licenses/by-sa/2.0/,Tanah Lot,1000,667,768,512,43.759,702154744a0fe6350241a89967847fba637f0b0d
2437.jpg,localtourism,80b9309b-4713-45cf-9120-088bbbc93554,"Golf at Nirwana Tanah Lot Resort. Bali, Indonesia.",flickr,juanma.,https://www.flickr.com/photos/17366406@N00/8208492107,https://live.staticflickr.com/8208/8208492107_a7984ebcf8.jpg,by-sa,2.0,https://creativecommons.org/licenses/by-sa/2.0/,Tanah Lot,375,500,375,500,54.272,a17ffc2f08a9ca6ccb3c7c6a9185257e8dbf214e
2438.jpg,localtourism,8f74f72c-e8f0-4789-b909-a8c9cb19656b,Tanah Lot,flickr,Aleksandr Zykov,https://www.flickr.com/photos/84292292@N00/15011464748,https://live.staticflickr.com/3882/15011464748_ac693e6241_b.jpg,by-sa,2.0,https://creativecommons.org/licenses/by-sa/2.0/,Tanah Lot,1024,680,768,510,38.538,f88234807476466c1ebcdb95d767141486407c59
2439.jpg,localtourism,b0ccb21f-cbea-44db-af5c-06053e115816,Tanah Lot,flickr,Aleksandr Zykov,https://www.flickr.com/photos/84292292@N00/15195156201,https://live.staticflickr.com/5584/15195156201_97b947b89f_b.jpg,by-sa,2.0,https://creativecommons.org/licenses/by-sa/2.0/,Tanah Lot,1024,680,768,510,48.79,3e9522ebc80d7e39a04a2e8708f2fbf60ca418cc
2440.jpg,localtourism,f2d8fe4c-8e40-4bbb-94d9-1f76adbbf32a,2000 #314-11 Bali Tanah Lot,flickr,Dan Lundberg,https://www.flickr.com/photos/9508280@N07/5069466668,https://live.staticflickr.com/4112/5069466668_0be8eecddc_b.jpg,by-sa,2.0,https://creativecommons.org/licenses/by-sa/2.0/,Tanah Lot,1023,631,768,474,72.863,ccfd47da58a5a90c774add2ea4a273d531e83596
2442.jpg,localtourism,9739707c-a24f-4473-a2f2-1b666f5ec044,Tanah Lot,flickr,Aleksandr Zykov,https://www.flickr.com/photos/84292292@N00/15195142461,https://live.staticflickr.com/5573/15195142461_f4c0a4747a_b.jpg,by-sa,2.0,https://creativecommons.org/licenses/by-sa/2.0/,Tanah Lot,1024,680,768,510,42.913,711c187344f4583d0f02675105c04e57f8c8d477
2443.jpg,localtourism,ca1bf4a2-c6e8-4512-b41b-d44d4c61aefd,Tanah Lot,flickr,Aleksandr Zykov,https://www.flickr.com/photos/84292292@N00/15011377627,https://live.staticflickr.com/3872/15011377627_367a5ff9f0_b.jpg,by-sa,2.0,https://creativecommons.org/licenses/by-sa/2.0/,Tanah Lot,1024,680,768,510,53.807,7687bf497c76047457b0aaf4077c023be4d604c1
2441.jpg,localtourism,48b48279-47ae-44f1-87a6-5013afba26e3,Tanah Lot,flickr,Aleksandr Zykov,https://www.flickr.com/photos/84292292@N00/15198188585,https://live.staticflickr.com/3842/15198188585_fb57d4d4b2_b.jpg,by-sa,2.0,https://creativecommons.org/licenses/by-sa/2.0/,Tanah Lot,1024,680,768,510,53.929,a4ae305e8e961a4ebafa037846b80711ed53190f
2445.jpg,localtourism,814dbfba-4615-4077-a460-561b36c52ec1,Tanah Lot,flickr,+mingwei+,https://www.flickr.com/photos/82931088@N00/5967040247,https://live.staticflickr.com/6006/5967040247_b9363016c6_b.jpg,by,2.0,https://creativecommons.org/licenses/by/2.0/,Tanah Lot,1023,521,768,391,28.941,cd4420d1ac2957c0f5bbdddd3e9daa3af437bb6a
2444.jpg,localtourism,6e04d805-b683-42f2-ab35-94b4284e4039,Tanah Lot,flickr,Omar Le Fou,https://www.flickr.com/photos/28910423@N04/12967383084,https://live.staticflickr.com/7403/12967383084_b240191f16_b.jpg,by,2.0,https://creativecommons.org/licenses/by/2.0/,Tanah Lot,1024,683,768,512,38.189,426ea43393bc4cc98990ef03d5ba4c53b92279e5
2447.jpg,localtourism,5c35ad17-86d2-4639-8795-242597792aa2,Tanah Lot Temple Sunset 2,flickr,Aidan-Sally,https://www.flickr.com/photos/74832009@N00/5980375690,https://live.staticflickr.com/6150/5980375690_fa32bc76f6_b.jpg,by-sa,2.0,https://creativecommons.org/licenses/by-sa/2.0/,Tanah Lot,1024,684,768,513,25.647,2fcffd0e7c9005a9fcc5f56f7858a760d5f6214d
2446.jpg,localtourism,41f13c68-5ae0-4386-814e-6d71df0e6ba4,"Tanah Lot Temple, Bali",flickr,EkpLo,https://www.flickr.com/photos/52062351@N06/13319826633,https://live.staticflickr.com/7083/13319826633_46216121b3_b.jpg,by,2.0,https://creativecommons.org/licenses/by/2.0/,Tanah Lot,1024,768,768,576,66.93,162f29ed63d77ed324a6c65fe252df5e9887fbc7
2449.jpg,localtourism,d4928f3d-5b33-4e45-b8eb-501b39fb0ad6,Tanah Lot,flickr,Aleksandr Zykov,https://www.flickr.com/photos/84292292@N00/15011349290,https://live.staticflickr.com/5558/15011349290_73ee77940e_b.jpg,by-sa,2.0,https://creativecommons.org/licenses/by-sa/2.0/,Tanah Lot,1024,680,768,510,59.692,0b9167c6707241a0d758b7b35f3d005d4bc09318
2448.jpg,localtourism,33807be5-b5cf-4206-a138-c60f82f47daf,Tanah Lot,flickr,Aleksandr Zykov,https://www.flickr.com/photos/84292292@N00/15011615257,https://live.staticflickr.com/3851/15011615257_8d7bc0eb7b_b.jpg,by-sa,2.0,https://creativecommons.org/licenses/by-sa/2.0/,Tanah Lot,1024,680,768,510,51.237,ddde8491511f39d7aef5d9b622bb93b76adc6b40
2450.jpg,localtourism,da67be73-e564-4899-b4f7-d9d7f1a1bde7,on the way to tanah lot,flickr,rollanb,https://www.flickr.com/photos/25866036@N05/2940022864,https://live.staticflickr.com/3040/2940022864_1d256868bc_b.jpg,by-sa,2.0,https://creativecommons.org/licenses/by-sa/2.0/,Tanah Lot,1024,681,768,511,34.723,110cbe10b37c2b024012a242fe39478a3705be48
2451.jpg,localtourism,29e6e3a0-b6fe-4feb-b539-c7e3ad90052f,Tanah Lot,flickr,Aleksandr Zykov,https://www.flickr.com/photos/84292292@N00/15011331510,https://live.staticflickr.com/3902/15011331510_ee6810366a_b.jpg,by-sa,2.0,https://creativecommons.org/licenses/by-sa/2.0/,Tanah Lot,1024,680,768,510,33.452,7e9859777b1f9d71c65685fcbd16a83754386de0
2452.jpg,localtourism,1d9e03bc-89ec-4ba1-987d-c995eafb2db8,Tanah Lot,flickr,Aleksandr Zykov,https://www.flickr.com/photos/84292292@N00/15197805242,https://live.staticflickr.com/3925/15197805242_7f6c491300_b.jpg,by-sa,2.0,https://creativecommons.org/licenses/by-sa/2.0/,Tanah Lot,1024,680,768,510,34.141,633777eb59b700c96cab7891585130e2d02b1380
2454.jpg,localtourism,944c25af-0049-40f7-8d5d-ad6b91993833,Surfing at Tanah Lot,flickr,Aidan-Sally,https://www.flickr.com/photos/74832009@N00/5977007079,https://live.staticflickr.com/6126/5977007079_91ebf94ab9_b.jpg,by-sa,2.0,https://creativecommons.org/licenses/by-sa/2.0/,Tanah Lot,1024,685,768,514,35.399,1510a6dc096a4e74c8c945c5b2b92fd0ba5bb639
2453.jpg,localtourism,482f6dee-f336-46f8-8910-17c020000427,Tanah Lot,flickr,Aleksandr Zykov,https://www.flickr.com/photos/84292292@N00/15175169596,https://live.staticflickr.com/5567/15175169596_acae21c15c_b.jpg,by-sa,2.0,https://creativecommons.org/licenses/by-sa/2.0/,Tanah Lot,1024,680,768,510,68.35,db7e86de9166b13f5b1522e320f5b253e58bf226
2455.jpg,localtourism,1915285e-f898-4bca-80c0-029661ace591,Burning Sunset at Tanah Lot Wave,flickr,Zexsen,https://www.flickr.com/photos/81584368@N07/14218746578,https://live.staticflickr.com/2912/14218746578_428117055e_b.jpg,by,2.0,https://creativecommons.org/licenses/by/2.0/,Tanah Lot,1024,683,768,512,29.477,ab81d8f3ee7b42eadab1ac816ba2318768f25f29
2457.jpg,localtourism,3f45406b-cd18-4b6b-9277-ea5abe3b05c1,Tanah Lot rays,flickr,Zexsen,https://www.flickr.com/photos/81584368@N07/14404037782,https://live.staticflickr.com/3907/14404037782_7ee6f3cafb_b.jpg,by,2.0,https://creativecommons.org/licenses/by/2.0/,Tanah Lot,1024,683,768,512,46.694,695f488ac57f59c17cfc8f55f9e160841f2f6719
2459.jpg,localtourism,f49faeb8-a1da-4c2c-a6a8-0fa1af375305,Tanah Lot,flickr,Aleksandr Zykov,https://www.flickr.com/photos/84292292@N00/15197786472,https://live.staticflickr.com/3894/15197786472_99c14e9266_b.jpg,by-sa,2.0,https://creativecommons.org/licenses/by-sa/2.0/,Tanah Lot,1024,680,768,510,55.005,1c2e2b7e1d074d3bc3e1be0d8f6e7182b26737f2
2458.jpg,localtourism,e690b515-d880-40f7-8901-6ce4a1f9db96,Tanah Lot,flickr,JNJ@PhotoStream,https://www.flickr.com/photos/59271951@N08/8333090736,https://live.staticflickr.com/8494/8333090736_93ea610f2f_b.jpg,by,2.0,https://creativecommons.org/licenses/by/2.0/,Tanah Lot,1024,683,768,512,32.174,f16a75f8d5d75945ba30da04b88290082bbdfb07
2456.jpg,localtourism,6e546d1c-7717-4c17-84dd-328ea23d1231,Tanah Lot,flickr,Aleksandr Zykov,https://www.flickr.com/photos/84292292@N00/15011607507,https://live.staticflickr.com/3857/15011607507_83ba32ca66_b.jpg,by-sa,2.0,https://creativecommons.org/licenses/by-sa/2.0/,Tanah Lot,1024,680,768,510,53.644,ca1271c1a0d37a5832be8f0989a62c925808b58f
2460.jpg,localtourism,913e2324-1fda-415d-8e1c-7105d3e77c00,Tanah lot Bali,flickr,marthelelièvre,https://www.flickr.com/photos/127683502@N02/16139895281,https://live.staticflickr.com/8652/16139895281_ae18468254_b.jpg,by-sa,2.0,https://creativecommons.org/licenses/by-sa/2.0/,Tanah Lot,1024,768,768,576,37.413,5fffa422e6d8523acc0041f7ab30d532961fcc02
2463.jpg,localtourism,ec8feddc-af3e-453f-9dcb-ba2da77dfa94,Tanah Lot,flickr,JNJ@PhotoStream,https://www.flickr.com/photos/59271951@N08/8333092846,https://live.staticflickr.com/8496/8333092846_6093405243_b.jpg,by,2.0,https://creativecommons.org/licenses/by/2.0/,Tanah Lot,1024,683,768,512,27.777,4d0d68098d7493a2fab89c744f42b30275ab72a4
2462.jpg,localtourism,57c57064-f2af-4015-a54b-1c0fa26fe090,Tanah Lot,flickr,tschloss,https://www.flickr.com/photos/27166091@N00/15608828717,https://live.staticflickr.com/7462/15608828717_78e80e1a6d_b.jpg,by,2.0,https://creativecommons.org/licenses/by/2.0/,Tanah Lot,1024,683,768,512,53.991,e26a74df62c9a5d87240fe1ce3c7fa810004b3dc
2461.jpg,localtourism,1139fad1-69c6-44ca-9667-e64769dd8ebc,Tanah Lot,flickr,Aleksandr Zykov,https://www.flickr.com/photos/84292292@N00/15195146761,https://live.staticflickr.com/3871/15195146761_acc037a426_b.jpg,by-sa,2.0,https://creativecommons.org/licenses/by-sa/2.0/,Tanah Lot,1024,680,768,510,44.067,c108066bfd007c15618fd5984960fdbf02bb5bd9
2464.jpg,localtourism,e8c22c45-96dd-4c9e-8d38-2afba156cd5b,Pura Tanah Lot,flickr,BarbicanMan,https://www.flickr.com/photos/25617986@N02/3530265189,https://live.staticflickr.com/2281/3530265189_8947e0560f_b.jpg,by,2.0,https://creativecommons.org/licenses/by/2.0/,Tanah Lot,683,1024,512,768,69.373,151c7f65f88ed142869ad59674917628a1ff009e
2465.jpg,localtourism,3636c6a9-09bd-44a7-8f49-55ac6b2ee6a7,Tanah Lot,flickr,Aleksandr Zykov,https://www.flickr.com/photos/84292292@N00/15198186335,https://live.staticflickr.com/5585/15198186335_5afaf8fc10_b.jpg,by-sa,2.0,https://creativecommons.org/licenses/by-sa/2.0/,Tanah Lot,1024,680,768,510,45.627,054079ff2e378445e6f9f088bbd5c73490d6b127
2467.jpg,localtourism,694c29cb-f082-4cff-a48e-e5f5efbf3a64,Tanah Lot,flickr,tschloss,https://www.flickr.com/photos/27166091@N00/15793993715,https://live.staticflickr.com/7531/15793993715_6db6f76342_b.jpg,by,2.0,https://creativecommons.org/licenses/by/2.0/,Tanah Lot,1024,683,768,512,67.297,102b8c4bce80185aac6a78848aa38b136166c1c1
2466.jpg,localtourism,d55faff0-33a3-4cff-bc12-c311cdb28fd1,Tanah Lot,flickr,Aleksandr Zykov,https://www.flickr.com/photos/84292292@N00/15195128371,https://live.staticflickr.com/3864/15195128371_653fc6c9ca_b.jpg,by-sa,2.0,https://creativecommons.org/licenses/by-sa/2.0/,Tanah Lot,1024,680,768,510,63.115,2139010b110c8444ed01b74c58c24352605899ca
2471.jpg,localtourism,caa1b688-cf61-4436-9ece-f98e2ae60607,Tanah Lot,flickr,tschloss,https://www.flickr.com/photos/27166091@N00/15608828307,https://live.staticflickr.com/5603/15608828307_85eca7c8e6_b.jpg,by,2.0,https://creativecommons.org/licenses/by/2.0/,Tanah Lot,1024,683,768,512,59.333,d7d205be0e0dde88346d68cb0515dca82089e838
2474.jpg,localtourism,f1e511ab-bdeb-461f-9c94-2f902d36e398,Tanah Lot Temple In the night,flickr,purnamajayaphotoart,https://www.flickr.com/photos/103285958@N08/9965637736,https://live.staticflickr.com/2865/9965637736_9367258217.jpg,by,2.0,https://creativecommons.org/licenses/by/2.0/,Tanah Lot,500,333,500,333,40.876,25f574a5ad707be6590c11a1fe2742e4d286f136
2473.jpg,localtourism,e307634d-bf9a-4e6a-b495-97579dda1580,Tanah Lot,flickr,tschloss,https://www.flickr.com/photos/27166091@N00/15609152550,https://live.staticflickr.com/5602/15609152550_4713f5fe24_b.jpg,by,2.0,https://creativecommons.org/licenses/by/2.0/,Tanah Lot,1024,683,768,512,79.014,d18d79d295ff352df9f1067fb6bf31ee9bdbcdf4
2468.jpg,localtourism,4030f43b-10e3-4a48-a9b3-8481e7516cc8,"Tanah Lot, Bali",flickr,grahamhills,https://www.flickr.com/photos/34087769@N06/5968565015,https://live.staticflickr.com/6129/5968565015_2227cecbe0_b.jpg,by,2.0,https://creativecommons.org/licenses/by/2.0/,Tanah Lot,1024,680,768,510,60.767,2e75af741f230f414c291fe9786417bc677092fe
2469.jpg,localtourism,53bd7acc-f04a-476e-b343-7b2fdf1a8e3c,Pura Tanah Lot,flickr,kwanz,https://www.flickr.com/photos/87208311@N00/6349993158,https://live.staticflickr.com/6215/6349993158_08572f6171_b.jpg,by,2.0,https://creativecommons.org/licenses/by/2.0/,Tanah Lot,1023,718,768,539,64.159,a125c16cd947933b8c09abdfcd26093944e89675
2472.jpg,localtourism,273434f7-ce61-4e8f-a63b-a5f220c8f90f,Tanah Lot,flickr,Aleksandr Zykov,https://www.flickr.com/photos/84292292@N00/15011504710,https://live.staticflickr.com/5594/15011504710_6fd0c5652a_b.jpg,by-sa,2.0,https://creativecommons.org/licenses/by-sa/2.0/,Tanah Lot,1024,680,768,510,45.312,2a61a9ebe71ab424c15fe82f956181839e87d257
2475.jpg,localtourism,4ae9d69b-24d3-445a-8a20-493cc20c5416,Pura Tanah Lot,flickr,BarbicanMan,https://www.flickr.com/photos/25617986@N02/3531006770,https://live.staticflickr.com/2290/3531006770_a7226deea5_b.jpg,by,2.0,https://creativecommons.org/licenses/by/2.0/,Tanah Lot,683,1024,512,768,58.686,f64a2be69cded62efae0ce667c4a06a5a5adcc73
2477.jpg,localtourism,ecba50a3-c0a6-4528-9206-c606930f6fa1,Tanah Lot,flickr,+mingwei+,https://www.flickr.com/photos/82931088@N00/5960770649,https://live.staticflickr.com/6127/5960770649_a6dfe8b237_b.jpg,by,2.0,https://creativecommons.org/licenses/by/2.0/,Tanah Lot,690,1023,518,768,52.803,bd19bdc9068035a64ba3663218316649d67a4181
2470.jpg,localtourism,5b6ca281-754e-42c0-b338-e98d6c304ddb,Tanah Lot,flickr,Aleksandr Zykov,https://www.flickr.com/photos/84292292@N00/15175135816,https://live.staticflickr.com/3859/15175135816_2969a2348c_b.jpg,by-sa,2.0,https://creativecommons.org/licenses/by-sa/2.0/,Tanah Lot,1024,680,768,510,52.689,f34063fd5a6d739c2910c944fad285e3d3957e91
2476.jpg,localtourism,d29b8941-d18c-44db-8731-707b31cd4b3e,Tanah Lot,flickr,tschloss,https://www.flickr.com/photos/27166091@N00/15793990875,https://live.staticflickr.com/7512/15793990875_006764f2da_b.jpg,by,2.0,https://creativecommons.org/licenses/by/2.0/,Tanah Lot,1024,768,768,576,47.815,ec56f29eb2a6f497a5d226c3b196a728468deec2
2481.jpg,localtourism,eebad3f7-4512-41b8-9dd0-df73a542b92c,Tanah lot,flickr,marthelelièvre,https://www.flickr.com/photos/127683502@N02/15954518910,https://live.staticflickr.com/7519/15954518910_15307e95a0_b.jpg,by-sa,2.0,https://creativecommons.org/licenses/by-sa/2.0/,Tanah Lot,1023,767,768,576,49.856,67d1f0bda0afc552c37f7a3b83a166c995f8de14
2478.jpg,localtourism,b64e6047-f7a1-40f3-8a41-49c3c29f1de5,Tanah lot,flickr,marthelelièvre,https://www.flickr.com/photos/127683502@N02/15956057237,https://live.staticflickr.com/8584/15956057237_e02d3b1192_b.jpg,by-sa,2.0,https://creativecommons.org/licenses/by-sa/2.0/,Tanah Lot,1024,590,768,443,66.486,dba97c0a5ff8e9af91f04416ef77ed5b0559a493
2480.jpg,localtourism,0873a9a7-c8fc-4399-87e7-b56cc3e11741,Tanah Lot,flickr,Aleksandr Zykov,https://www.flickr.com/photos/84292292@N00/15197964715,https://live.staticflickr.com/3901/15197964715_89800c8e57_b.jpg,by-sa,2.0,https://creativecommons.org/licenses/by-sa/2.0/,Tanah Lot,1024,680,768,510,47.327,3cf51faae2b9d9bf3f2b50f2b70e1e093580bfb0
2483.jpg,localtourism,e70178f3-f902-472a-a0a1-471595c2a114,Bali - Tanah Lot temple,flickr,bmr-mam,https://www.flickr.com/photos/122094967@N08/13802565364,https://live.staticflickr.com/5055/13802565364_77cb610029_b.jpg,by-sa,2.0,https://creativecommons.org/licenses/by-sa/2.0/,Tanah Lot,1024,683,768,512,47.009,bf727f396746fa906b181250838dbbd2d692acb4
2482.jpg,localtourism,457fb9ce-b46a-4a35-a52e-2ec9816423ef,Tanah Lot Temple Sunset 1,flickr,Aidan-Sally,https://www.flickr.com/photos/74832009@N00/5979816171,https://live.staticflickr.com/6134/5979816171_e095e52007_b.jpg,by-sa,2.0,https://creativecommons.org/licenses/by-sa/2.0/,Tanah Lot,1024,684,768,513,13.765,d6c69a3c2b454bcf9625721c82fc7a63a6f00968
2484.jpg,localtourism,699592ad-ae14-49a8-b2bf-ab189bbf45c4,Pura Tanah Lot,flickr,BarbicanMan,https://www.flickr.com/photos/25617986@N02/3530245161,https://live.staticflickr.com/2281/3530245161_01c43ba14d_b.jpg,by,2.0,https://creativecommons.org/licenses/by/2.0/,Tanah Lot,1024,683,768,512,51.525,2edaf7d9bca2a498c59deae7ffb813fb3870374d
2486.jpg,localtourism,80ad6872-ffe1-4c35-8374-800adac4b2d5,Tanah Lot,flickr,Aleksandr Zykov,https://www.flickr.com/photos/84292292@N00/15194941011,https://live.staticflickr.com/5571/15194941011_ab44ecfa76_b.jpg,by-sa,2.0,https://creativecommons.org/licenses/by-sa/2.0/,Tanah Lot,1024,680,768,510,40.189,7d19ca7152f187541f14d4bb95fba738fa17ef02
2485.jpg,localtourism,227fd8fc-0991-4b53-8974-b3c1d27d95b6,Tanah Lot,flickr,Aleksandr Zykov,https://www.flickr.com/photos/84292292@N00/15011498610,https://live.staticflickr.com/3880/15011498610_1f49ddd711_b.jpg,by-sa,2.0,https://creativecommons.org/licenses/by-sa/2.0/,Tanah Lot,1024,680,768,510,44.171,47c25b8892c4cf276d4e0aa802eae07914dcbe55
2489.jpg,localtourism,c3049cb2-8407-43c1-b42c-ba9eb1cf9ad7,Tanah Lot,flickr,Aleksandr Zykov,https://www.flickr.com/photos/84292292@N00/15011596177,https://live.staticflickr.com/3850/15011596177_7353bd6a5b_b.jpg,by-sa,2.0,https://creativecommons.org/licenses/by-sa/2.0/,Tanah Lot,1024,680,768,510,53.641,2dd5250a9804749930a41a1eaa32014063fdbd64
2491.jpg,localtourism,a6167cb0-4179-4bab-878d-36b6f2a29df1,Tanah Lot,flickr,myselfed,https://www.flickr.com/photos/55508766@N00/352884480,https://live.staticflickr.com/147/352884480_844ddc93a8_b.jpg,by,2.0,https://creativecommons.org/licenses/by/2.0/,Tanah Lot,1024,768,768,576,42.304,6604ba958bae71b24432e728db6b165baf52da43
2495.jpg,localtourism,e9e6cc5d-9a7f-4445-aca3-a84f2df3d445,Tanah Lot with ND,flickr,Nazir Amin,https://www.flickr.com/photos/26273376@N00/2046997029,https://live.staticflickr.com/2063/2046997029_8c77a82073_b.jpg,by-sa,2.0,https://creativecommons.org/licenses/by-sa/2.0/,Tanah Lot,1024,685,768,514,22.555,9370ddaca6f9e287672054b270f38e7b551cbe23
2490.jpg,localtourism,8400b2fa-43ff-4cf2-966b-f3a3b960766e,Tanah Lot,flickr,Aleksandr Zykov,https://www.flickr.com/photos/84292292@N00/15011491120,https://live.staticflickr.com/3896/15011491120_1837cd1d4c_b.jpg,by-sa,2.0,https://creativecommons.org/licenses/by-sa/2.0/,Tanah Lot,1024,680,768,510,50.272,95e554a3b202cbd1f472d46dbe40da54cb31bd61
2488.jpg,localtourism,4ca1eca1-43df-4f64-98f0-a30b88475507,Tanah Lot,flickr,Aleksandr Zykov,https://www.flickr.com/photos/84292292@N00/15195115901,https://live.staticflickr.com/3884/15195115901_ab32449ce9_b.jpg,by-sa,2.0,https://creativecommons.org/licenses/by-sa/2.0/,Tanah Lot,1024,680,768,510,54.253,85f717aebce1a2f80af1ac6d0cc40caeca4499c1
2487.jpg,localtourism,61971bac-2a99-4820-b2cb-bbaa749494f5,Pura Tanah Lot,flickr,BarbicanMan,https://www.flickr.com/photos/25617986@N02/3530223391,https://live.staticflickr.com/2245/3530223391_122d4cf43e_b.jpg,by,2.0,https://creativecommons.org/licenses/by/2.0/,Tanah Lot,683,1024,512,768,43.418,986ce4699a5552fefceef989684958257f10215d
2493.jpg,localtourism,b74d289a-ba2b-4ee1-8122-80069abc4bbd,Tanah Lot,flickr,Larry.Ellis,https://www.flickr.com/photos/44669264@N06/24457251550,https://live.staticflickr.com/1510/24457251550_a473193d77_b.jpg,by-sa,2.0,https://creativecommons.org/licenses/by-sa/2.0/,Tanah Lot,331,1023,248,768,27.736,9912cbb4a0cbd806beda41dbce118ab6936358ec
2492.jpg,localtourism,9dc0f4d0-d8d9-4ed3-8840-b733c3c0b662,Tanah Lot,flickr,Aleksandr Zykov,https://www.flickr.com/photos/84292292@N00/15011422428,https://live.staticflickr.com/3847/15011422428_4430ddb7d9_b.jpg,by-sa,2.0,https://creativecommons.org/licenses/by-sa/2.0/,Tanah Lot,1024,680,768,510,35.763,04c188779306f044ddbb0296f3f90ea87b187389
2494.jpg,localtourism,fd4ad39b-fe18-40a5-8b91-718950d13bf6,Tanah Lot Temple Sunset 3,flickr,Aidan-Sally,https://www.flickr.com/photos/74832009@N00/5979817637,https://live.staticflickr.com/6022/5979817637_becfa241f0_b.jpg,by-sa,2.0,https://creativecommons.org/licenses/by-sa/2.0/,Tanah Lot,1024,684,768,513,34.728,93473a5432150734aab8b2be91496fb61b947e92
2496.jpg,localtourism,7255e22e-4dae-4c31-9c1c-45af4059d51c,2000 #314-9 Bali Tanah Lot,flickr,Dan Lundberg,https://www.flickr.com/photos/9508280@N07/5068857947,https://live.staticflickr.com/4107/5068857947_e0c70f3af2_b.jpg,by-sa,2.0,https://creativecommons.org/licenses/by-sa/2.0/,Tanah Lot,625,1024,469,768,69.597,66710d7e45dc24f96e37c716f65aa3691201fb66
2498.jpg,localtourism,8bbd9237-2236-4937-8887-ea068bb2f7f8,Tanah Lot,flickr,Larry.Ellis,https://www.flickr.com/photos/44669264@N06/24634987692,https://live.staticflickr.com/1563/24634987692_7940346a5f_b.jpg,by-sa,2.0,https://creativecommons.org/licenses/by-sa/2.0/,Tanah Lot,1024,768,768,576,35.674,88a64f3b4367d235c19c3396b64fe93262957be2
2499.jpg,localtourism,9c69b276-36f3-45a7-a2c9-44b6a279fb65,Tanah Lot,flickr,oft-quoted Mandrake Silvertongue,https://www.flickr.com/photos/8145878@N02/8182380681,https://live.staticflickr.com/8489/8182380681_1790a79fba_b.jpg,by,2.0,https://creativecommons.org/licenses/by/2.0/,Tanah Lot,1024,683,768,512,33.674,bdaa17c789f9dabfe84500bc3170cd14c709708c
2500.jpg,localtourism,3723c5ac-fa43-4a77-8509-759ed252e12b,Tanah Lot,flickr,Aleksandr Zykov,https://www.flickr.com/photos/84292292@N00/15011611348,https://live.staticflickr.com/3860/15011611348_7b8b1ec5e3_b.jpg,by-sa,2.0,https://creativecommons.org/licenses/by-sa/2.0/,Tanah Lot,1024,680,768,510,41.85,30ee779ccbd98779e32f8983ea3392294e93dbd4
2501.jpg,localtourism,d3f163c0-6989-4b57-ab08-16fc3b510230,Tanah Lot,flickr,Larry.Ellis,https://www.flickr.com/photos/44669264@N06/24752747945,https://live.staticflickr.com/1694/24752747945_3dea13a585_b.jpg,by-sa,2.0,https://creativecommons.org/licenses/by-sa/2.0/,Tanah Lot,1024,768,768,576,14.289,7ea05877264b5fdaa7720274652eeea8f0fda8a3
2503.jpg,localtourism,9de3e58e-1309-43fb-9c79-59d084e91b15,"Bali - temple de Tanah Lot, un cerf-volant",flickr,elefevre7,https://www.flickr.com/photos/91082225@N00/2814943814,https://live.staticflickr.com/3044/2814943814_808316248d_b.jpg,by-sa,2.0,https://creativecommons.org/licenses/by-sa/2.0/,Tanah Lot,1024,768,768,576,11.674,0a0e2f8deb71bbe4f5171a00aed53045b6bd2b6c
2506.jpg,localtourism,92043513-ae06-4f1c-9ff7-da7c08539e08,Tanah lot Bali,flickr,marthelelièvre,https://www.flickr.com/photos/127683502@N02/15519465524,https://live.staticflickr.com/7475/15519465524_540aa1f0b7_b.jpg,by-sa,2.0,https://creativecommons.org/licenses/by-sa/2.0/,Tanah Lot,1024,769,768,577,56.133,f28644f7fa0a80d3b91e9d038125f9cb42a1b305
2502.jpg,localtourism,4dade3ca-96bc-416c-b051-26e02af9f32a,Tanah Lot,flickr,Aleksandr Zykov,https://www.flickr.com/photos/84292292@N00/15011457778,https://live.staticflickr.com/3894/15011457778_aa0590bf8a_b.jpg,by-sa,2.0,https://creativecommons.org/licenses/by-sa/2.0/,Tanah Lot,1024,680,768,510,44.876,05b7d065c6f487325b203176ecd6b3f812307191
2504.jpg,localtourism,d086257c-ffda-476d-ac59-4e3ea81786c6,Tanah Lot,flickr,Larry.Ellis,https://www.flickr.com/photos/44669264@N06/24457227170,https://live.staticflickr.com/1631/24457227170_02ae9caa11_b.jpg,by-sa,2.0,https://creativecommons.org/licenses/by-sa/2.0/,Tanah Lot,1024,768,768,576,23.639,a7eecd6aece3ad3ce8b4c8fa5d62ab85a3784bd7
2505.jpg,localtourism,0a48c2c9-3762-4a29-aa08-1e77be9b4cf9,Tanah Lot,flickr,Larry.Ellis,https://www.flickr.com/photos/44669264@N06/24385125009,https://live.staticflickr.com/1588/24385125009_d32d1de7d2_b.jpg,by-sa,2.0,https://creativecommons.org/licenses/by-sa/2.0/,Tanah Lot,1023,328,768,246,49.647,9f23fd253310549f7a92430a7667848894388bc7
2507.jpg,localtourism,880fdb37-163c-46c1-bafc-6879bea3e02e,Tanah Lot,flickr,Larry.Ellis,https://www.flickr.com/photos/44669264@N06/24752788835,https://live.staticflickr.com/1584/24752788835_218b582ef7_b.jpg,by-sa,2.0,https://creativecommons.org/licenses/by-sa/2.0/,Tanah Lot,1024,695,768,521,39.7,efbe120b0a1048026986427b0db8770c6ff8aa66
2511.jpg,localtourism,e56af031-2d5f-4084-a41b-79210c59165c,Tanah Lot,flickr,oft-quoted Mandrake Silvertongue,https://www.flickr.com/photos/8145878@N02/8182424320,https://live.staticflickr.com/8481/8182424320_bdd8218094_b.jpg,by,2.0,https://creativecommons.org/licenses/by/2.0/,Tanah Lot,1024,683,768,512,26.828,e2394c1685972430f0aea664b2fb67a3fde1f3f2
2509.jpg,localtourism,8fd77c0d-3941-402b-ac3b-6758ab87785c,Bali 09 - Tanah Lot,flickr,BarbicanMan,https://www.flickr.com/photos/25617986@N02/3771556467,https://live.staticflickr.com/2431/3771556467_f22116d2e9_b.jpg,by,2.0,https://creativecommons.org/licenses/by/2.0/,Tanah Lot,683,1024,512,768,55.731,06815ac63008e0cc23a0fbfd9cca63259af096da
2510.jpg,localtourism,bdf303de-406d-433c-900e-c68bcfa1a3a1,Pura Tanah Lot,flickr,BarbicanMan,https://www.flickr.com/photos/25617986@N02/3530238397,https://live.staticflickr.com/3565/3530238397_56a9015944_b.jpg,by,2.0,https://creativecommons.org/licenses/by/2.0/,Tanah Lot,683,1024,512,768,41.77,0aec0ea35da374db1dc7c257d07a76b0a4138706
2513.jpg,localtourism,15a7192c-bb44-4372-ac68-2a11eced661f,SUNSET on Tanah Lot,flickr,madtadi,https://www.flickr.com/photos/22394418@N05/2229706995,https://live.staticflickr.com/2358/2229706995_bc73f7d4fd_b.jpg,by,2.0,https://creativecommons.org/licenses/by/2.0/,Tanah Lot,681,1023,511,768,33.79,f6a851d7648e929c993289b8e096d3f713338590
2512.jpg,localtourism,e33dc303-6a51-4f2c-a325-913c07b76fa1,"Yet another of the kitschy gift shops on the walkway to Tanah Lot shore temple, Bali",flickr,shankar s.,https://www.flickr.com/photos/77742560@N06/45375768964,https://live.staticflickr.com/4854/45375768964_9561e8d544_b.jpg,by,2.0,https://creativecommons.org/licenses/by/2.0/,Tanah Lot,1024,684,768,513,80.187,a31af6b815dec047770bd283efc1d3ab1e79a6c7
2514.jpg,localtourism,cf951513-1f80-4c0e-9249-db1c35f31d1c,Tanah Lot,flickr,Aleksandr Zykov,https://www.flickr.com/photos/84292292@N00/15011599167,https://live.staticflickr.com/5592/15011599167_7dde98657b_b.jpg,by-sa,2.0,https://creativecommons.org/licenses/by-sa/2.0/,Tanah Lot,1024,680,768,510,38.779,8f7e339f8b0dbdc844c4490fba57ede64e584830
2508.jpg,localtourism,a0ecec14-f389-44b3-af79-5d8a86ae12f9,Tanah Lot,flickr,Aleksandr Zykov,https://www.flickr.com/photos/84292292@N00/15197630422,https://live.staticflickr.com/3912/15197630422_e41a1ef2d1_b.jpg,by-sa,2.0,https://creativecommons.org/licenses/by-sa/2.0/,Tanah Lot,1024,680,768,510,59.881,06148886a37e7afb7e8af70d62a9ee04b8e03531
2521.jpg,localtourism,8f433ff5-fc80-4317-91c5-8c2c8cc163b8,Statue in Uluwatu Temple,flickr,Strocchi,https://www.flickr.com/photos/46383895@N00/49190427022,https://live.staticflickr.com/65535/49190427022_2fcb83af51_b.jpg,by-sa,2.0,https://creativecommons.org/licenses/by-sa/2.0/,Uluwatu temple,1024,683,768,512,21.225,48b55abeedf81bf3ee0b11a0e58682d9da275444
2517.jpg,localtourism,dc0cdc0a-d78a-4675-97b1-5f8f552fa94d,Pura Tanah Lot,flickr,BarbicanMan,https://www.flickr.com/photos/25617986@N02/3780262828,https://live.staticflickr.com/2458/3780262828_7bd42fa389_b.jpg,by,2.0,https://creativecommons.org/licenses/by/2.0/,Tanah Lot,678,1024,508,768,54.538,ba8f4de6125fcbd3a798509d1ad08187a48228dc
2522.jpg,localtourism,abb8b4f6-4ab0-47e4-ae52-cc502df91250,Uluwatu Temple,flickr,Ahmad Naufal,https://www.flickr.com/photos/29564403@N05/8201376881,https://live.staticflickr.com/8205/8201376881_29cb1dc58f_b.jpg,by,2.0,https://creativecommons.org/licenses/by/2.0/,Uluwatu temple,1024,768,768,576,42.218,20285038d2de7b5aea74b639d9a07a975560fb62
2532.jpg,localtourism,80a3443c-87bb-4342-a6ec-e053ea9046b7,Uluwatu Temple,flickr,rollanb,https://www.flickr.com/photos/25866036@N05/3369205863,https://live.staticflickr.com/3472/3369205863_d59dc8fa1a_b.jpg,by-sa,2.0,https://creativecommons.org/licenses/by-sa/2.0/,Uluwatu temple,681,1024,511,768,39.221,a24b9fb1e7e6f076c71f2e38cf8d520a44aed6c5
2523.jpg,localtourism,d5740898-7cb3-44ee-b820-1913508720ba,Uluwatu Temple Landscape #2,flickr,Strocchi,https://www.flickr.com/photos/46383895@N00/49199425753,https://live.staticflickr.com/65535/49199425753_c052234feb_b.jpg,by-sa,2.0,https://creativecommons.org/licenses/by-sa/2.0/,Uluwatu temple,1024,682,768,512,69.426,a3a1897057cada44c6cab86bca2c3caa996d6785
2525.jpg,localtourism,1206a79a-25fe-437c-8260-a484c076540c,Uluwatu Temple Landscape #3,flickr,Strocchi,https://www.flickr.com/photos/46383895@N00/49204379843,https://live.staticflickr.com/65535/49204379843_0f10399c20_b.jpg,by-sa,2.0,https://creativecommons.org/licenses/by-sa/2.0/,Uluwatu temple,1024,682,768,512,59.957,50ec264098653ce547669b30317f92c69505a435
2527.jpg,localtourism,3164751e-cd97-4da3-9c42-8fb3ec4eedc1,Uluwatu Temple #3,flickr,Strocchi,https://www.flickr.com/photos/46383895@N00/49210731471,https://live.staticflickr.com/65535/49210731471_bb592c6e53_b.jpg,by-sa,2.0,https://creativecommons.org/licenses/by-sa/2.0/,Uluwatu temple,1024,683,768,512,20.673,e9c18d9b3f72f745d217e4b0361bb7e7f071b3ef
2526.jpg,localtourism,1ad47790-7a22-426f-bd31-4d3583941400,Uluwatu Temple,flickr,Strocchi,https://www.flickr.com/photos/46383895@N00/49206204302,https://live.staticflickr.com/65535/49206204302_c46889f3df_b.jpg,by-sa,2.0,https://creativecommons.org/licenses/by-sa/2.0/,Uluwatu temple,1024,683,768,512,43.232,e60dc90cd65d2e2bccb5e8ad6298d30a3e742a30
2529.jpg,localtourism,d6ae16e9-8875-48fe-a94c-07b5d0ee4c93,Uluwatu Temple,flickr,Jumilla,https://www.flickr.com/photos/70363447@N03/16579968868,https://live.staticflickr.com/7655/16579968868_a737391b49_b.jpg,by,2.0,https://creativecommons.org/licenses/by/2.0/,Uluwatu temple,777,1024,583,768,56.879,2627f6ee66665bb2fba377ad2c73216f6c53c67d
2528.jpg,localtourism,16d38a3b-5cf4-4add-b537-0e27c75f1b0b,Uluwatu Temple,flickr,"Jeff Pioquinto, SJ",https://www.flickr.com/photos/90412460@N00/31574062003,https://live.staticflickr.com/371/31574062003_0dce1cb4e1_b.jpg,by,2.0,https://creativecommons.org/licenses/by/2.0/,Uluwatu temple,1024,683,768,512,68.596,78deb6e4abe257b27b2957e5972b62ee1ce89535
2524.jpg,localtourism,4392f3f2-5c2b-4907-877a-98eb3730fe7c,Uluwatu Temple,flickr,Ahmad Naufal,https://www.flickr.com/photos/29564403@N05/8202461256,https://live.staticflickr.com/8210/8202461256_8641cc3574_b.jpg,by,2.0,https://creativecommons.org/licenses/by/2.0/,Uluwatu temple,1024,619,768,464,80.33,d07a50f121e557c9a9517c4b832c1516d26241f6
2531.jpg,localtourism,d345c502-e2e4-4888-b458-3f9efbc66955,Uluwatu Temple,flickr,Jumilla,https://www.flickr.com/photos/70363447@N03/16766472072,https://live.staticflickr.com/7282/16766472072_9ccc98740a_b.jpg,by,2.0,https://creativecommons.org/licenses/by/2.0/,Uluwatu temple,1024,768,768,576,64.517,60a3145f52bc50b949fd25809dda0cd488d861dc
2533.jpg,localtourism,f9d3f997-9bbd-49ba-8def-33ef5ab0491b,Uluwatu temple on Bali,flickr,eGuide Travel,https://www.flickr.com/photos/31190896@N08/6090052949,https://live.staticflickr.com/6206/6090052949_66115f8f19_b.jpg,by,2.0,https://creativecommons.org/licenses/by/2.0/,Uluwatu temple,1024,678,768,509,43.173,a46c177dd6b19d3c1ffdab11da6434d770107d42
2530.jpg,localtourism,34021178-bd6a-4f2d-9aba-6b97160ad730,Uluwatu Temple,flickr,Jorge Franganillo,https://www.flickr.com/photos/46191841@N00/49813856182,https://live.staticflickr.com/65535/49813856182_e756538b66_b.jpg,by,2.0,https://creativecommons.org/licenses/by/2.0/,Uluwatu temple,1024,683,768,512,74.112,0f0da5eff572c586516caea5380e6e1f9579dcc2
2534.jpg,localtourism,2b4a8dbc-3971-4809-9d95-5e209612f070,Uluwatu Temple Sideway,flickr,satujamsaja,https://www.flickr.com/photos/9775833@N02/6220508839,https://live.staticflickr.com/6111/6220508839_4e77af2b58.jpg,by,2.0,https://creativecommons.org/licenses/by/2.0/,Uluwatu temple,375,500,375,500,63.785,15b06f6cb65648991f78d8c161840e81b6b17d78
2535.jpg,localtourism,fe203887-ee64-41a7-9d47-ecdb5ac63f6a,balinese roast suckling pig at the side of the parking lot at uluwatu temple,flickr,rollanb,https://www.flickr.com/photos/25866036@N05/2939164953,https://live.staticflickr.com/3045/2939164953_11bd148021_b.jpg,by-sa,2.0,https://creativecommons.org/licenses/by-sa/2.0/,Uluwatu temple,1024,681,768,511,35.292,f40e8d9285d000fb05e9bc34c44decd49bf1ae39
2537.jpg,localtourism,23821671-2eae-4c78-a1cb-ac90b631ef67,Uluwatu temple on Bali,flickr,eGuide Travel,https://www.flickr.com/photos/31190896@N08/6090584132,https://live.staticflickr.com/6187/6090584132_ff842185e9_b.jpg,by,2.0,https://creativecommons.org/licenses/by/2.0/,Uluwatu temple,1024,678,768,509,50.84,c6ff82943a7c93b302510fcf96e885ec8a51f608
2536.jpg,localtourism,e233b382-0c3c-495d-b23b-982ed7eee0a1,Uluwatu temple on Bali,flickr,eGuide Travel,https://www.flickr.com/photos/31190896@N08/6090664510,https://live.staticflickr.com/6209/6090664510_e2fae04915_b.jpg,by,2.0,https://creativecommons.org/licenses/by/2.0/,Uluwatu temple,1024,678,768,509,53.46,f0811dfae70fb3841e2774059cc5cd53e1fb5636
2539.jpg,localtourism,66a0136e-5333-4e98-a277-84f272f3864b,uluwatu temple,flickr,rollanb,https://www.flickr.com/photos/25866036@N05/2940020842,https://live.staticflickr.com/3166/2940020842_2e5b94f83b_b.jpg,by-sa,2.0,https://creativecommons.org/licenses/by-sa/2.0/,Uluwatu temple,1024,681,768,511,56.903,1f6ba681d17e1b2cd3140315e62d0fdf412fb4f8
2545.jpg,localtourism,843b9f97-c7a7-4cac-b0c2-56ac59aa942f,uluwatu temple,flickr,rollanb,https://www.flickr.com/photos/25866036@N05/2939168223,https://live.staticflickr.com/3188/2939168223_7421539137_b.jpg,by-sa,2.0,https://creativecommons.org/licenses/by-sa/2.0/,Uluwatu temple,681,1024,511,768,55.071,f1b7ec2663154280e2ab3bbca6df2a1b7598413b
3201.jpg,localtourism,7890b357-f5ae-415e-936b-ba514a04bb3d,Melbourne Symphony Orchestra di Indonesia,flickr,Australian Embassy Jakarta,https://www.flickr.com/photos/138532424@N02/29650773657,https://live.staticflickr.com/1879/29650773657_d7e081b074_b.jpg,by,2.0,https://creativecommons.org/licenses/by/2.0/,Candi Indonesia,1024,684,768,513,53.223,2d66f48e106e74962d676d18a45818dc18bb4cef
3206.jpg,localtourism,5a2bd66e-7f6b-42f2-a61f-c69f683de635,Candi Borobudur,flickr,irwandy,https://www.flickr.com/photos/15468843@N00/3277444595,https://live.staticflickr.com/3410/3277444595_5f16a0fff4.jpg,by,2.0,https://creativecommons.org/licenses/by/2.0/,Candi Indonesia,332,500,332,500,49.073,df36f886901400d266986cd659a74ab630d743a1
3214.jpg,localtourism,e0d23a63-90dc-4002-9c26-dba81088b496,Melbourne Symphony Orchestra di Indonesia,flickr,Australian Embassy Jakarta,https://www.flickr.com/photos/138532424@N02/44478433692,https://live.staticflickr.com/1853/44478433692_c2ae00d948_b.jpg,by,2.0,https://creativecommons.org/licenses/by/2.0/,Candi Indonesia,1024,683,768,512,49.624,34862d6dc94ef9ac3c69f21ce23851914b0ec241
