filename,label,openverse_id,title,source,creator,source_page,download_url,license,license_version,license_url,seed_query,source_width,source_height,saved_width,saved_height,clarity_score,raw_sha1
0029.jpg,waterfall,d2fff8a7-7f49-4c1b-b8b3-4b87b2b0aa51,winter creek waterfall landscape scene,flickr,ForestWander.com,https://www.flickr.com/photos/10922353@N03/5402641485,https://live.staticflickr.com/5257/5402641485_cdaeb2d991_b.jpg,by-sa,2.0,https://creativecommons.org/licenses/by-sa/2.0/,waterfall landscape,682,1024,511,768,62.013,7d5de4aeb269f45d0d650643bb402c77e1bcde88
0030.jpg,waterfall,65ce13d9-c668-42e2-b10a-f8e83a10c917,Frosty Waterfall Landscape,flickr,Martin Lopatka,https://www.flickr.com/photos/88654826@N00/6654165789,https://live.staticflickr.com/7031/6654165789_3d7e9ea145_b.jpg,by-sa,2.0,https://creativecommons.org/licenses/by-sa/2.0/,waterfall landscape,1024,683,768,512,44.536,49c7e77fab16ba7629931535bb96a45e809218d2
0031.jpg,waterfall,da611f7a-5ba1-437d-b31a-041b9f99f4b7,Jeongbang Waterfall landscape,wikimedia,This photo was taken with iPhone SE (1st generation),https://commons.wikimedia.org/w/index.php?curid=63596387,https://upload.wikimedia.org/wikipedia/commons/3/35/Jeongbang_Waterfall_landscape.png,by-sa,4.0,https://creativecommons.org/licenses/by-sa/4.0/,waterfall landscape,4032,3024,768,576,55.809,a4261d49d3ff722b4e74eebbdd31ce6f73f60dc2
0032.jpg,waterfall,3d318a18-1e22-439e-86b4-e55193a4775d,Miniature Album with Figures and Landscape (Waterfall Landscape),wikimedia,Zeng Yangdong,https://commons.wikimedia.org/w/index.php?curid=76156248,https://upload.wikimedia.org/wikipedia/commons/4/42/Zeng_Yangdong_-_Miniature_Album_with_Figures_and_Landscape_%28Waterfall_Landscape%29_-_1975.11.e_-_Cleveland_Museum_of_Art.jpg,cc0,1.0,https://creativecommons.org/publicdomain/zero/1.0/deed.en/,waterfall landscape,3400,2746,768,620,34.315,5ac9135beffaedd100851b1e3d10e3470d1b12ed
0033.jpg,waterfall,5415dcda-5f43-4e83-ba3b-39e1087f0960,Miniature Album with Figures and Landscape (Waterfall Landscape),wikimedia,Zeng Yangdong,https://commons.wikimedia.org/w/index.php?curid=77125529,https://upload.wikimedia.org/wikipedia/commons/4/4c/Zeng_Yangdong_-_Miniature_Album_with_Figures_and_Landscape_%28Waterfall_Landscape%29_-_1975.11.e_-_Cleveland_Museum_of_Art.tif,cc0,1.0,https://creativecommons.org/publicdomain/zero/1.0/deed.en/,waterfall landscape,4894,3953,768,620,34.489,6b44850af5b95e0dcfa30e44c5e52d3aa7e15e5d
0034.jpg,waterfall,3e907f8b-6f22-464d-8f32-b45b2023c30d,Waterfall Landscape,flickr,THX0477,https://www.flickr.com/photos/59195512@N00/8315533737,https://live.staticflickr.com/8212/8315533737_e9a7ce4e9d_b.jpg,by,2.0,https://creativecommons.org/licenses/by/2.0/,waterfall landscape,1024,768,768,576,63.313,0096b5e2f7eb5ebb9b71edd7cc9442a6b7a58e48
0035.jpg,waterfall,c0693f76-83a5-4cc9-b167-48d72b34668d,waterfall-landscape-wallpaper.jpg,flickr,!!Ahmed!!,https://www.flickr.com/photos/40824418@N04/3756422754,https://live.staticflickr.com/2442/3756422754_05b4e00b99.jpg,by,2.0,https://creativecommons.org/licenses/by/2.0/,waterfall landscape,500,400,500,400,67.551,1441c928d071759abab44fb2fbce86c9f8ce5965
0036.jpg,waterfall,553afedd-7d07-4735-bc19-84f13655052f,Loved visiting #Stockghyll force in #lakedistrict and this is one of the photos I took. #olympusuk #omdem1mkii #longexposoure #longexposure_shots #waterfall #landscape #landscapephotography,flickr,Mirrorlessview,https://www.flickr.com/photos/65530720@N02/24093905818,https://live.staticflickr.com/4473/24093905818_f85a6a8fa8_b.jpg,by,2.0,https://creativecommons.org/licenses/by/2.0/,waterfall landscape,819,1024,614,768,62.027,31c1f0eab92a7b8264c9d114e852e39156da2eaf
0037.jpg,waterfall,4128f12b-fb3d-4d9c-8094-c9baf6d5a6ed,Waterfall Landscape,stocksnap,Travel Adventures,https://stocksnap.io/photo/waterfall-landscape-49TJUIQAIS,https://cdn.stocksnap.io/img-thumbs/960w/49TJUIQAIS.jpg,cc0,1.0,https://creativecommons.org/publicdomain/zero/1.0/,waterfall landscape,960,641,768,513,46.692,ca317d6d42bf652793af120d94aa724c7811e35f
0038.jpg,waterfall,91d9962b-d988-4b6b-9772-19d21ebd96f0,Waterfall landscape,flickr,ewen and donabel,https://www.flickr.com/photos/85979850@N00/179548943,https://live.staticflickr.com/57/179548943_814d6cf89e_b.jpg,by,2.0,https://creativecommons.org/licenses/by/2.0/,waterfall landscape,1024,768,768,576,66.846,d941b837dcc25d89f7b9859aca5111b9f0a3617d
0039.jpg,waterfall,5b2c7e5e-9598-4818-9fd0-f60d8c3fc6b1,Vintage waterfall landscape illustration,rawpixel,thegetty,https://www.rawpixel.com/image/14322995/pykara,https://images.rawpixel.com/editor_1024/cHJpdmF0ZS9sci9pbWFnZXMvd2Vic2l0ZS8yMDI0LTAyL2xyL2dldHR5MTA5MWV4LWltYWdlLmpwZw.jpg,cc0,1.0,https://creativecommons.org/publicdomain/zero/1.0/,waterfall landscape,836,1024,627,768,40.587,03a593d425fbd59d045031b92d87ea52750118e0
0040.jpg,waterfall,dd4fc325-d24d-43f4-9b0c-0bc02b53cd78,Beautiful autumn waterfall landscape,rawpixel,,https://www.rawpixel.com/image/6017762/photo-image-public-domain-leaves-green,https://images.rawpixel.com/editor_1024/cHJpdmF0ZS9zdGF0aWMvaW1hZ2Uvd2Vic2l0ZS8yMDIyLTA0L2xyL2Zyc3RyZWFtX3ZhbGxleV9iX2M0LWltYWdlLWt5YmFrYTl3LmpwZw.jpg,cc0,1.0,https://creativecommons.org/publicdomain/zero/1.0/,waterfall landscape,1024,768,768,576,87.899,75338c430c73c7309d91d16ad27c8b9f478486fa
0041.jpg,waterfall,cc98908b-ed6d-468c-b01f-ff15bccc4721,Beautiful autumn waterfall landscape,rawpixel,,https://www.rawpixel.com/image/6016392/photo-image-public-domain-nature-water,https://images.rawpixel.com/editor_1024/cHJpdmF0ZS9zdGF0aWMvaW1hZ2Uvd2Vic2l0ZS8yMDIyLTA0L2xyL2Zyd2F0ZXJmYWxsX2Nhc2NhZGVfd2F0ZXJfbmF0dXJlXzAtaW1hZ2Uta3liYWFuMXMuanBn.jpg,cc0,1.0,https://creativecommons.org/publicdomain/zero/1.0/,waterfall landscape,1024,683,768,512,65.932,b8001d835f052124eda72eda23a6ee973003f8ec
0042.jpg,waterfall,e0b1af03-dd83-4b5e-b2fd-2769b198a967,Cedar mountain waterfall landscape,rawpixel,,https://www.rawpixel.com/image/6030742/photo-image-public-domain-leaves-green,https://images.rawpixel.com/editor_1024/czNmcy1wcml2YXRlL3Jhd3BpeGVsX2ltYWdlcy93ZWJzaXRlX2NvbnRlbnQvbHIvZnJ0cmFpbF9jZWRhcnNfY2FueW9uX3ZpZXctaW1hZ2Uta3liY2llbnouanBn.jpg,cc0,1.0,https://creativecommons.org/publicdomain/zero/1.0/,waterfall landscape,1024,683,768,512,60.462,d07ddc77cb7716e90521c2373bb5e28213401875
0043.jpg,waterfall,b04ec359-b2fb-4b55-9b22-eea07f40ac2e,background waterfalls magnificent,flickr,Ⓔⓛⓘⓢⓔ ❀❁,https://www.flickr.com/photos/128972682@N04/17290739282,https://live.staticflickr.com/8686/17290739282_77e6030f0a_b.jpg,cc0,1.0,https://creativecommons.org/publicdomain/zero/1.0/,waterfall landscape,969,545,768,432,61.006,00c95950e1a2d5b5b9ab5f04566518ae1663d911
0044.jpg,waterfall,642d192c-4163-421d-9dea-eac9c23b655c,Dettifoss Falls _ 1,flickr,puliarf,https://www.flickr.com/photos/11418908@N07/14812631168,https://live.staticflickr.com/3891/14812631168_3b797306c9_b.jpg,by,2.0,https://creativecommons.org/licenses/by/2.0/,waterfall landscape,1024,707,768,530,55.462,67ac557ed94628e6cee90ebcf172f93ff406ce50
0045.jpg,waterfall,3aa6bfa4-e251-4830-801b-82b9b043248a,HDR Landscape,flickr,Paul Stevenson,https://www.flickr.com/photos/53496815@N00/2099724861,https://live.staticflickr.com/2068/2099724861_8de770c289_b.jpg,by,2.0,https://creativecommons.org/licenses/by/2.0/,waterfall landscape,689,1024,517,768,68.87,bca5d9e2d5e38f5bf3240431143496dc003e11b7
0046.jpg,waterfall,92094618-496b-42f1-9499-10d97ac09ce2,"Seljalandsfoss waterfall, Iceland",flickr,Massimo Margagnoni,https://www.flickr.com/photos/50335549@N05/7905117100,https://live.staticflickr.com/8445/7905117100_9ec63448c4.jpg,by,2.0,https://creativecommons.org/licenses/by/2.0/,waterfall landscape,500,500,500,500,15.708,706df34fb275e9f4d2e2ff7fc789b6bbb2e52d4e
0047.jpg,waterfall,6887274f-5cc0-4dd4-83bb-c50fdecfb689,277/365 ~ Upper Yosemite Falls Hike #hiking #california #yosemitenationalpark #halfdome #waterfall #yosemitefalls #iphone4s #panorama #landscape,flickr,ray_explores,https://www.flickr.com/photos/66801522@N00/8733708152,https://live.staticflickr.com/7325/8733708152_af7a263cc0_b.jpg,by,2.0,https://creativecommons.org/licenses/by/2.0/,waterfall landscape,1024,456,768,342,69.631,e990b8705946e8c071605da1671dc93670e81020
0048.jpg,waterfall,44628622-39d2-4057-a2bc-da02860ad740,Iceland: From behind Seljalandsfoss,flickr,vicmontol,https://www.flickr.com/photos/8703154@N06/541610714,https://live.staticflickr.com/1323/541610714_fa0f48384d_b.jpg,by,2.0,https://creativecommons.org/licenses/by/2.0/,waterfall landscape,1023,769,768,577,21.756,3e9dd2cb98a8ca455050ea225812926b53bb0131
0049.jpg,waterfall,4a2eb723-87f6-4352-962b-a44e3306eb67,KRKA Waterfalls Croatia,flickr,marcostetter,https://www.flickr.com/photos/149556095@N03/41957707822,https://live.staticflickr.com/65535/41957707822_2fb917418a_b.jpg,pdm,1.0,https://creativecommons.org/publicdomain/mark/1.0/,waterfall landscape,1024,576,768,432,87.271,cd168e1a50ec7b4cd1d34cccb5cb6040b53a800f
0050.jpg,waterfall,a434cba3-74c0-4640-98ca-44400824e6b9,close up to lower water falls looking up stream just before falls showing rapids in river waterfall yellowstone wyoming canyon wy,flickr,"Tim Pearce, Los Gatos",https://www.flickr.com/photos/42937777@N00/5272539497,https://live.staticflickr.com/5043/5272539497_00345b1942_b.jpg,by,2.0,https://creativecommons.org/licenses/by/2.0/,waterfall landscape,1024,768,768,576,52.959,16f44ab23c099f363004183e49535efe17a3e587
0051.jpg,waterfall,bd5d6930-153d-4b7d-b832-f5edda7d8232,waterfall,flickr,xydinesh,https://www.flickr.com/photos/16378149@N00/6238918175,https://live.staticflickr.com/6103/6238918175_fd1b2157e4_b.jpg,by,2.0,https://creativecommons.org/licenses/by/2.0/,waterfall landscape,787,1024,590,768,77.675,d10f917e6f8b4317ebb7a1ce52255e4e81e6acfb
0052.jpg,waterfall,2bee09e3-badb-481e-b4b3-079e153c12ac,Low clouds over the English Channel,nasa,NASA Goddard Photo and Video,https://www.flickr.com/photos/24662369@N07/13266234045,https://live.staticflickr.com/3696/13266234045_b1a19cf91d_b.jpg,by,2.0,https://creativecommons.org/licenses/by/2.0/,waterfall landscape,1023,796,768,598,46.062,0d49f08cdf9ba067fd98ec34569d31b337c88dfe
0053.jpg,waterfall,4c277566-9905-457e-9bdc-d7a96eda49c1,Satellite Captures Massive Storm System,nasa,NASA Goddard Photo and Video,https://www.flickr.com/photos/24662369@N07/5513049972,https://live.staticflickr.com/5295/5513049972_96bace99bf_b.jpg,by,2.0,https://creativecommons.org/licenses/by/2.0/,waterfall landscape,1023,820,768,616,48.022,1395663cf4adcb60c1c7beb25d9adc9ff1e3b1e9
0054.jpg,waterfall,cdf6623e-77ff-46a7-9d87-f3a390ccdcce,Not so cluttered,flickr,FerTravelPhoto,https://www.flickr.com/photos/50058562@N07/28111718113,https://live.staticflickr.com/8670/28111718113_1a4e313178_b.jpg,by,2.0,https://creativecommons.org/licenses/by/2.0/,waterfall landscape,1024,684,768,513,48.423,2a272d14be2da92d6c1ec8f89949dd581cea8973
0055.jpg,waterfall,070d554e-c695-4e45-8c65-63d3a5d96638,Storm over the northeastern United States,nasa,NASA Goddard Photo and Video,https://www.flickr.com/photos/24662369@N07/9128829908,https://live.staticflickr.com/3776/9128829908_73a5c23a26_b.jpg,by,2.0,https://creativecommons.org/licenses/by/2.0/,waterfall landscape,1024,796,768,597,49.335,090f721ae5360d5bf8d26e88057bed307b5f51a1
0056.jpg,waterfall,867a770d-3ef9-48e3-b886-230c5bc743df,Burleigh Falls - December 2005 [3],flickr,Яick Harris,https://www.flickr.com/photos/37153080@N00/79961708,https://live.staticflickr.com/42/79961708_03766dd0ff_b.jpg,by-sa,2.0,https://creativecommons.org/licenses/by-sa/2.0/,waterfall landscape,1024,356,768,267,70.248,284f9986621db98ef655fd2b8a7beff48a2578e8
0057.jpg,waterfall,dbe053d9-1977-419f-b1fe-925a801acafb,Satellite Sees Earthquake Region in Southwestern Mexico,nasa,NASA Goddard Photo and Video,https://www.flickr.com/photos/24662369@N07/6854691682,https://live.staticflickr.com/7059/6854691682_0bbac515b4.jpg,by,2.0,https://creativecommons.org/licenses/by/2.0/,waterfall landscape,499,343,499,343,46.777,502b96dca3dbdf692e45f55b3e716088d4120522
0058.jpg,waterfall,42446f51-cdec-437c-a66e-d692d8a791b0,Fluid Corrugation,flickr,Ian Sane,https://www.flickr.com/photos/31246066@N04/5171147438,https://live.staticflickr.com/4113/5171147438_41484478bc_b.jpg,by,2.0,https://creativecommons.org/licenses/by/2.0/,waterfall landscape,1024,683,768,512,61.153,c75b89c01df81c99fc6b56b46f5d0f05fc2adc7b
0059.jpg,waterfall,14f9eaa0-ade9-4e14-902b-d8c22eeed544,Rashol (20),flickr,travelling slacker,https://www.flickr.com/photos/60651851@N02/16649507314,https://live.staticflickr.com/8736/16649507314_79ebf29b38_b.jpg,by,2.0,https://creativecommons.org/licenses/by/2.0/,waterfall landscape,680,1024,510,768,56.614,d5e26fd49e733503cafa1becbd6935c50d04aded
0060.jpg,waterfall,44a30ec6-6f93-4811-9259-50559ccfc005,三十槌の氷柱（みそつちのつらら）,flickr,hogeasdf,https://www.flickr.com/photos/9177053@N05/8460470129,https://live.staticflickr.com/8107/8460470129_9ae6234799_b.jpg,by,2.0,https://creativecommons.org/licenses/by/2.0/,waterfall landscape,1024,681,768,511,64.421,ee9f2a2126d4942227e42382c56247e0401d4391
0061.jpg,waterfall,f7d3ee47-29ea-4dc3-b22b-5d6bff8c34b4,Green Run (1),flickr,Nicholas_T,https://www.flickr.com/photos/14922165@N00/14377629382,https://live.staticflickr.com/3886/14377629382_92e90bfe6b_b.jpg,by,2.0,https://creativecommons.org/licenses/by/2.0/,waterfall landscape,1024,683,768,512,62.968,8632cf533a02e7c48aeaffc12a0833b96c3e9d76
0062.jpg,waterfall,c9e235be-b647-4c6a-b3ed-aef17e69c1b5,Italian Dolomiti Waterfall,flickr,Niklas FliNdt,https://www.flickr.com/photos/130521741@N07/44624682592,https://live.staticflickr.com/1886/44624682592_d6b69dd2de_b.jpg,by-sa,2.0,https://creativecommons.org/licenses/by-sa/2.0/,waterfall landscape,683,1024,512,768,56.839,f6b7e7ac729bb8f91578cd9ec47ac129213feddf
0063.jpg,waterfall,259e6b3f-4f23-4b09-ae08-8e60c14d93ef,"Gullfoss waterfall, Iceland",flickr,Massimo Margagnoni,https://www.flickr.com/photos/50335549@N05/8207845195,https://live.staticflickr.com/8483/8207845195_891fbf40b9.jpg,by,2.0,https://creativecommons.org/licenses/by/2.0/,waterfall landscape,500,500,500,500,18.338,a27c0985ecd30d9e3e0b440d19c5523cdd0faf0e
0064.jpg,waterfall,14e095f2-302e-484a-ab18-52de6696e161,North Sannox Burn,flickr,TrotterFechan,https://www.flickr.com/photos/89786933@N02/25443815007,https://live.staticflickr.com/4664/25443815007_215452000c_b.jpg,by,2.0,https://creativecommons.org/licenses/by/2.0/,waterfall landscape,1023,683,768,513,69.864,6b12474e931a74ceab888ee639db9c2ac7704696
0065.jpg,waterfall,8b5fecad-b2ce-4e8e-94c9-4db1709751ab,Waterfall,flickr,enor,https://www.flickr.com/photos/62682927@N00/517787281,https://live.staticflickr.com/194/517787281_dc0fd8a28b_b.jpg,by,2.0,https://creativecommons.org/licenses/by/2.0/,waterfall landscape,1024,768,768,576,44.012,61e84e5a3ae82c1d4b070ffdcd88520ddef6d5fa
0066.jpg,waterfall,17cd98fb-857b-45cc-ad39-63c798e2a181,"USA Composite Reveals Massive Winter Storm - January 02, 2014",nasa,NASA Goddard Photo and Video,https://www.flickr.com/photos/24662369@N07/11731441816,https://live.staticflickr.com/3681/11731441816_b526ef7e62_b.jpg,by,2.0,https://creativecommons.org/licenses/by/2.0/,waterfall landscape,1024,591,768,443,70.734,ae5ac6d5c6bb983a43a4ad5e7a8f137842f5c879
0067.jpg,waterfall,92e1b919-9014-413d-abc4-59a3a9a7eda9,NASA Satellites See Hurricane Barbara Come Ashore and Fizzle,nasa,NASA Goddard Photo and Video,https://www.flickr.com/photos/24662369@N07/8904825552,https://live.staticflickr.com/8393/8904825552_96a4d34be6.jpg,by,2.0,https://creativecommons.org/licenses/by/2.0/,waterfall landscape,500,398,500,398,45.605,cae9891587fd9fd36ca608e632bd36174d899bfb
0068.jpg,waterfall,35f123c6-6dab-4e5f-a833-34fb47f909fc,Earth's Hair,flickr,FerTravelPhoto,https://www.flickr.com/photos/50058562@N07/32506061934,https://live.staticflickr.com/638/32506061934_b095c91419_b.jpg,by,2.0,https://creativecommons.org/licenses/by/2.0/,waterfall landscape,1024,1024,768,768,45.557,1fc1b0c08f1e0a788a75c4e3bee41215c1f3a139
0069.jpg,waterfall,61e0bb67-b56f-4824-b7e6-097e0b4bfb5d,NASA Satellite Sees Powerful Winter Nor'easter,nasa,NASA Goddard Photo and Video,https://www.flickr.com/photos/24662369@N07/8458844136,https://live.staticflickr.com/8505/8458844136_f7560fe48f_b.jpg,by,2.0,https://creativecommons.org/licenses/by/2.0/,waterfall landscape,1024,591,768,443,81.454,bc5eff79b37aa0689c2d17b71ea38de882cd4c9f
0070.jpg,waterfall,b592ca32-8a4d-46e1-9225-6a61695b6958,Fall Creek (Revisited) (1),flickr,Nicholas_T,https://www.flickr.com/photos/14922165@N00/11659934673,https://live.staticflickr.com/2860/11659934673_057fdf34ea_b.jpg,by,2.0,https://creativecommons.org/licenses/by/2.0/,waterfall landscape,1024,683,768,512,70.689,513822dc387078530e4581f33a048e8a21cd659f
0071.jpg,waterfall,84fe51e4-cc06-43d4-b1fc-731b3c4f182a,Haze in central China,nasa,NASA Goddard Photo and Video,https://www.flickr.com/photos/24662369@N07/12120427675,https://live.staticflickr.com/7420/12120427675_c74b1204a0_b.jpg,by,2.0,https://creativecommons.org/licenses/by/2.0/,waterfall landscape,1024,791,768,593,45.668,32482feb598e7765ce868558f5b6703b939b5b78
0072.jpg,waterfall,5b86c9da-405f-4520-a5ee-0e77b4f8266b,Dettifoss Falls _ 2,flickr,puliarf,https://www.flickr.com/photos/11418908@N07/14812583240,https://live.staticflickr.com/5554/14812583240_5372022f04_b.jpg,by,2.0,https://creativecommons.org/licenses/by/2.0/,waterfall landscape,1023,681,768,511,44.339,0e7ba38e4db32ed8b48135d0a4e0da6761e90d47
0073.jpg,waterfall,fbdf024c-8f81-4c62-a550-601d63df4be9,Upper Mountain Fork River,flickr,FreeWine,https://www.flickr.com/photos/96332550@N00/3648371463,https://live.staticflickr.com/3408/3648371463_9c3b435b91.jpg,by,2.0,https://creativecommons.org/licenses/by/2.0/,waterfall landscape,375,500,375,500,89.651,2a328eaa1e2ee4b915641fd2cc2f29b9829c77b8
0074.jpg,waterfall,3e707c7e-8cca-4a30-a27f-920311b594d7,Haze Over Santiago Following 8.8 Earthquake,nasa,NASA Goddard Photo and Video,https://www.flickr.com/photos/24662369@N07/4393888112,https://live.staticflickr.com/4065/4393888112_64fcf19b68_b.jpg,by,2.0,https://creativecommons.org/licenses/by/2.0/,waterfall landscape,819,1024,614,768,47.181,668bb9073d4354cd10ffc742da09d798fa625825
0075.jpg,waterfall,8d235c5a-2edf-480a-9a15-432cf15a8ba5,"Dust storm in the Gobi Desert, China",nasa,NASA Goddard Photo and Video,https://www.flickr.com/photos/24662369@N07/8568589729,https://live.staticflickr.com/8382/8568589729_b1faf27cc9_b.jpg,by,2.0,https://creativecommons.org/licenses/by/2.0/,waterfall landscape,1024,788,768,591,34.868,a6df5f22485d27fadcc6321a2a2650f1084c143d
0076.jpg,waterfall,3be21b62-2f31-425a-998e-0822908af62c,Smoke from Canadian fires over the Atlantic Ocean,nasa,NASA Goddard Photo and Video,https://www.flickr.com/photos/24662369@N07/9291846831,https://live.staticflickr.com/3789/9291846831_d74aeeaf4e_b.jpg,by,2.0,https://creativecommons.org/licenses/by/2.0/,waterfall landscape,1023,796,768,598,31.853,a8eb495d3913ab6cf8d68f33a5e3924c452bb5e7
0077.jpg,waterfall,07d5d0ca-36b1-4133-9e29-0a6ecb1f1594,Iceland - Church Mountain - Impressive view,flickr,Onasill - Bill Badzo - 149 Million Views - Thank Y,https://www.flickr.com/photos/7156765@N05/51537246564,https://live.staticflickr.com/65535/51537246564_4d6e3ea0fd_b.jpg,pdm,1.0,https://creativecommons.org/publicdomain/mark/1.0/,waterfall landscape,1024,684,768,513,51.901,c8b3b5c96ef2516d9f86851558760387f223127c
0078.jpg,waterfall,e57634c9-9e0c-4ed5-8e89-f8c81014869c,"Mononoke forest, Yakushima island",flickr,caseyyee,https://www.flickr.com/photos/33199378@N06/4278893510,https://live.staticflickr.com/4029/4278893510_e153060c22_b.jpg,by-sa,2.0,https://creativecommons.org/licenses/by-sa/2.0/,waterfall landscape,1024,683,768,512,51.38,a73794f4890481096a29947e1898d7e85b96a0fa
0079.jpg,waterfall,7e861091-2068-48a4-acbb-6ff8a8c722ec,"Helen Hunt Falls in Cheyenne Mountain. Colorado Springs, CO",flickr,Mike Sinko Photography,https://www.flickr.com/photos/36520720@N04/14269187071,https://live.staticflickr.com/5120/14269187071_d28442eac7_b.jpg,by-sa,2.0,https://creativecommons.org/licenses/by-sa/2.0/,waterfall landscape,1024,683,768,512,90.185,20536e7eaa06944d9ad5765bc0c1801461c1d362
0080.jpg,waterfall,d6b02e33-a29c-44d3-b861-f5539f03c205,"Athirappally waterfalls, Kerala, India",flickr,mehul.antani,https://www.flickr.com/photos/21023569@N06/4287308376,https://live.staticflickr.com/4002/4287308376_5c0ec73185_b.jpg,by,2.0,https://creativecommons.org/licenses/by/2.0/,waterfall landscape,1024,678,768,509,54.906,1d6dabafbdc4fd0fec5e56bffc6de1764fa7406a
0081.jpg,waterfall,70e058f0-3f9e-4168-b4e4-1cf345aa8554,Multnomah Falls,flickr,Ian Sane,https://www.flickr.com/photos/31246066@N04/8566942237,https://live.staticflickr.com/8369/8566942237_6e4bba9301_b.jpg,by,2.0,https://creativecommons.org/licenses/by/2.0/,waterfall landscape,768,1024,576,768,27.776,0c4438cb7dd926d3da4452e8e4ff749b5fb4204b
0082.jpg,waterfall,f2c340e3-cd25-4a4d-abf1-07864669e6c1,waterfall,flickr,Silver Blu3,https://www.flickr.com/photos/12278984@N02/5115058146,https://live.staticflickr.com/1213/5115058146_46bd3f7eab_b.jpg,by,2.0,https://creativecommons.org/licenses/by/2.0/,waterfall landscape,1024,759,768,569,73.871,b98a38d192c030ee59b5f00abf9894a37be1a7a8
0083.jpg,waterfall,884a915c-dd5c-4ecd-a684-1fc8a23a7654,"Gullfoss waterfall, Iceland",flickr,Massimo Margagnoni,https://www.flickr.com/photos/50335549@N05/8488799380,https://live.staticflickr.com/8093/8488799380_d886d63cfc.jpg,by,2.0,https://creativecommons.org/licenses/by/2.0/,waterfall landscape,500,500,500,500,17.729,94f693dadbe5eeb14aa68321f99b21549dfc3fad
0084.jpg,waterfall,130fe941-c68a-492c-8120-eafad3bf8cc7,Swift River Waterfall,flickr,U.S. Geological Survey,https://www.flickr.com/photos/27784370@N05/11306679895,https://live.staticflickr.com/7410/11306679895_e6cf3dab51_b.jpg,cc0,1.0,https://creativecommons.org/publicdomain/zero/1.0/,waterfall landscape,1024,768,768,576,57.253,20e66bb0df44e62d6157c3530e4aa8ea0cfa7bd9
0085.jpg,waterfall,b657f2ed-210b-4599-ac57-60dabeae1b10,"Middle North Falls, Silver Falls State Park, Oregon",flickr,Bonnie Moreland (free images),https://www.flickr.com/photos/66741228@N05/49051024103,https://live.staticflickr.com/65535/49051024103_1042dc2eb3_b.jpg,pdm,1.0,https://creativecommons.org/publicdomain/mark/1.0/,waterfall landscape,1024,683,768,512,49.968,6b436e728072c28bdb13c104eb3089913ba951cc
0086.jpg,waterfall,769ba94b-5ce1-4aef-9e61-02b9a6b40468,Iguazú Falls,flickr,Phillie Casablanca,https://www.flickr.com/photos/19451080@N00/2052772412,https://live.staticflickr.com/2199/2052772412_4610847dd7_b.jpg,by,2.0,https://creativecommons.org/licenses/by/2.0/,waterfall landscape,1024,768,768,576,35.16,2a409eba8b6d0adda53803df3ece6a8bf2d97fd3
0087.jpg,waterfall,ca7254a8-9cd9-42a9-a0be-2131dff2c253,Waterfall,flickr,Silver Blu3,https://www.flickr.com/photos/12278984@N02/6679374097,https://live.staticflickr.com/7147/6679374097_5e361e8bf4_b.jpg,by,2.0,https://creativecommons.org/licenses/by/2.0/,waterfall landscape,683,1024,512,768,42.828,47e22a0716b98f341ed27598a0306d107655ada6
0088.jpg,waterfall,eb6779c2-fdf6-4a9e-a4a3-b1b104a04ee1,Waterfall,flickr,sufw,https://www.flickr.com/photos/30783433@N06/5424188769,https://live.staticflickr.com/5173/5424188769_115df06923_b.jpg,by-sa,2.0,https://creativecommons.org/licenses/by-sa/2.0/,waterfall landscape,1024,504,768,378,72.935,5ff702d2c8b49aee8f614de19feb75c643267def
0089.jpg,waterfall,c26d3c98-c96e-40b9-8f09-cdf22ab236e1,Norway and one of those many waterfalls,flickr,Alexandre Dulaunoy,https://www.flickr.com/photos/31797858@N00/4891109487,https://live.staticflickr.com/4134/4891109487_3266dcb5bf_b.jpg,by-sa,2.0,https://creativecommons.org/licenses/by-sa/2.0/,waterfall landscape,1024,683,768,512,45.588,2418d2d399bd7d58b774447694ef1aa83828d839
0090.jpg,waterfall,21d5e86e-2335-4fd7-a4be-49f0ce578c83,Grand Falls in Golden Light,flickr,Charlie Stinchcomb,https://www.flickr.com/photos/47000103@N05/8187151175,https://live.staticflickr.com/8209/8187151175_83fe40349c.jpg,by,2.0,https://creativecommons.org/licenses/by/2.0/,waterfall landscape,500,335,500,335,44.381,d668d6d2058ea872270e2e52810207cf2a6f45ea
0091.jpg,waterfall,e3a3e66f-5ca5-478e-a15c-beda54de0572,NASA spies wildfires running amok in California,nasa,NASA Goddard Photo and Video,https://www.flickr.com/photos/24662369@N07/37367420790,https://live.staticflickr.com/4473/37367420790_b9c3dbec0d_b.jpg,by,2.0,https://creativecommons.org/licenses/by/2.0/,waterfall landscape,791,1024,593,768,43.377,dd8d8595ce05e3a3c625820ebb0d37dc39d8bde0
0092.jpg,waterfall,d2bc925d-0acb-4734-a89b-b17a2bc31d64,Dead Tree,flickr,Doug Scortegagna,https://www.flickr.com/photos/56551021@N06/16359219036,https://live.staticflickr.com/8653/16359219036_64b342de67_b.jpg,by,2.0,https://creativecommons.org/licenses/by/2.0/,waterfall landscape,1023,576,768,432,70.213,1c59f8ce1fb885577a5759230ff2eb2a3dcbf3d8
0093.jpg,waterfall,e4b204f1-f3fa-4de1-aff6-ac9d2a63d1ac,Frozen Avalon Falls,flickr,Bold Frontiers,https://www.flickr.com/photos/82955120@N05/16411098722,https://live.staticflickr.com/8683/16411098722_b430df385e_b.jpg,by,2.0,https://creativecommons.org/licenses/by/2.0/,waterfall landscape,1024,683,768,512,65.167,b53ccdc47f527cdd356b96874198fca026023f0d
0094.jpg,waterfall,3d960014-2c0b-4ec4-8523-27f38da32b82,"Argentina-Iguazu-Close view of waterfall [Explored, 29/07/2015]",flickr,ustung,https://www.flickr.com/photos/126397594@N03/19468945654,https://live.staticflickr.com/429/19468945654_45c31b5fab_b.jpg,by,2.0,https://creativecommons.org/licenses/by/2.0/,waterfall landscape,1024,768,768,576,48.195,9a34d39b5b3fc07afed4f3865fea56f58b5fd0a2
0095.jpg,waterfall,9596d54b-dd79-4529-a81e-ff8f9f946cc2,"The waterfall Kivach. Suna River, 1915",flickr,Sergey Prokudin-Gorsky,https://www.flickr.com/photos/35373130@N05/3285176878,https://live.staticflickr.com/3588/3285176878_6efe6d9a1c_b.jpg,by,2.0,https://creativecommons.org/licenses/by/2.0/,waterfall landscape,1024,882,768,662,62.538,015f33fccd33a162e18c799e7cb0395e6e8c9eae
0096.jpg,waterfall,94265648-4682-4a26-a460-bd9927c95f13,Waterfall,flickr,KimvH,https://www.flickr.com/photos/93818798@N08/8583102411,https://live.staticflickr.com/8227/8583102411_1ee5876561_b.jpg,by,2.0,https://creativecommons.org/licenses/by/2.0/,waterfall landscape,683,1024,512,768,20.084,4a937b1099e11aac2db726aaf8976be8b0707210
0097.jpg,waterfall,ac54499b-bcdd-403b-a568-06a8da57f2c7,Waterfall,flickr,Horia Varlan,https://www.flickr.com/photos/10361931@N06/14630611425,https://live.staticflickr.com/3898/14630611425_1a222a2fbf_b.jpg,by,2.0,https://creativecommons.org/licenses/by/2.0/,waterfall landscape,1024,768,768,576,76.892,7e93cf1df3652959961760a950c249f0838be0d6
0098.jpg,waterfall,2bcb8834-e0b2-4c6e-a57a-3a63eee943c6,Waterfall,flickr,Walt Stoneburner,https://www.flickr.com/photos/8404611@N06/5771828256,https://live.staticflickr.com/2668/5771828256_51b8a5be14_b.jpg,by,2.0,https://creativecommons.org/licenses/by/2.0/,waterfall landscape,723,1024,542,768,53.851,86e83f7724c45244f551ccd76f31a7a64e162465
0099.jpg,waterfall,6e7946e9-460d-4255-98eb-c2d4b199997f,air terjun kemenuh,flickr,ῨᾂῄὐἄṜ™,https://www.flickr.com/photos/68801626@N00/2669429357,https://live.staticflickr.com/3281/2669429357_b656ce107b_b.jpg,by,2.0,https://creativecommons.org/licenses/by/2.0/,waterfall landscape,1024,679,768,509,61.1,6bce6b178cf7686b36c2f806381427ebea7d6998
0100.jpg,waterfall,6f21b8be-7d4e-4ef5-aa50-75c6b7085e39,Rainbow fall,flickr,Joseclm,https://www.flickr.com/photos/70802408@N04/8648218444,https://live.staticflickr.com/8519/8648218444_fe6bf53c20_b.jpg,by,2.0,https://creativecommons.org/licenses/by/2.0/,waterfall landscape,683,1024,512,768,63.588,74fd4c28d543ec205167f0a9a45bf281d45e4b7b
0123.jpg,waterfall,1082619a-f8bf-4b1c-b3a9-5e4be26b3fc2,Backyard jacuzzi,flickr,typicalnaloboy,https://www.flickr.com/photos/29814444@N07/3127169250,https://live.staticflickr.com/3251/3127169250_fcc1994d31.jpg,by-sa,2.0,https://creativecommons.org/licenses/by-sa/2.0/,waterfall landscape,500,335,500,335,69.849,d661ee631287751b05c3bbb47d4c3d1096ef6012
0121.jpg,waterfall,71fcfbbc-470f-4bc6-878d-f94f01e0e38c,Rainbow,flickr,Arch_Sam,https://www.flickr.com/photos/132084522@N05/17010519005,https://live.staticflickr.com/8736/17010519005_287127e51e_b.jpg,by,2.0,https://creativecommons.org/licenses/by/2.0/,waterfall landscape,1024,601,768,451,43.794,e12ee99f34cc21357866bcca096ba3565a928c66
0122.jpg,waterfall,1457401c-7a77-4679-be8b-dbedc51961b1,Bridal Veil Falls,flickr,LukeDetwiler,https://www.flickr.com/photos/90099844@N04/12109765954,https://live.staticflickr.com/2820/12109765954_927936027f_b.jpg,by,2.0,https://creativecommons.org/licenses/by/2.0/,waterfall landscape,683,1024,512,768,28.282,abda17d353cba80ce47cf574ba2446d52a7194c6
0124.jpg,waterfall,24409b50-48f6-4f7c-aab2-97a4188dd7f4,Nature's Shower,flickr,Gemma Stiles,https://www.flickr.com/photos/57254022@N03/7703735234,https://live.staticflickr.com/7280/7703735234_c2accc406a_b.jpg,by,2.0,https://creativecommons.org/licenses/by/2.0/,waterfall landscape,1024,683,768,512,80.751,8d5ff50984f45d0d35c0be02152422a905d22780
0120.jpg,waterfall,3b001980-5fc0-4b7f-9304-dcdac86e7245,Hawaii Big Island,flickr,szeke,https://www.flickr.com/photos/43355249@N00/51815226620,https://live.staticflickr.com/65535/51815226620_0b11e829ed_b.jpg,by-sa,2.0,https://creativecommons.org/licenses/by-sa/2.0/,waterfall landscape,683,1024,512,768,61.894,de3fb55c3ed4b6a142edd66dfa3c813525368fdf
0119.jpg,waterfall,f182968c-48e2-478d-b927-081ddbf8d92e,Mule Creek,flickr,BLM Oregon & Washington,https://www.flickr.com/photos/50169152@N06/11406695316,https://live.staticflickr.com/3774/11406695316_9fac6a16d8_b.jpg,by,2.0,https://creativecommons.org/licenses/by/2.0/,waterfall landscape,1024,683,768,512,71.001,e6027c4c1c50f1d5b0d7ce3d965e4e06e15ea865
0125.jpg,waterfall,44395401-f9a1-4170-912d-ef8b842b7847,Bridal Veil Falls,flickr,Kiwi Tom,https://www.flickr.com/photos/127665714@N08/32575002710,https://live.staticflickr.com/3814/32575002710_a7a9f08739_b.jpg,by,2.0,https://creativecommons.org/licenses/by/2.0/,waterfall landscape,1024,798,768,599,37.206,b248a518fcffb366cb06883ba2868d01196d3329
0127.jpg,waterfall,9aefcb01-74bf-4af1-8e2f-bf0582753fe5,Blackwater Falls,flickr,Bold Frontiers,https://www.flickr.com/photos/82955120@N05/14862364609,https://live.staticflickr.com/5581/14862364609_300110d845_b.jpg,by,2.0,https://creativecommons.org/licenses/by/2.0/,waterfall landscape,1024,683,768,512,75.113,42c1186f606561285b8bdfae5fd128884b55c240
0130.jpg,waterfall,f7fec643-73bb-411a-ba4f-9f01eb5bf78a,Surf,flickr,objectfox,https://www.flickr.com/photos/44124372247@N01/74254950,https://live.staticflickr.com/36/74254950_ffa44251c8_b.jpg,by,2.0,https://creativecommons.org/licenses/by/2.0/,waterfall landscape,1024,683,768,512,41.43,b507a38982bf7ca80045ac76875fcc68dd87e18a
0129.jpg,waterfall,87f28479-f679-44eb-971c-e2f23e7bd887,Erawan Waterfalls -- 7 Steps to Heaven,flickr,Todd Huffman,https://www.flickr.com/photos/99287245@N00/183134773,https://live.staticflickr.com/55/183134773_e9c1b824c7_b.jpg,by-sa,2.0,https://creativecommons.org/licenses/by-sa/2.0/,waterfall landscape,1024,768,768,576,59.428,767d88efd3dd8421626fe5b5956c6851fcff885e
0126.jpg,waterfall,634760e8-86ea-4aa6-a941-11475be9e110,Violent Storm Strikes Western Europe,nasa,NASA Goddard Photo and Video,https://www.flickr.com/photos/24662369@N07/4403581175,https://live.staticflickr.com/4023/4403581175_ae00d4ffcd_b.jpg,by,2.0,https://creativecommons.org/licenses/by/2.0/,waterfall landscape,1024,512,768,384,71.577,6129be4db061e249d5125ad09d9e467137b0cb40
0128.jpg,waterfall,0ba6a3c9-01ad-4e8f-86fd-99e05a23b69c,Waterfalls,flickr,Sean MacEntee,https://www.flickr.com/photos/18090920@N07/5796757101,https://live.staticflickr.com/5221/5796757101_e6acb81d64_b.jpg,by,2.0,https://creativecommons.org/licenses/by/2.0/,waterfall landscape,1024,768,768,576,69.886,0cded9b6c99a8b08b1472fcecf03c540cded6d20
0131.jpg,waterfall,9fae8662-5dd2-45fd-93db-27e787b6e305,Fire Season 2015 in Alaska Set to Break Records,nasa,NASA Goddard Photo and Video,https://www.flickr.com/photos/24662369@N07/19568125979,https://live.staticflickr.com/497/19568125979_14f6dfdbae_b.jpg,by,2.0,https://creativecommons.org/licenses/by/2.0/,waterfall landscape,1024,800,768,600,59.414,c0259bdbbb716ad0d397173ac9228b24cb0a8282
0132.jpg,waterfall,e36f8924-2ef0-4c92-8401-587e98f38c24,"Fire and Smoke in Western Russia on August 4, 2010 [high res]",nasa,NASA Goddard Photo and Video,https://www.flickr.com/photos/24662369@N07/4862484391,https://live.staticflickr.com/4081/4862484391_a62c55e00f_b.jpg,by,2.0,https://creativecommons.org/licenses/by/2.0/,waterfall landscape,1023,631,768,474,51.613,9a41dc0d675dd190f6d1b0f7af1c160203b10ff6
0134.jpg,waterfall,b25c7239-25ce-45f4-8def-ba74e5f160fc,Oil Slick in the Gulf of Mexico May 17th View [Detail],nasa,NASA Goddard Photo and Video,https://www.flickr.com/photos/24662369@N07/4616345188,https://live.staticflickr.com/3352/4616345188_175da5424d_b.jpg,by,2.0,https://creativecommons.org/licenses/by/2.0/,waterfall landscape,1024,996,768,747,46.457,2186504a93206b18d5d80c6b4181af9b0620cbe7
0133.jpg,waterfall,82bd5552-8bfb-4e12-93d7-979822c11115,Yosemite Falls,flickr,docentjoyce,https://www.flickr.com/photos/99003655@N00/3673909650,https://live.staticflickr.com/3305/3673909650_7fe23a9cdc_b.jpg,by,2.0,https://creativecommons.org/licenses/by/2.0/,waterfall landscape,1023,747,768,561,60.303,3b452185f3e9e1c975b137863ecc197b339c4bf0
0136.jpg,waterfall,e68c9d8b-1db0-439c-a52b-e559354088e1,Wharnley Burn Waterfall,flickr,Mickyboyc,https://www.flickr.com/photos/41281834@N08/16498619809,https://live.staticflickr.com/8573/16498619809_31bb828abc_b.jpg,by,2.0,https://creativecommons.org/licenses/by/2.0/,waterfall landscape,1024,683,768,512,68.926,12dfcace877ebf8a86ba29b6c0ffe4794cd6545f
0135.jpg,waterfall,9978cae5-e384-4fd2-a33c-d33a58eb6751,"Lower Westcliffe Falls, Hamilton, Ontario",flickr,Mustang Joe,https://www.flickr.com/photos/63234672@N04/8652631007,https://live.staticflickr.com/8380/8652631007_10ba208e43_b.jpg,cc0,1.0,https://creativecommons.org/publicdomain/zero/1.0/,waterfall landscape,768,1024,576,768,72.107,2a097d03c23f58d45c2a42683d61a1a1175e7591
0137.jpg,waterfall,e82e32d7-0d0e-4bb4-b9dd-5ca9618e099f,Mitre Peak,flickr,Jocey K,https://www.flickr.com/photos/48627921@N05/11177921176,https://live.staticflickr.com/7400/11177921176_5169b3905a_b.jpg,by-sa,2.0,https://creativecommons.org/licenses/by-sa/2.0/,waterfall landscape,1000,669,768,514,42.548,ffab79cd43ea0d78f0b6bfba0df7adb7766057be
0138.jpg,waterfall,50f6ffae-39ff-4025-a6e7-775b9934bb73,"The Weatherboard Waterfall, Blue Mountains",flickr,"Blue Mountains Library, Local Studies",https://www.flickr.com/photos/26602074@N06/12095330864,https://live.staticflickr.com/5486/12095330864_faed679764_b.jpg,by-sa,2.0,https://creativecommons.org/licenses/by-sa/2.0/,waterfall landscape,748,1024,561,768,64.249,812f98d88d1bfe17d27a3ead2c11d60a5771ac0e
0140.jpg,waterfall,d3740925-faef-4ec4-b274-236d7d28e606,Niagara Falls,flickr,radkuch.13,https://www.flickr.com/photos/137294100@N08/48931371503,https://live.staticflickr.com/65535/48931371503_b28f5b04c8_b.jpg,by,2.0,https://creativecommons.org/licenses/by/2.0/,waterfall landscape,1024,576,768,432,64.481,9f5d652a35b39c6e585db16c696791745be95258
0139.jpg,waterfall,21a0d440-0794-4847-b624-02fe939db576,A Glorious View,nasa,NASA Goddard Photo and Video,https://www.flickr.com/photos/24662369@N07/7551317226,https://live.staticflickr.com/8005/7551317226_816bb80f6a_b.jpg,by,2.0,https://creativecommons.org/licenses/by/2.0/,waterfall landscape,887,1024,665,768,52.757,22a11000bc22964b7878d2f78dc3447ff2220e4d
0141.jpg,waterfall,33cc41a4-bef4-4a79-85f9-2894a71cbd37,Blue Glencar Falls,flickr,Bold Frontiers,https://www.flickr.com/photos/82955120@N05/10076743033,https://live.staticflickr.com/5533/10076743033_131ce4b96a_b.jpg,by,2.0,https://creativecommons.org/licenses/by/2.0/,waterfall landscape,683,1024,512,768,63.172,a1e5a2670d4f15c0b142521b3440586201c62080
0142.jpg,waterfall,97ff8813-e095-49ce-81f7-08b820194a52,Waterfalls and Fog.,flickr,H o l l y.,https://www.flickr.com/photos/48337528@N05/15959445912,https://live.staticflickr.com/8612/15959445912_84123a717d_b.jpg,by,2.0,https://creativecommons.org/licenses/by/2.0/,waterfall landscape,1024,691,768,518,21.063,de9c70fb0d309cf1cec43de4aaf41cf5651d4561
0143.jpg,waterfall,1b300f14-649f-4c93-a542-43ff325a6194,Autumn,flickr,Daily Picture,https://www.flickr.com/photos/8368208@N08/3060093935,https://live.staticflickr.com/3217/3060093935_99b7d2ab23_b.jpg,by,2.0,https://creativecommons.org/licenses/by/2.0/,waterfall landscape,705,1023,529,768,29.145,a18510c2fa32275035e83d7fc2e7180f2535b06b
0145.jpg,waterfall,eec796d7-01bc-45b6-86af-c6a1353ad4cf,Fires and Smoke in Mexico,nasa,NASA Goddard Photo and Video,https://www.flickr.com/photos/24662369@N07/5752410980,https://live.staticflickr.com/2560/5752410980_3159c51783_b.jpg,by,2.0,https://creativecommons.org/licenses/by/2.0/,waterfall landscape,1023,761,768,571,50.225,3cd7b0b929e501c747de51f2a98182c4f6b6dd87
0144.jpg,waterfall,0953b496-630f-492c-b1b3-85a3a045cba6,Avalon Fantasy Falls,flickr,Bold Frontiers,https://www.flickr.com/photos/82955120@N05/15903025440,https://live.staticflickr.com/7568/15903025440_194cb465f6_b.jpg,by,2.0,https://creativecommons.org/licenses/by/2.0/,waterfall landscape,1024,683,768,512,51.41,e929cb71b578a5e51229fb6c14f8e82ce17de8f0
0146.jpg,waterfall,599691a4-d1b2-4809-8fd5-94997a6a6084,Long exposure of waterfall near Milford Sound,flickr,Kiwi Tom,https://www.flickr.com/photos/127665714@N08/15556927616,https://live.staticflickr.com/5598/15556927616_161c78b073_b.jpg,by,2.0,https://creativecommons.org/licenses/by/2.0/,waterfall landscape,678,1024,508,768,62.917,dfa20f0bc8fdd497928ec820f9770fa770ff9174
0148.jpg,waterfall,8112963c-3c3d-4769-b99d-482ed7e9f14b,H2o,flickr,Massimo Margagnoni,https://www.flickr.com/photos/50335549@N05/7209301894,https://live.staticflickr.com/7218/7209301894_ed852c0580_b.jpg,by,2.0,https://creativecommons.org/licenses/by/2.0/,waterfall landscape,1024,1024,768,768,69.425,8e5df5685797a489e969495506fa16b204c02839
0147.jpg,waterfall,eb64760f-5d12-4ca2-95bf-37966f452776,close waterfall and snags KEFJ,flickr,AlaskaNPS,https://www.flickr.com/photos/75182224@N04/9027371766,https://live.staticflickr.com/3696/9027371766_4b0d28bea6_b.jpg,pdm,1.0,https://creativecommons.org/publicdomain/mark/1.0/,waterfall landscape,683,1024,512,768,84.803,56241e7d094caa4740b715fb352d4aec93c91321
0149.jpg,waterfall,baed0162-dae5-45f6-a9e2-c5dc14cfc9e9,A stream in megamalai...,flickr,VinothChandar,https://www.flickr.com/photos/44345361@N06/5880262522,https://live.staticflickr.com/5226/5880262522_9547273aa4_b.jpg,by,2.0,https://creativecommons.org/licenses/by/2.0/,waterfall landscape,1024,683,768,512,58.568,4db456ec6497c31682617c06a04392c032bc167a
0150.jpg,waterfall,038ae80b-d69c-433a-a5f8-42a097a77e8a,Delta WSR,flickr,mypubliclands,https://www.flickr.com/photos/91981596@N06/16699396056,https://live.staticflickr.com/8568/16699396056_8da2c0c1fc_b.jpg,by,2.0,https://creativecommons.org/licenses/by/2.0/,waterfall landscape,1024,688,768,516,66.278,13855ae3f647c37d5a640fff7338110915ce1e93
0151.jpg,waterfall,e6475e68-276f-4167-9742-c2ac062c09d0,Down to the lake,flickr,JanetR3,https://www.flickr.com/photos/54060879@N02/13193125574,https://live.staticflickr.com/3802/13193125574_79fc4d8b12_b.jpg,by,2.0,https://creativecommons.org/licenses/by/2.0/,waterfall landscape,1023,653,768,490,60.469,575d16bb9fda580f57742eb6cf6b88ad13293326
0152.jpg,waterfall,bef4a5e4-3b70-4151-80a2-b61ddfe90cbe,lower punchbowl falls,flickr,LukeDetwiler,https://www.flickr.com/photos/90099844@N04/15596576565,https://live.staticflickr.com/3946/15596576565_2315c73ab4_b.jpg,by,2.0,https://creativecommons.org/licenses/by/2.0/,waterfall landscape,1024,683,768,512,27.74,dd2e910a8b176544891ed305eee89ad8417c9677
0153.jpg,waterfall,b551120a-d500-4b57-b11f-fd93821180e2,袋田の滝 氷瀑,flickr,IbaGeo,https://www.flickr.com/photos/49798772@N03/5379973413,https://live.staticflickr.com/5005/5379973413_c881e16ed1_b.jpg,by,2.0,https://creativecommons.org/licenses/by/2.0/,waterfall landscape,1024,683,768,512,63.234,cc0a3116cd7f7ccf2fba042e5f68428de22eeca8
0155.jpg,waterfall,a752c73e-b46f-4c4e-a4c1-f431fb710637,in the woods.,flickr,Holly Norval,https://www.flickr.com/photos/63833161@N05/11072202733,https://live.staticflickr.com/5505/11072202733_5bdc28f7d4_b.jpg,by,2.0,https://creativecommons.org/licenses/by/2.0/,waterfall landscape,1024,679,768,509,47.175,639390dcaa9d25311f43ca3cb0ebf3dc9fffff96
0157.jpg,waterfall,ecc23664-b55a-4b0f-985a-2c00b3429f53,Silver Spray Falls (Revisited),flickr,Nicholas_T,https://www.flickr.com/photos/14922165@N00/5272746500,https://live.staticflickr.com/5008/5272746500_7f58434cbc_b.jpg,by,2.0,https://creativecommons.org/licenses/by/2.0/,waterfall landscape,768,1024,576,768,60.202,55b320dca5cc7ff5311c10e91aa4886a18cb9f56
0156.jpg,waterfall,eb03c21b-eca2-4fb5-a9e2-7c936fd5e61a,Grand Prismatic Spring:Yellowstone National Park - 2014,flickr,Kyla Duhamel,https://www.flickr.com/photos/31119510@N06/14716600898,https://live.staticflickr.com/5589/14716600898_c249b84082_b.jpg,by,2.0,https://creativecommons.org/licenses/by/2.0/,waterfall landscape,1024,683,768,512,66.731,8a23bc78bb1f10f7b69f7dc41d1d2f27aaecf54a
0158.jpg,waterfall,b0c8a8cf-8865-4884-b29c-c922ff307caa,water,flickr,Jose Nicdao,https://www.flickr.com/photos/89745292@N00/6092938097,https://live.staticflickr.com/6184/6092938097_d007a3bfcc_b.jpg,by,2.0,https://creativecommons.org/licenses/by/2.0/,waterfall landscape,1024,683,768,512,42.461,c0af54bb9082aae171861955dcdfc05cb51416a5
0159.jpg,waterfall,67dc7332-b7bf-4c17-a0e7-51254c9dfd4c,Buachaille Etive Mor (Explored),flickr,Christopher Combe Photography,https://www.flickr.com/photos/79196871@N08/10909882916,https://live.staticflickr.com/7290/10909882916_d320592238_b.jpg,by,2.0,https://creativecommons.org/licenses/by/2.0/,waterfall landscape,721,1023,541,768,59.645,9e23c0ba48e022c92fc193f5f9a1b774b56f290e
0154.jpg,waterfall,9145602f-6278-4f57-8c84-4e5a63b11c97,El Salto Angel (completamente alucinante y magico),flickr,Inti,https://www.flickr.com/photos/66474562@N00/3102779830,https://live.staticflickr.com/3244/3102779830_c31973d905_b.jpg,by,2.0,https://creativecommons.org/licenses/by/2.0/,waterfall landscape,683,1024,512,768,42.967,ed82a2b186a46103779c248b85850d4561b8a2ef
0160.jpg,waterfall,570b2387-6313-41cc-b655-7c8be5ab0c62,Amargosa WSR,flickr,mypubliclands,https://www.flickr.com/photos/91981596@N06/9430597065,https://live.staticflickr.com/7320/9430597065_1fc81e3b4e_b.jpg,by,2.0,https://creativecommons.org/licenses/by/2.0/,waterfall landscape,1000,667,768,512,24.835,495e71a2620f4411f40579d8155609127397e664
0163.jpg,waterfall,a9ab4e90-e962-40bd-b579-2abaa02db280,Iguazú falls Brasilian views,flickr,Qu1m,https://www.flickr.com/photos/96076734@N00/359188921,https://live.staticflickr.com/147/359188921_440566513e_b.jpg,by,2.0,https://creativecommons.org/licenses/by/2.0/,waterfall landscape,1024,683,768,512,42.792,0742c7ad217af5fcbf5c3753ecaf00bd8b28ae15
0161.jpg,waterfall,5d085f2d-d4bc-47f1-be0f-189fdca4fb55,Secret Waterfalls Heavenly Sunbeam,flickr,ForestWander.com,https://www.flickr.com/photos/10922353@N03/5913998299,https://live.staticflickr.com/6009/5913998299_340fb163c9_b.jpg,by-sa,2.0,https://creativecommons.org/licenses/by-sa/2.0/,waterfall landscape,1024,683,768,512,48.15,80302dddf7fe53548e2a2758c3436ce9562c593e
0162.jpg,waterfall,605986cb-a999-40b2-997c-928fa00888ed,NASA Sees Tropical Storm Bill Making Landfall in Texas,nasa,NASA Goddard Photo and Video,https://www.flickr.com/photos/24662369@N07/18869937185,https://live.staticflickr.com/5540/18869937185_fa48c39db4_b.jpg,by,2.0,https://creativecommons.org/licenses/by/2.0/,waterfall landscape,785,1024,589,768,64.228,f8c443bf125a9385b45efa2b0a3980d5d3b511d9
0164.jpg,waterfall,a26a2c34-80a5-4963-bdc1-5df1392f6308,Massive Mid-west to Mid-Atlantic Storm System of June 13,nasa,NASA Goddard Photo and Video,https://www.flickr.com/photos/24662369@N07/9040974653,https://live.staticflickr.com/5482/9040974653_356745cef1_b.jpg,by,2.0,https://creativecommons.org/licenses/by/2.0/,waterfall landscape,1023,796,768,598,42.373,2d423bce45d13bac7297ed90c8cbe2f1988d39c0
0165.jpg,waterfall,f04a396f-2084-4e6f-9b3a-2c99cfa319ea,Rio Celeste Falls,flickr,thombo2,https://www.flickr.com/photos/17383471@N00/318167184,https://live.staticflickr.com/138/318167184_a33be5f8ff_b.jpg,by-sa,2.0,https://creativecommons.org/licenses/by-sa/2.0/,waterfall landscape,1023,734,768,551,41.792,62431cd17c5bc25445dc3800faa0aec00e465f1b
0166.jpg,waterfall,6e546e7c-d326-42b9-8a31-48f00b55d6f9,Dark Hollow Falls,flickr,Bold Frontiers,https://www.flickr.com/photos/82955120@N05/15644542950,https://live.staticflickr.com/5604/15644542950_02b7bd1ce9_b.jpg,by,2.0,https://creativecommons.org/licenses/by/2.0/,waterfall landscape,1024,683,768,512,80.531,d39aab74e6e283fbd2179c5fd3c64cc7b0d0b81c
0169.jpg,waterfall,e14bd0c4-4e25-431e-9abe-08a10dbbe732,The reward after the hike,flickr,Tiomax80,https://www.flickr.com/photos/69062568@N02/42352145811,https://live.staticflickr.com/1735/42352145811_54f5f1eba2_b.jpg,by,2.0,https://creativecommons.org/licenses/by/2.0/,waterfall landscape,684,1024,513,768,78.727,10435d8d17735b7b0e17b95121c1a8a417cbc3c8
0168.jpg,waterfall,77d8100d-4f5d-45c7-bfc6-147eab5af575,Wolf Run (3),flickr,Nicholas_T,https://www.flickr.com/photos/14922165@N00/8304995485,https://live.staticflickr.com/8224/8304995485_72f59f5db8_b.jpg,by,2.0,https://creativecommons.org/licenses/by/2.0/,waterfall landscape,1024,683,768,512,61.257,23d733449ec718edca6112ef2096f1ca37c17e5b
0167.jpg,waterfall,7529e3cb-3040-4893-abd7-b28bb569e271,hanakapiai falls,flickr,paul bica,https://www.flickr.com/photos/99771506@N00/6108670583,https://live.staticflickr.com/6083/6108670583_b24a4025a0_b.jpg,by,2.0,https://creativecommons.org/licenses/by/2.0/,waterfall landscape,1024,768,768,576,82.308,b08148c48018124a5808127775dc22713873dbd6
0170.jpg,waterfall,b2bafc9d-6cb7-43ff-a2f0-c16168a4f4a4,[2006] Cachoeira do Mato Limpo,flickr,Diego3336,https://www.flickr.com/photos/31018257@N00/142845984,https://live.staticflickr.com/49/142845984_238a14a5bc_b.jpg,by,2.0,https://creativecommons.org/licenses/by/2.0/,waterfall landscape,1024,675,768,506,71.346,f03ebb8c7e14ff9f52c6da3c9f80a9ed700fbbe5
0171.jpg,waterfall,2e8a7d77-d43f-4079-bb0e-cd1af18a8c11,Jealousy Ensues,flickr,U.S. Geological Survey,https://www.flickr.com/photos/27784370@N05/22005380802,https://live.staticflickr.com/597/22005380802_4772b8bdf5_b.jpg,pdm,1.0,https://creativecommons.org/publicdomain/mark/1.0/,waterfall landscape,1024,768,768,576,41.932,a85643ffe1ddf0738f7474486409125a60803881
0172.jpg,waterfall,d4d257fb-ecb9-431b-8705-0c35d9b4d962,South Brazil - In Explore 06-23-2015,flickr,Doug Scortegagna,https://www.flickr.com/photos/56551021@N06/18886832919,https://live.staticflickr.com/476/18886832919_238956a805_b.jpg,by,2.0,https://creativecommons.org/licenses/by/2.0/,waterfall landscape,1024,768,768,576,92.105,95b07c9e916ba21d3776971f073ccdabbb41bf3c
0173.jpg,waterfall,bf4abcb1-dbfa-47ce-869d-924ee5142660,Glen Artney Stream,flickr,Bold Frontiers,https://www.flickr.com/photos/82955120@N05/15978065635,https://live.staticflickr.com/7489/15978065635_59d14e07d0_b.jpg,by,2.0,https://creativecommons.org/licenses/by/2.0/,waterfall landscape,1024,683,768,512,56.515,20622a3162fa82af654cfffed3c1db7f297c3f2c
0177.jpg,waterfall,4abf1b0c-c14d-4b3a-bd29-1c2e801a92e5,Satellite Shows Powerful Cold Front Moving Off U.S. East Coast,nasa,NASA Goddard Photo and Video,https://www.flickr.com/photos/24662369@N07/14220736823,https://live.staticflickr.com/2903/14220736823_43c3502a93_b.jpg,by,2.0,https://creativecommons.org/licenses/by/2.0/,waterfall landscape,1024,853,768,640,47.693,25836ba97cae01784db3dc1d5fe5686d8a4a7ce6
0174.jpg,waterfall,317ede66-cb28-4771-8dc3-5de661103be0,With Love From Maryland,flickr,Bold Frontiers,https://www.flickr.com/photos/82955120@N05/19932426919,https://live.staticflickr.com/65535/19932426919_e1fd4de7cc_b.jpg,by,2.0,https://creativecommons.org/licenses/by/2.0/,waterfall landscape,1024,683,768,512,86.005,fc0d60db3423e2c20d8753391074f2572575507b
0175.jpg,waterfall,fa6c41dd-6fee-44b4-ad8c-2cd58e97370f,Stream of Frozen Hope,flickr,Bold Frontiers,https://www.flickr.com/photos/82955120@N05/16410328331,https://live.staticflickr.com/7328/16410328331_bf985368ae_b.jpg,by,2.0,https://creativecommons.org/licenses/by/2.0/,waterfall landscape,1024,683,768,512,64.846,b196eb98181772ae7e15970e69c8c44810652743
0178.jpg,waterfall,1e4932e0-79c7-4393-96d0-5d64c612fbb2,Infrared HDR Seven Falls Colorado Springs Colorado,flickr,Brokentaco,https://www.flickr.com/photos/92024986@N00/3782308729,https://live.staticflickr.com/2471/3782308729_24b4311444_b.jpg,by,2.0,https://creativecommons.org/licenses/by/2.0/,waterfall landscape,1024,682,768,512,66.941,3b40190936b93ba9370d97852b53131032fd2f3f
0176.jpg,waterfall,0f3974d3-57e7-453d-b2b6-e3d487f750bb,Watergame IIa,flickr,marcostetter,https://www.flickr.com/photos/149556095@N03/27988167878,https://live.staticflickr.com/958/27988167878_e324215103_b.jpg,pdm,1.0,https://creativecommons.org/publicdomain/mark/1.0/,waterfall landscape,1024,683,768,512,76.605,9a94d3dd9e84e54ea7dd758807024e54d24c9f06
0180.jpg,waterfall,8f8792ff-4af5-4451-9c99-ac4a4bd19e0d,Were Nature Wish To Speak To You.. Desperately..,flickr,PRAVEEN VENUGOPAL,https://www.flickr.com/photos/44745966@N07/5622016053,https://live.staticflickr.com/5022/5622016053_7281735f05_b.jpg,by,2.0,https://creativecommons.org/licenses/by/2.0/,waterfall landscape,1024,684,768,513,46.283,71b4454037827de8082adcb5911b4dc856975063
0181.jpg,waterfall,0adcadaa-731c-48f4-af56-dc07609c42f0,Angel Falls from our camp,flickr,davidkjelkerud,https://www.flickr.com/photos/44132344@N00/219287508,https://live.staticflickr.com/60/219287508_b54582abdb_b.jpg,by,2.0,https://creativecommons.org/licenses/by/2.0/,waterfall landscape,681,1024,511,768,70.287,1a3d6bc308db1d61b67fc45bd7d0556ee813e0cb
0183.jpg,waterfall,4a45737e-d5ad-4eb1-bd65-71e3fb2cd071,"NASA Satellite View of Japan on May 20, 2011",nasa,NASA Goddard Photo and Video,https://www.flickr.com/photos/24662369@N07/5739304803,https://live.staticflickr.com/3296/5739304803_f30539aed2_b.jpg,by,2.0,https://creativecommons.org/licenses/by/2.0/,waterfall landscape,883,1024,662,768,42.346,02f6da3e25983ce890602be2ed5b5d96f647e836
0184.jpg,waterfall,267d112f-f39f-483d-b332-524b0fd8064a,Yosemite,flickr,akasped,https://www.flickr.com/photos/26736723@N00/9111411547,https://live.staticflickr.com/2853/9111411547_14db9fddd4_b.jpg,by,2.0,https://creativecommons.org/licenses/by/2.0/,waterfall landscape,683,1024,512,768,62.479,6dd5afb814df4217fb2624479f27d65dd55f4be9
0179.jpg,waterfall,7e0ec192-9b9c-4c8d-8a3c-f6b355d63690,Hanging Gardens,flickr,ZionNPS,https://www.flickr.com/photos/54168808@N03/17076939513,https://live.staticflickr.com/8882/17076939513_7ed2c42ac8_b.jpg,by,2.0,https://creativecommons.org/licenses/by/2.0/,waterfall landscape,685,1023,514,768,69.575,02c782179b12fa3179406813a245d6642ebc5bdc
0182.jpg,waterfall,867b95a7-23be-4fc9-b95d-e4930dedcdf2,Watergame II,flickr,marcostetter,https://www.flickr.com/photos/149556095@N03/40928699665,https://live.staticflickr.com/960/40928699665_19ee99351f_b.jpg,pdm,1.0,https://creativecommons.org/publicdomain/mark/1.0/,waterfall landscape,1024,576,768,432,84.811,3f65093312f788f15f8bd553b77a7eb842e6f993
0185.jpg,waterfall,5b19de03-16e0-4097-b696-36d4a218db76,"Sarajevo, Bosnia and Herzegovina 1984 (Yugoslavia)",nasa,NASA Goddard Photo and Video,https://www.flickr.com/photos/24662369@N07/12350250365,https://live.staticflickr.com/7401/12350250365_af03a5423b_b.jpg,by,2.0,https://creativecommons.org/licenses/by/2.0/,waterfall landscape,1024,808,768,606,54.127,8b63dcccdefe12c2389ef0134415b958c0281db4
0186.jpg,waterfall,51b2f386-2c49-41d7-b777-467a6ecd9572,Waterfall Palenque Mexico one of my favorites,flickr,zoutedrop,https://www.flickr.com/photos/24028533@N03/2297190795,https://live.staticflickr.com/3055/2297190795_e3c73b1af5_b.jpg,by,2.0,https://creativecommons.org/licenses/by/2.0/,waterfall landscape,1024,744,768,558,71.573,9746624572ae905b5d56353f8d701c8dba45306b
0187.jpg,waterfall,c2e3f4a0-dbb0-40b6-9cfb-3b933678ebfb,Winding Blackwater Falls - Inca Summer Fantasy,flickr,Bold Frontiers,https://www.flickr.com/photos/82955120@N05/19869840481,https://live.staticflickr.com/510/19869840481_3a8d62ed7a_b.jpg,by,2.0,https://creativecommons.org/licenses/by/2.0/,waterfall landscape,1024,683,768,512,74.602,ad2dca83f51be032a0f5736b9e5f6fe8625960d4
0188.jpg,waterfall,f89f96f8-864a-49b2-9e06-ba8a42e9f922,Zimbabwe - Victoria Falls from a Helicopter - 1994,flickr,Gareth1953 All Right Now,https://www.flickr.com/photos/40837632@N05/4480694431,https://live.staticflickr.com/2688/4480694431_00edbce343_b.jpg,by,2.0,https://creativecommons.org/licenses/by/2.0/,waterfall landscape,1024,689,768,517,55.667,997b1ea6a6f5c02be1d48692e7683b1d5f1df65f
0190.jpg,waterfall,127f7c5b-993f-41ec-bfac-c2e654a16b7c,20140921-DSC_4511_copy,flickr,Jim Sorbie,https://www.flickr.com/photos/78833582@N00/15224371357,https://live.staticflickr.com/2949/15224371357_15f42e2649_b.jpg,by,2.0,https://creativecommons.org/licenses/by/2.0/,waterfall landscape,1024,686,768,515,50.252,8f4a0cc2df79c81ef90a4b8663bac5905fd13297
0189.jpg,waterfall,303a8dd9-a948-42e4-8cdf-345a14471c27,Grupal Fervenza do Toxa (EXPLORED),flickr,Salvador Moreira,https://www.flickr.com/photos/26608338@N05/4528627167,https://live.staticflickr.com/4023/4528627167_46bb763b92_b.jpg,by-sa,2.0,https://creativecommons.org/licenses/by-sa/2.0/,waterfall landscape,1024,680,768,510,75.855,15bff1a4021110a7f71a36c7ef7b843d14f61949
0191.jpg,waterfall,e2c57e51-7550-4973-9b40-185b73a26b05,"Alsea Falls Benton County, Oregon",flickr,Kirt Edblom,https://www.flickr.com/photos/27190564@N02/16068831838,https://live.staticflickr.com/7546/16068831838_5eaa386e1b_b.jpg,by-sa,2.0,https://creativecommons.org/licenses/by-sa/2.0/,waterfall landscape,1024,682,768,512,75.595,0787abbba658082b40b830b3c863d80d605d8b2e
0192.jpg,waterfall,d4c6b67e-cf37-4a6d-b4d4-da29980ddd6a,Avalanche,flickr,*~Dawn~*,https://www.flickr.com/photos/12187063@N02/4559224721,https://live.staticflickr.com/4031/4559224721_e1d211ce49_b.jpg,by,2.0,https://creativecommons.org/licenses/by/2.0/,waterfall landscape,679,1024,509,768,50.016,669e24bd186f1e09af9776db7efe496e7a34d2ad
0193.jpg,waterfall,42ff09a8-9987-4346-9737-2a1b613ddcb4,Hawaii,flickr,jenschapter3,https://www.flickr.com/photos/33125787@N00/5638979306,https://live.staticflickr.com/5189/5638979306_3855ddcb00_b.jpg,by,2.0,https://creativecommons.org/licenses/by/2.0/,waterfall landscape,683,1024,512,768,64.279,cb184db8a8135d25fe31120505450e75298595fb
0194.jpg,waterfall,c7a77aa7-0369-4a52-9069-bc0c6027a6a1,Phytoplankton in the Sea of Okhotsk,nasa,NASA Goddard Photo and Video,https://www.flickr.com/photos/24662369@N07/9035216726,https://live.staticflickr.com/7391/9035216726_08e92cacc8_b.jpg,by,2.0,https://creativecommons.org/licenses/by/2.0/,waterfall landscape,1024,820,768,615,57.019,b9c2360b1ff5e8bce1d7d0cd47ad27425155f5bb
0196.jpg,waterfall,90dd8850-c79a-40c8-b184-c03c86b190f5,"Friends, Fun, and Finally...a Waterfall",flickr,*~Dawn~*,https://www.flickr.com/photos/12187063@N02/4744241983,https://live.staticflickr.com/4096/4744241983_34023bf303_b.jpg,by,2.0,https://creativecommons.org/licenses/by/2.0/,waterfall landscape,1024,681,768,511,66.811,dc1774dabec6408d9a114dfa28927d8fb92f6d07
0195.jpg,waterfall,e68cf9e7-eda8-4107-810d-a7787c7210dd,Sediment in the Chesapeake Bay Watershed Seen By Satellite,nasa,NASA Goddard Photo and Video,https://www.flickr.com/photos/24662369@N07/6153073165,https://live.staticflickr.com/6188/6153073165_01c919877c_b.jpg,by,2.0,https://creativecommons.org/licenses/by/2.0/,waterfall landscape,1024,895,768,671,66.417,8071d13152140448b48693324d5884d71824e60a
0198.jpg,waterfall,39e80c71-8d35-4fd2-b6ab-6591232b0e54,Great Falls in Paterson NJ,flickr,Tony Fischer Photography,https://www.flickr.com/photos/22714323@N06/2202419939,https://live.staticflickr.com/2328/2202419939_7df9fa68b5_b.jpg,by,2.0,https://creativecommons.org/licenses/by/2.0/,waterfall landscape,1024,774,768,581,46.811,b717d35bcf04245c94035d5fb4f0d6bcc0e0c9ca
0200.jpg,waterfall,4a137832-448c-4930-9f42-b44abf41f094,Cold Woods,flickr,poromaa,https://www.flickr.com/photos/44838603@N08/8471283066,https://live.staticflickr.com/65535/8471283066_029ee86a7b_b.jpg,by,2.0,https://creativecommons.org/licenses/by/2.0/,waterfall landscape,682,1023,512,768,72.259,ea73244386a1d925a91e46ae1613b07aa8be4ece
0199.jpg,waterfall,6c33324e-72fa-4a5c-9d92-58b68b5d3b7f,water steps,flickr,Frank Wittig,https://www.flickr.com/photos/125277442@N03/16336786944,https://live.staticflickr.com/8754/16336786944_f129000eb7_b.jpg,by,2.0,https://creativecommons.org/licenses/by/2.0/,waterfall landscape,768,1024,576,768,50.296,940fa83aa282ebe10cbfc787c0a34306559228cb
0201.jpg,waterfall,8354c93f-4f14-4b86-ad46-79c5afe01242,Climbing a Waterfall,flickr,laszlo-photo,https://www.flickr.com/photos/40467171@N00/3173841800,https://live.staticflickr.com/1162/3173841800_0969ec417c_b.jpg,by,2.0,https://creativecommons.org/licenses/by/2.0/,waterfall landscape,682,1023,512,768,76.596,e0931250b34ddf055dbd6569f2daa701f3c89ff0
0202.jpg,waterfall,efb0f714-f5a9-4c9d-88b7-aa5395ee9f7d,Iceland: Svartifoss Cascade,flickr,vicmontol,https://www.flickr.com/photos/8703154@N06/541691325,https://live.staticflickr.com/1090/541691325_c7e720f918_b.jpg,by,2.0,https://creativecommons.org/licenses/by/2.0/,waterfall landscape,1024,681,768,511,76.776,5a1a4585fbd7ff6adbc31a96d4207236f256bf0b
0203.jpg,waterfall,b14d1153-223b-4058-b745-5fc2d8b0b542,"Gitgit Waterfalls, Bali",flickr,"jafsegal (Thanks for the 4,5 million views)",https://www.flickr.com/photos/67525885@N00/16347761545,https://live.staticflickr.com/7534/16347761545_7798b9e7fe_b.jpg,by,2.0,https://creativecommons.org/licenses/by/2.0/,waterfall landscape,1024,683,768,512,41.614,d19f6731a9dd93dc5bb05ef83a28376678090ef9
0204.jpg,waterfall,e8aa8849-8b57-4d6d-8f31-46bcc017a7c8,Unsettled weather across central Australia,nasa,NASA Goddard Photo and Video,https://www.flickr.com/photos/24662369@N07/9416808852,https://live.staticflickr.com/7420/9416808852_aab474c12c_b.jpg,by,2.0,https://creativecommons.org/licenses/by/2.0/,waterfall landscape,1024,800,768,600,36.139,24545f28210ed46f913ad32679b7b4c3e07105e0
0205.jpg,waterfall,de1cd65a-2933-4889-8a51-239d6575e412,Picturesque river among pine trees,flickr,Horia Varlan,https://www.flickr.com/photos/10361931@N06/5032203155,https://live.staticflickr.com/4108/5032203155_2f75c2c1e8_b.jpg,by,2.0,https://creativecommons.org/licenses/by/2.0/,waterfall landscape,691,1023,519,768,65.434,16a6c8e803901b2f7d0f0125ec350f07ae9fd629
0209.jpg,waterfall,78159d83-075e-4ad9-9db3-354d6bec7c95,Vertente do Rio Amazonas,flickr,L.Marcio_Ramalho,https://www.flickr.com/photos/21794140@N00/2050501611,https://live.staticflickr.com/2057/2050501611_4e931fd2f8_b.jpg,by,2.0,https://creativecommons.org/licenses/by/2.0/,waterfall landscape,1023,772,768,580,35.742,9c51ba10796e4e74c5de1ddd1baa9bfe5172682b
0197.jpg,waterfall,8788729b-ab6a-47c8-823d-fc34e6a0c88e,South Brazil,flickr,Doug Scortegagna,https://www.flickr.com/photos/56551021@N06/15657086144,https://live.staticflickr.com/8617/15657086144_dfa881f3f2_b.jpg,by,2.0,https://creativecommons.org/licenses/by/2.0/,waterfall landscape,1024,768,768,576,78.915,a68d11f0318cea38bdb0f6cf60f5eace7bb4c919
0206.jpg,waterfall,3b39a6aa-366c-451c-a66f-030b711004b7,"Augrabies Falls, South Africa",flickr,South African Tourism,https://www.flickr.com/photos/25779097@N08/2418545642,https://live.staticflickr.com/3275/2418545642_079240342e_b.jpg,by,2.0,https://creativecommons.org/licenses/by/2.0/,waterfall landscape,1016,1024,762,768,27.408,eb6895a9e0e5dfab3a54ce8149d3867ea6cde2b5
0207.jpg,waterfall,40838aac-e6d0-4183-a2bb-37238849d9cb,Bridal Veil,flickr,Boston Public Library,https://www.flickr.com/photos/24029425@N06/20131497260,https://live.staticflickr.com/275/20131497260_b7b52246df_b.jpg,by,2.0,https://creativecommons.org/licenses/by/2.0/,waterfall landscape,1024,510,768,383,64.254,5d85113eb0eb735606bd12f6f0d8212a31c98310
0208.jpg,waterfall,171afdcb-39d6-4a57-b086-0f93990b3c1f,Gates of Okmok,flickr,U.S. Geological Survey,https://www.flickr.com/photos/27784370@N05/14271019373,https://live.staticflickr.com/5154/14271019373_cd90616e56_b.jpg,cc0,1.0,https://creativecommons.org/publicdomain/zero/1.0/,waterfall landscape,1024,768,768,576,58.67,6c3081946a19d34054669472c1b0ceac39bb5841
0210.jpg,waterfall,6b927e86-ba19-484e-9c16-1fb37d515fa9,Stream,flickr,Tim Green aka atoach,https://www.flickr.com/photos/93416311@N00/4395718509,https://live.staticflickr.com/4007/4395718509_5b368a2c51_b.jpg,by,2.0,https://creativecommons.org/licenses/by/2.0/,waterfall landscape,791,1023,594,768,78.715,02ecefd1409d0aaf1920c522c2424441dc9a929b
0211.jpg,waterfall,186104f1-57d6-4e41-888a-7b9b8436d6df,Hiking Canyon Trail,flickr,jurvetson,https://www.flickr.com/photos/44124348109@N01/14868656416,https://live.staticflickr.com/5591/14868656416_564f939515_b.jpg,by,2.0,https://creativecommons.org/licenses/by/2.0/,waterfall landscape,681,1024,511,768,60.96,fa25c128957008439d717e21a11d18cc2e01d7ae
0212.jpg,waterfall,b76677b0-3bd7-4c77-9d1d-53e4d616e414,Fires and smoke in eastern Siberia,nasa,NASA Goddard Photo and Video,https://www.flickr.com/photos/24662369@N07/4860627718,https://live.staticflickr.com/4137/4860627718_9e4092ee19_b.jpg,by,2.0,https://creativecommons.org/licenses/by/2.0/,waterfall landscape,780,1024,585,768,41.448,c277dbf482353bd7a6400505fc9fb36ac3fc0211
0213.jpg,waterfall,c2fc69e3-5fd0-43b0-ad3e-fe4a1185a4c1,Malana (7),flickr,travelling slacker,https://www.flickr.com/photos/60651851@N02/16778823457,https://live.staticflickr.com/8729/16778823457_bbe6a0c106_b.jpg,by,2.0,https://creativecommons.org/licenses/by/2.0/,waterfall landscape,680,1024,510,768,86.832,2efb8fd6a5ed63b529c162eec972bb4db0910190
0214.jpg,waterfall,96ae67a8-caf0-4f1e-900f-dea7b4909944,Dam At Glen Mills,flickr,Thomas James Caldwell,https://www.flickr.com/photos/81643710@N00/15484226039,https://live.staticflickr.com/3943/15484226039_b0192caf55_b.jpg,by-sa,2.0,https://creativecommons.org/licenses/by-sa/2.0/,waterfall landscape,1024,576,768,432,60.439,76df49e6a4cd707f85d7fe40993ef2a7146ec44d
0217.jpg,waterfall,f2a66ab2-c1ad-4595-b9ce-48682fe276f3,Criss-Crossing Contrails,nasa,NASA Goddard Photo and Video,https://www.flickr.com/photos/24662369@N07/8495592530,https://live.staticflickr.com/8228/8495592530_7a6818c453_b.jpg,by,2.0,https://creativecommons.org/licenses/by/2.0/,waterfall landscape,1024,683,768,512,46.885,38328f7e067096b745eefaf67b53dbe76a095880
0218.jpg,waterfall,354b464a-d006-454b-ba72-7209ad744343,Volcano Plume Continues Blowing East Over Argentina to Atlantic Ocean,nasa,NASA Goddard Photo and Video,https://www.flickr.com/photos/24662369@N07/5833561366,https://live.staticflickr.com/2682/5833561366_285c882063_b.jpg,by,2.0,https://creativecommons.org/licenses/by/2.0/,waterfall landscape,1024,805,768,604,43.887,5259b8f45a202e8069744ea4d881c7ede4652c20
0215.jpg,waterfall,f9f5d079-f78c-4d4c-a251-8d6007b2f9a6,Iceland,flickr,helgabj,https://www.flickr.com/photos/78315839@N00/343323903,https://live.staticflickr.com/155/343323903_9ee9ca09a3_b.jpg,by,2.0,https://creativecommons.org/licenses/by/2.0/,waterfall landscape,625,940,511,768,46.556,e7a4a5221fb678d0a028e33dafb0c0cc798e550d
0219.jpg,waterfall,3d92be1f-8808-47ef-896c-32647bc7ea09,“Inside myself is a place where I live all alone and that is where I renew my springs that never dry up.” - Pearl S. Buck,flickr,Ian Sane,https://www.flickr.com/photos/31246066@N04/4676425999,https://live.staticflickr.com/1306/4676425999_46e8c9e2c0_b.jpg,by,2.0,https://creativecommons.org/licenses/by/2.0/,waterfall landscape,1023,614,768,461,57.58,5bf62b7d54d09a8221a84ffe35dd51427910deb6
0220.jpg,waterfall,307b8e4a-659c-4d57-aefa-82200b9fdf99,NORWAY,flickr,Michael Gwyther-Jones,https://www.flickr.com/photos/12587661@N06/2302371209,https://live.staticflickr.com/3013/2302371209_d978deba22_b.jpg,by,2.0,https://creativecommons.org/licenses/by/2.0/,waterfall landscape,1024,768,768,576,61.137,8ad00e39898630c6d4ab9098c32d2008203fb9cf
0221.jpg,waterfall,c2cf2bd1-4c60-4f7b-a57f-4008045adda4,2048-Fervenza de San Estevo do Ermo en Barreiros (Lugo),flickr,jl.cernadas,https://www.flickr.com/photos/38035878@N07/5762138209,https://live.staticflickr.com/5104/5762138209_b3e10eab86_b.jpg,by,2.0,https://creativecommons.org/licenses/by/2.0/,waterfall landscape,1023,808,768,607,95.124,83606c3ff65427b10eca91e548232252002f2271
0216.jpg,waterfall,21a5c373-1f9d-4ffc-ad97-f3ffdb2d7d9f,Oneonta Gorge,flickr,JonoMueller,https://www.flickr.com/photos/45939540@N05/5891809300,https://live.staticflickr.com/5156/5891809300_d026135af1_b.jpg,by,2.0,https://creativecommons.org/licenses/by/2.0/,waterfall landscape,1024,683,768,512,58.744,52826d58410abc3f1276424759e4e3f87218b29e
0222.jpg,waterfall,31664c9e-1306-49e9-a545-e698d790b5ef,Stream,flickr,oatsy40,https://www.flickr.com/photos/68089229@N06/9920067926,https://live.staticflickr.com/5492/9920067926_4f53576517_b.jpg,by,2.0,https://creativecommons.org/licenses/by/2.0/,waterfall landscape,1024,576,768,432,47.969,b1ec2a56f94fd60b53032ad457460e72a96b29f2
0223.jpg,waterfall,2f16ecf3-fe9f-4074-8509-0662783087ed,"Wildfires in Alberta, Canada",nasa,NASA Goddard Photo and Video,https://www.flickr.com/photos/24662369@N07/5734695196,https://live.staticflickr.com/2412/5734695196_4a9b016414_b.jpg,by,2.0,https://creativecommons.org/licenses/by/2.0/,waterfall landscape,1024,819,768,614,49.25,e5b078a203403d976db47bfd092b0884a0e48abd
0224.jpg,waterfall,a64bcba6-78c5-4381-a66b-0eedcf27cff6,Rashol (19),flickr,travelling slacker,https://www.flickr.com/photos/60651851@N02/17064538707,https://live.staticflickr.com/8757/17064538707_ea7f9dc944_b.jpg,by,2.0,https://creativecommons.org/licenses/by/2.0/,waterfall landscape,765,1023,574,768,48.334,5a52efdabf91f9b0b29cad8413a8e5d0bb3a575c
0225.jpg,waterfall,f2a449f0-d04f-46ea-bf28-d5e0664944a2,Hidden Falls,flickr,Nicholas_T,https://www.flickr.com/photos/14922165@N00/2708577920,https://live.staticflickr.com/3213/2708577920_fea57755f7_b.jpg,by,2.0,https://creativecommons.org/licenses/by/2.0/,waterfall landscape,843,1024,632,768,77.847,5cea63c2a627c3cc9d90e9195a61dc2d436d7882
0227.jpg,waterfall,018dbf66-e8d6-4868-9d73-beecd73e4159,"Vernal Falls, Yosemite",flickr,szeke,https://www.flickr.com/photos/43355249@N00/42561028684,https://live.staticflickr.com/1765/42561028684_b59227e24b_b.jpg,by-sa,2.0,https://creativecommons.org/licenses/by-sa/2.0/,waterfall landscape,1024,683,768,512,41.035,ed875abb740b03fe87fc8f1eedf781dc3fe66baf
0226.jpg,waterfall,9f7bf016-3cd1-4d23-bb5d-15c852d232bf,Virginia Water,flickr,Ben124.,https://www.flickr.com/photos/9298216@N08/7168359575,https://live.staticflickr.com/8024/7168359575_c0012a344d_b.jpg,by,2.0,https://creativecommons.org/licenses/by/2.0/,waterfall landscape,1024,705,768,529,41.845,77756a6086ee0b6e2c8fc06187d45d52bd5ba30b
0233.jpg,waterfall,34e0c76a-11ab-4d89-948d-616899e87709,Grand Canyon Nat Park: N Kaibab Trail - Roaring Springs 0136,flickr,Grand Canyon NPS,https://www.flickr.com/photos/50693818@N08/6798531667,https://live.staticflickr.com/7029/6798531667_e7dc86b03b_b.jpg,by,2.0,https://creativecommons.org/licenses/by/2.0/,waterfall landscape,768,1024,576,768,62.09,12090badb5d3879c494aebcebc35422b08957b4a
0228.jpg,waterfall,7e547f39-45af-4741-897e-773c3a423c96,Watergame III,flickr,marcostetter,https://www.flickr.com/photos/149556095@N03/27959254618,https://live.staticflickr.com/980/27959254618_fdedd5905b_b.jpg,pdm,1.0,https://creativecommons.org/publicdomain/mark/1.0/,waterfall landscape,1024,576,768,432,75.912,7f72145b701b5793c56368db2afa1beb4233f66d
0230.jpg,waterfall,0d903e16-eeab-4d71-b67d-fa94f7ccdc89,Channeled,flickr,Nicholas_T,https://www.flickr.com/photos/14922165@N00/3976259894,https://live.staticflickr.com/3431/3976259894_a32801432c_b.jpg,by,2.0,https://creativecommons.org/licenses/by/2.0/,waterfall landscape,768,1024,576,768,71.664,c1fb2b3202cde80641776809efe57e1de8b293eb
0229.jpg,waterfall,2ecaa0b1-076e-4c6a-a36a-59c1027f247d,"Looking down on the Winner Creek Gorge from the bridge, Girdwood, Alaska",flickr,Alaskan Dude,https://www.flickr.com/photos/72213316@N00/3824406078,https://live.staticflickr.com/2495/3824406078_33b78dcef6_b.jpg,by,2.0,https://creativecommons.org/licenses/by/2.0/,waterfall landscape,683,1024,512,768,18.174,a0c60e565774a7358fa23fd6149a9c2e3542ea3e
0231.jpg,waterfall,76e0d287-9a6c-4638-bb0b-397802b2d5aa,"Waterfall: Looking up Cascade de l'Arpenaz, nr Sallanches, France",flickr,Richard Allaway,https://www.flickr.com/photos/16287002@N00/7326223612,https://live.staticflickr.com/7212/7326223612_019d970dff_b.jpg,by,2.0,https://creativecommons.org/licenses/by/2.0/,waterfall landscape,683,1024,512,768,67.216,9a96b654b0827a0b7740fdbbfb8f12deaeb7a3e3
0232.jpg,waterfall,6c8aa536-9110-4585-8cf9-13393da11b5f,"Vøringfossen - Eidfjord, Norway - Landscape, travel photography",flickr,Giuseppe Milo (www.pixael.com),https://www.flickr.com/photos/87690240@N03/20130207214,https://live.staticflickr.com/5807/20130207214_b708c0c621_b.jpg,by,2.0,https://creativecommons.org/licenses/by/2.0/,waterfall landscape,1024,693,768,520,65.905,df010baac29094cc28e9bef83ff81edc500a58ea
0234.jpg,waterfall,b903ab99-8369-42b7-a3cc-6b7466eb8ffd,Smoke From Canadian Wildfires Drifts Down to U.S.,nasa,NASA Goddard Photo and Video,https://www.flickr.com/photos/24662369@N07/18684434741,https://live.staticflickr.com/262/18684434741_c233a45bc4_b.jpg,by,2.0,https://creativecommons.org/licenses/by/2.0/,waterfall landscape,1024,841,768,631,57.478,989666570b71ef23dceb1efe51abf8d018ac6846
0235.jpg,waterfall,eb79929c-25c0-40ba-8967-3adb8dfd995c,Satellite Eyes First Major Atlantic Hurricane in 3 Years: Gonzalo,nasa,NASA Goddard Photo and Video,https://www.flickr.com/photos/24662369@N07/15521166396,https://live.staticflickr.com/3956/15521166396_dd8dbd0c42_b.jpg,by,2.0,https://creativecommons.org/licenses/by/2.0/,waterfall landscape,1024,853,768,640,50.336,f3b41d93485bd54280cab4fc18743db37df5ba94
0236.jpg,waterfall,774fcde2-f9e6-4a95-8b6a-b1cbb803aceb,"NASA's Terra Satellite Sees a Strong, Steady Stream of Ash from Puyehue Volcano",nasa,NASA Goddard Photo and Video,https://www.flickr.com/photos/24662369@N07/5926537590,https://live.staticflickr.com/6018/5926537590_8efe2eba87_b.jpg,by,2.0,https://creativecommons.org/licenses/by/2.0/,waterfall landscape,1024,768,768,576,42.935,ce1fefb427b77b31aeffa80fc6db42df56e19d29
0237.jpg,waterfall,f819d81e-4e8b-4357-b7b1-201820074917,Wolf Run (1),flickr,Nicholas_T,https://www.flickr.com/photos/14922165@N00/8304999727,https://live.staticflickr.com/8501/8304999727_96db5ff95d_b.jpg,by,2.0,https://creativecommons.org/licenses/by/2.0/,waterfall landscape,1024,683,768,512,66.692,7faa94c799cbe4ff6bb07790468b1161349a16d2
0239.jpg,waterfall,962d9b8d-8967-40d9-a88a-4c11ce43a98d,Kent Falls State Park,flickr,U.S. Geological Survey,https://www.flickr.com/photos/27784370@N05/15615230254,https://live.staticflickr.com/7522/15615230254_fee68921b0.jpg,cc0,1.0,https://creativecommons.org/publicdomain/zero/1.0/,waterfall landscape,375,500,375,500,54.175,bd2dd285b049c8449510d4c195ee56612ee434fd
0241.jpg,waterfall,0672e77d-895a-492f-8f7e-b9c99fce9573,Sunset over Iguazu,flickr,SF Brit,https://www.flickr.com/photos/86135961@N00/4333692253,https://live.staticflickr.com/4019/4333692253_f38d2f38e1_b.jpg,by,2.0,https://creativecommons.org/licenses/by/2.0/,waterfall landscape,1024,683,768,512,22.492,1b70fb6774174d7975472829bcfb1cb75da730cf
0242.jpg,waterfall,3f6eb232-10b8-4a4c-b358-10bb289296e7,Detian-Waterfall-China-109,flickr,jankgo,https://www.flickr.com/photos/49659558@N00/4603008936,https://live.staticflickr.com/1420/4603008936_abd5c03d16_b.jpg,by,2.0,https://creativecommons.org/licenses/by/2.0/,waterfall landscape,1024,685,768,514,61.343,14f7030e535e016581307d1b6e57e95b22a7ad1b
0243.jpg,waterfall,58250794-af6e-4669-acc0-bda4060ea0e2,Desembocadura do Xallas,flickr,sıɐԀ ɹǝıʌɐſ,https://www.flickr.com/photos/29160747@N06/3895926318,https://live.staticflickr.com/2663/3895926318_00b1174a8e_b.jpg,by,2.0,https://creativecommons.org/licenses/by/2.0/,waterfall landscape,1024,682,768,512,36.546,4b3a4d26030e8a9b78a55d7a5410b7ff1c063e9a
0240.jpg,waterfall,92b123f7-65e0-4738-8e35-f904ef03050d,"Falling Spring Falls, VA",flickr,U.S. Geological Survey,https://www.flickr.com/photos/27784370@N05/15241108307,https://live.staticflickr.com/2948/15241108307_7189070611_b.jpg,by,2.0,https://creativecommons.org/licenses/by/2.0/,waterfall landscape,1024,683,768,512,58.793,8c76e304bbe1645276b2cf1be15a0dc7528c6b53
0244.jpg,waterfall,8d119c2a-8df8-4de2-8c90-3d169a3ba993,"Eruption of Eyjafjallajökull Volcano, Iceland May 2nd View",nasa,NASA Goddard Photo and Video,https://www.flickr.com/photos/24662369@N07/4584266582,https://live.staticflickr.com/4052/4584266582_379bbc6f2f_b.jpg,by,2.0,https://creativecommons.org/licenses/by/2.0/,waterfall landscape,1024,1024,768,768,33.657,8a379fb55aa8875d5b879b4f1fbe3afb05eda2b4
0238.jpg,waterfall,f1aba8f3-0f81-4676-a585-3140988044f4,Horsetail,flickr,Nicholas_T,https://www.flickr.com/photos/14922165@N00/2470008680,https://live.staticflickr.com/2128/2470008680_e987dc5eeb_b.jpg,by,2.0,https://creativecommons.org/licenses/by/2.0/,waterfall landscape,768,1024,576,768,74.972,7353bef75c05031b184c872ca47a1e76472e0c5c
0245.jpg,waterfall,e0e9c377-cf8e-4588-870c-ebdb368e1684,cascade,flickr,extranoise,https://www.flickr.com/photos/10508943@N00/155833207,https://live.staticflickr.com/77/155833207_148416b95d_b.jpg,by,2.0,https://creativecommons.org/licenses/by/2.0/,waterfall landscape,683,1024,512,768,49.173,c18e7e3fe2859d028e82db0007771cd99c258ec9
0246.jpg,waterfall,f781304e-2eb4-4039-b9a9-85d5c0dc76e4,Kravice Waterfalls,flickr,Sean MacEntee,https://www.flickr.com/photos/18090920@N07/5781877547,https://live.staticflickr.com/2352/5781877547_3141c46dba_b.jpg,by,2.0,https://creativecommons.org/licenses/by/2.0/,waterfall landscape,1024,768,768,576,72.516,faf62d2778481e4d88d6d67c2351e4478d015e9a
0247.jpg,waterfall,fddc736f-8109-4475-abe4-5aa50a759949,Stream Dreams Part II,flickr,VinothChandar,https://www.flickr.com/photos/44345361@N06/8163452767,https://live.staticflickr.com/8344/8163452767_e6f7a68c67_b.jpg,by,2.0,https://creativecommons.org/licenses/by/2.0/,waterfall landscape,1024,683,768,512,47.854,bb41eca2e1134c6873208fca51a9775e3e94c3b9
0248.jpg,waterfall,18b52e44-1a66-4f31-8336-bcef98cb3819,cascada,flickr,paul bica,https://www.flickr.com/photos/99771506@N00/4137841698,https://live.staticflickr.com/2791/4137841698_699063c70e_b.jpg,by,2.0,https://creativecommons.org/licenses/by/2.0/,waterfall landscape,1024,768,768,576,61.18,dcee088ebf26a36b8e78ac203d8e9016ef8cb6c4
0249.jpg,waterfall,13a72542-cf07-4bce-996a-f6dfce8e391a,Palouse Falls and Hat on Rock,flickr,Zach Dischner,https://www.flickr.com/photos/35557234@N07/12162970425,https://live.staticflickr.com/3743/12162970425_4765ecd565_b.jpg,by,2.0,https://creativecommons.org/licenses/by/2.0/,waterfall landscape,1024,682,768,512,35.707,b7319d3a43ec025a4e2a1f4c8eaa21e899e52f5e
0250.jpg,waterfall,44d35beb-1d0f-4a42-bcb8-3a1d469d9e87,Sterling Falls,flickr,Erik Streufert,https://www.flickr.com/photos/13687734@N00/72975415,https://live.staticflickr.com/35/72975415_901c2d30ae_b.jpg,by,2.0,https://creativecommons.org/licenses/by/2.0/,waterfall landscape,686,1024,514,768,40.819,a1131fa77addeea8c08f6ac172b28c9d312e3c7c
0251.jpg,waterfall,4799e41e-b2ee-428d-943a-ae98ecd72946,Fires in Eastern Siberia,nasa,NASA Goddard Photo and Video,https://www.flickr.com/photos/24662369@N07/4860546639,https://live.staticflickr.com/4095/4860546639_bf040e1377_b.jpg,by,2.0,https://creativecommons.org/licenses/by/2.0/,waterfall landscape,976,1024,732,768,38.367,96f65cd34829dc6bc37dec5ff3c4fe996e5666c2
0254.jpg,waterfall,703b1eba-6060-4eab-a1b4-8b5a6c5c4c8a,Best Waterfall Nature Wallpaper for Destop background,flickr,jin.3444,https://www.flickr.com/photos/112296164@N04/12293279843,https://live.staticflickr.com/3765/12293279843_b1876ae956_b.jpg,by,2.0,https://creativecommons.org/licenses/by/2.0/,waterfalls nature,1024,576,768,432,46.472,1ae27f25cee2b5eb32cd2532f36b2f0bca87f3cd
0253.jpg,waterfall,80e3f969-d592-4f17-b5cc-8d89f3bb62f4,#Sapanca #turkey #istanbul #tourism #waterfalls #nature #natural #masukiye,flickr,Abdullah Muashi,https://www.flickr.com/photos/47159514@N05/14229253057,https://live.staticflickr.com/5320/14229253057_d82705f0e0.jpg,by,2.0,https://creativecommons.org/licenses/by/2.0/,waterfalls nature,500,500,500,500,93.612,a125572578b3fcf4ed3d9a1b0c69c1aac0022815
0255.jpg,waterfall,fdcf9dda-372a-4a48-b25f-08d0f7efbbb6,Waterfall Nature,stocksnap,Bonnie Moreland,https://stocksnap.io/photo/waterfall-nature-M2JCZS62IJ,https://cdn.stocksnap.io/img-thumbs/960w/M2JCZS62IJ.jpg,cc0,1.0,https://creativecommons.org/publicdomain/zero/1.0/,waterfalls nature,960,730,768,584,32.657,6f2e7a0328410f4bff5a50a893dc8b0ace8ee5e4
0256.jpg,waterfall,a4eb67f5-a2f3-4eb9-891f-f286f3f30340,#ayder #turkey #trabzon #waterfalls #nature,flickr,Abdullah Muashi,https://www.flickr.com/photos/47159514@N05/14251987354,https://live.staticflickr.com/2938/14251987354_ca27b8a866.jpg,by,2.0,https://creativecommons.org/licenses/by/2.0/,waterfalls nature,500,500,500,500,94.042,87f4857579f88a070c8411f7cf321c709644b6e1
0257.jpg,waterfall,5bc92bb6-b60a-4e4f-878b-fa6944f484d4,Waterfall Nature,stocksnap,Elliott Chau,https://stocksnap.io/photo/waterfall-nature-Q7STENMU1K,https://cdn.stocksnap.io/img-thumbs/960w/Q7STENMU1K.jpg,cc0,1.0,https://creativecommons.org/publicdomain/zero/1.0/,waterfalls nature,960,640,768,512,68.294,8c3c8a35b3fc55be9f4ea23abc3e2eab7ad663fd
0261.jpg,waterfall,774db5ed-71ea-4778-971d-d1c9d2e3732f,#uzongol #turkey #trabzon #waterfalls #nature,flickr,Abdullah Muashi,https://www.flickr.com/photos/47159514@N05/14250146852,https://live.staticflickr.com/5315/14250146852_72c4186bd2.jpg,by,2.0,https://creativecommons.org/licenses/by/2.0/,waterfalls nature,500,500,500,500,92.108,053122a207af4ce9e4a4a6227244bb3e819e09dc
0263.jpg,waterfall,a6eed750-f28b-47c5-abfc-b63086ee96fa,Beautiful waterfall! #waterfall #nature #naturalbeauty #honduras #travel #explore #discover #volunteer #volunteer #abroad #frontiergap #frontiervolunteer,flickr,Frontierofficial,https://www.flickr.com/photos/44634455@N08/17132437025,https://live.staticflickr.com/8808/17132437025_2ba9b03629.jpg,by,2.0,https://creativecommons.org/licenses/by/2.0/,waterfalls nature,500,500,500,500,72.175,c2f77ffe4eb515fff0157de2449b36c68ba1b194
0262.jpg,waterfall,28a720e7-c03b-4c28-989c-f76ad9924b31,Beautiful hidden waterfall in Honduras #waterfall #nature #jungke #travel #explore #discover #conservation #volunteer #frontiergap #frontiervolunteer,flickr,Frontierofficial,https://www.flickr.com/photos/44634455@N08/17224132711,https://live.staticflickr.com/7597/17224132711_1c4ccef128.jpg,by,2.0,https://creativecommons.org/licenses/by/2.0/,waterfalls nature,500,500,500,500,81.962,b90956bccbb96a5f097a60ec298eea6a4a4c6663
0264.jpg,waterfall,579a192e-8f42-45b0-8870-49fb8150917f,#tbt and this is from my trip to iceland in 2013; the beautiful roaring Gullfoss. Minus 5 but it didn't matter. One if my favourite destinations and one I will definitely return to. #iceland #waterfall #nature #gullfoss #reykjavik #goldencircle #water #sn,flickr,NeilMcCrae,https://www.flickr.com/photos/60179841@N00/16626026276,https://live.staticflickr.com/8647/16626026276_19f9962b6b.jpg,by,2.0,https://creativecommons.org/licenses/by/2.0/,waterfalls nature,500,500,500,500,66.897,577d1ca06cd1207bfba0f973f3aed32598698008
0265.jpg,waterfall,38fa1e94-deb9-4738-9297-9faa6c1bb441,Top of Russian Gulch waterfall - natures slip and slide,flickr,CasparGirl,https://www.flickr.com/photos/82236391@N08/7812396488,https://live.staticflickr.com/7248/7812396488_c3ef8c2492_b.jpg,by,2.0,https://creativecommons.org/licenses/by/2.0/,waterfalls nature,1024,801,768,601,72.275,9d433817fd5a73d2684ed83c45ab110912600fb9
0267.jpg,waterfall,9abb2b11-399f-44f0-8122-fa9ca5962bf1,"Waterfalls, Natural and Not",flickr,Clinton Steeds,https://www.flickr.com/photos/74174844@N00/3110364934,https://live.staticflickr.com/3155/3110364934_be95954ceb_b.jpg,by,2.0,https://creativecommons.org/licenses/by/2.0/,waterfalls nature,681,1024,511,768,72.524,4cefdcf79da0e22172558df73aa52d223eef8f61
0266.jpg,waterfall,0f1177b4-fe69-43d5-9462-c4d61855a3d3,Waterfall Nature,stocksnap,Bonnie Moreland,https://stocksnap.io/photo/waterfall-nature-ERNXG9SZKI,https://cdn.stocksnap.io/img-thumbs/960w/ERNXG9SZKI.jpg,cc0,1.0,https://creativecommons.org/publicdomain/zero/1.0/,waterfalls nature,960,1200,614,768,48.162,e0c70a50f6b9d8267f4e8805415e272cba214117
0269.jpg,waterfall,6a775795-c09c-4e12-be20-73dbcd7acb49,WATERFALL NATURAL POOL,flickr,Daniel Paixão Fontes,https://www.flickr.com/photos/12767075@N02/38671885572,https://live.staticflickr.com/4558/38671885572_7ce1284225_b.jpg,by,2.0,https://creativecommons.org/licenses/by/2.0/,waterfalls nature,1024,576,768,432,23.094,6231aee0169cbb048e262342774f8c2b70a228bc
0268.jpg,waterfall,fc9c434c-7a80-491d-af80-b4770b84bdc9,Waterfall Nature,stocksnap,Sergei Gussev,https://stocksnap.io/photo/waterfall-nature-ANJSHTIN5A,https://cdn.stocksnap.io/img-thumbs/960w/ANJSHTIN5A.jpg,cc0,1.0,https://creativecommons.org/publicdomain/zero/1.0/,waterfalls nature,960,720,768,576,35.742,6933f514684c799827c81abc39caaec6c0bceb63
0270.jpg,waterfall,b62c4dd0-2517-4849-983a-62ad9cc486d6,Waterfalls Nature,stocksnap,Tj Holowaychuk,https://stocksnap.io/photo/waterfalls-nature-4KPBDALZFQ,https://cdn.stocksnap.io/img-thumbs/960w/4KPBDALZFQ.jpg,cc0,1.0,https://creativecommons.org/publicdomain/zero/1.0/,waterfalls nature,960,411,768,329,50.03,4bcde33a53f0e438b8f05b861cc8baabfd36bd8d
0273.jpg,waterfall,ad229a2e-5c26-45c4-bfba-14c04530bc8d,Waterfall Nature,stocksnap,Tim Wright,https://stocksnap.io/photo/waterfall-nature-071IUEV3A4,https://cdn.stocksnap.io/img-thumbs/960w/071IUEV3A4.jpg,cc0,1.0,https://creativecommons.org/publicdomain/zero/1.0/,waterfalls nature,960,540,768,432,39.379,365806b70919d6f0d144e0c57969428ca7ed2d32
0271.jpg,waterfall,382c5264-5030-4988-839d-65d87a8cfc10,Glencar waterfalls #glencar #glencarwaterfall #sligo #nikon #nikonphotography #waterfall #nature #igers #dslr #dslrphotography #ireland_insta #ireland2017 #visitireland #beautifulireland,flickr,spongebob0019,https://www.flickr.com/photos/155126999@N03/25674556458,https://live.staticflickr.com/4738/25674556458_c5efc7d954_b.jpg,by,2.0,https://creativecommons.org/licenses/by/2.0/,waterfalls nature,960,960,768,768,95.866,b176691836a5a9819759dfefffed7c48b957c1e4
0274.jpg,waterfall,26f351c6-e481-49ab-9587-02858adf02c2,Waterfall Nature,stocksnap,Dan Gold,https://stocksnap.io/photo/waterfall-nature-DXLWOYGUNR,https://cdn.stocksnap.io/img-thumbs/960w/DXLWOYGUNR.jpg,cc0,1.0,https://creativecommons.org/publicdomain/zero/1.0/,waterfalls nature,960,640,768,512,46.345,e0909ba4af27c66ade192c81401f8d4e1e0c6d86
0272.jpg,waterfall,46ddb884-d012-4e91-bd17-6d2768d3cadd,Waterfall Nature,stocksnap,Bonnie Moreland,https://stocksnap.io/photo/waterfall-nature-4WIEDJXMSX,https://cdn.stocksnap.io/img-thumbs/960w/4WIEDJXMSX.jpg,cc0,1.0,https://creativecommons.org/publicdomain/zero/1.0/,waterfalls nature,960,1440,512,768,58.462,4672eb6a1616179723530c4e4c52b7caa4b0ad95
0275.jpg,waterfall,9774c826-debb-496b-8a0f-0e4c9c1f1c66,Waterfall Nature,stocksnap,Dan Gold,https://stocksnap.io/photo/waterfall-nature-7KU5BY91Z8,https://cdn.stocksnap.io/img-thumbs/960w/7KU5BY91Z8.jpg,cc0,1.0,https://creativecommons.org/publicdomain/zero/1.0/,waterfalls nature,960,640,768,512,27.653,9f91a18026aa842451a90c91bf774fce71e5d1f2
0276.jpg,waterfall,490bf535-83ea-4f1a-8939-d5082f7db08f,"Free waterfall, nature background",rawpixel,,https://www.rawpixel.com/image/5915884/image-aesthetic-background-public-domain,https://images.rawpixel.com/editor_1024/czNmcy1wcml2YXRlL3Jhd3BpeGVsX2ltYWdlcy93ZWJzaXRlX2NvbnRlbnQvbHIvbnMxOTkyMS1pbWFnZS1rd3Z3bW8yaC5qcGc.jpg,cc0,1.0,https://creativecommons.org/publicdomain/zero/1.0/,waterfalls nature,1024,682,768,512,30.543,7d2b9ae6014ec48e71a8e69c738fd93fa32cbdbf
0277.jpg,waterfall,e2c45272-d9f8-4aca-bcf0-430658137f2e,Beautiful flowing waterfall nature,rawpixel,,https://www.rawpixel.com/image/6016085/photo-image-public-domain-leaves-green,https://images.rawpixel.com/editor_1024/cHJpdmF0ZS9zdGF0aWMvaW1hZ2Uvd2Vic2l0ZS8yMDIyLTA0L2xyL2Zyd2F0ZXJmYWxsX3NjaGxhZG1pbmdfaG9saWRheV93YXRlcl8wLWltYWdlLWt5YmE3bDR6LmpwZw.jpg,cc0,1.0,https://creativecommons.org/publicdomain/zero/1.0/,waterfalls nature,1024,768,768,576,56.604,7c6306845a63b4688c67b4c5f88793c73f24ee02
0278.jpg,waterfall,d5efca00-3376-4c0f-be3e-c35db5e1a52d,"Free waterfall, nature background",rawpixel,,https://www.rawpixel.com/image/5926928/photo-image-aesthetic-background-public-domain,https://images.rawpixel.com/editor_1024/czNmcy1wcml2YXRlL3Jhd3BpeGVsX2ltYWdlcy93ZWJzaXRlX2NvbnRlbnQvbHIvaXMxMzcyMS1pbWFnZS1rd3Z5ZnBqdS5qcGc.jpg,cc0,1.0,https://creativecommons.org/publicdomain/zero/1.0/,waterfalls nature,1024,683,768,512,39.16,b9c0d7c89d892db9616321ff9f6b7db6cebf620e
0279.jpg,waterfall,5460b066-2f1d-4df4-99b8-3abfdfe07da6,"Free waterfall, nature background",rawpixel,,https://www.rawpixel.com/image/5927512/photo-image-aesthetic-background-public-domain,https://images.rawpixel.com/editor_1024/czNmcy1wcml2YXRlL3Jhd3BpeGVsX2ltYWdlcy93ZWJzaXRlX2NvbnRlbnQvbHIvZnJ1bnNwbGFzaDEyNzIwLWltYWdlLWt3dnlodjdhLmpwZw.jpg,cc0,1.0,https://creativecommons.org/publicdomain/zero/1.0/,waterfalls nature,1024,683,768,512,30.522,f5fc4fe7b38d94b0bf8d68f89a60f426be5accc7
0280.jpg,waterfall,a76bb39d-927d-4a50-ba27-471760f22555,"Free waterfall, nature background",rawpixel,,https://www.rawpixel.com/image/5927082/photo-image-aesthetic-background-public-domain,https://images.rawpixel.com/editor_1024/czNmcy1wcml2YXRlL3Jhd3BpeGVsX2ltYWdlcy93ZWJzaXRlX2NvbnRlbnQvbHIvaXMxNDkxOC1pbWFnZS1rd3Z5ZzdibC5qcGc.jpg,cc0,1.0,https://creativecommons.org/publicdomain/zero/1.0/,waterfalls nature,1024,683,768,512,39.79,cb6d25f1c32ec4ec563afd9bf25e07a0e3870670
0281.jpg,waterfall,f4b446da-bd90-496f-8209-93b534d2e16e,"Free waterfall, nature background",rawpixel,,https://www.rawpixel.com/image/5927029/photo-image-aesthetic-background-public-domain,https://images.rawpixel.com/editor_1024/czNmcy1wcml2YXRlL3Jhd3BpeGVsX2ltYWdlcy93ZWJzaXRlX2NvbnRlbnQvbHIvaXMxNDgyNC1pbWFnZS1rd3Z5Z3JxZy5qcGc.jpg,cc0,1.0,https://creativecommons.org/publicdomain/zero/1.0/,waterfalls nature,1024,683,768,512,35.113,bf629be8a47fedff9f3b11486e54d9418c50763c
0282.jpg,waterfall,2caf3011-2db0-432e-b3b7-5e594eba06a8,"Free waterfall, nature background",rawpixel,,https://www.rawpixel.com/image/5927922/photo-image-aesthetic-background-public-domain,https://images.rawpixel.com/editor_1024/czNmcy1wcml2YXRlL3Jhd3BpeGVsX2ltYWdlcy93ZWJzaXRlX2NvbnRlbnQvbHIvYnMzOTc5LWltYWdlLWt3dnlrdzRhLmpwZw.jpg,cc0,1.0,https://creativecommons.org/publicdomain/zero/1.0/,waterfalls nature,1024,683,768,512,41.236,bd1922edb7c6bd23c7351b167a82797a59f27a28
0283.jpg,waterfall,1cde85fe-6e09-4f27-8039-b74dee55a76e,"Free waterfall, nature background",rawpixel,,https://www.rawpixel.com/image/5922245/photo-image-aesthetic-background-public-domain,https://images.rawpixel.com/editor_1024/cHJpdmF0ZS9sci9pbWFnZXMvd2Vic2l0ZS8yMDIyLTA1L3B4NjE2ODY2LWltYWdlLWt3dnhsMDJmLmpwZw.jpg,cc0,1.0,https://creativecommons.org/publicdomain/zero/1.0/,waterfalls nature,1024,407,768,305,64.836,8423bb62b4eac132195aeb297844a1b05984bb7a
0285.jpg,waterfall,6021a476-6eb7-4ef1-8298-c9b13e9ddd0f,"Free waterfall, nature background",rawpixel,,https://www.rawpixel.com/image/5921944/photo-image-aesthetic-background-public-domain,https://images.rawpixel.com/editor_1024/czNmcy1wcml2YXRlL3Jhd3BpeGVsX2ltYWdlcy93ZWJzaXRlX2NvbnRlbnQvbHIvcHg2MTY4NjktaW1hZ2Uta3d2eGtnY3cuanBn.jpg,cc0,1.0,https://creativecommons.org/publicdomain/zero/1.0/,waterfalls nature,1024,475,768,356,63.831,3d727c111fbd47ac403d7fabb00f0e4616f96624
0284.jpg,waterfall,242f5558-e43a-4492-ba28-d0aa1bd5efe0,Small waterfall nature preserve,rawpixel,,https://www.rawpixel.com/image/6019541/photo-image-public-domain-leaves-nature,https://images.rawpixel.com/editor_1024/cHJpdmF0ZS9zdGF0aWMvaW1hZ2Uvd2Vic2l0ZS8yMDIyLTA0L2xyL2ZycGxpdHZpY2VfbmF0dXJlX3dhdGVyZmFsbF93YXRlci1pbWFnZS1reWJhdGM0cy5qcGc.jpg,cc0,1.0,https://creativecommons.org/publicdomain/zero/1.0/,waterfalls nature,1024,1024,768,768,70.993,edde65b67ebc0bf6e29c4e99732e2e65d8f40fc3
0286.jpg,waterfall,ac984876-ee1a-466c-8b2b-2f85fd53c318,"Free waterfall, nature background",rawpixel,,https://www.rawpixel.com/image/5926401/photo-image-aesthetic-background-public-domain,https://images.rawpixel.com/editor_1024/czNmcy1wcml2YXRlL3Jhd3BpeGVsX2ltYWdlcy93ZWJzaXRlX2NvbnRlbnQvbHIvbnMxNTM2OC1pbWFnZS1rd3Z5Ynhoai5qcGc.jpg,cc0,1.0,https://creativecommons.org/publicdomain/zero/1.0/,waterfalls nature,791,1024,593,768,32.72,ac6af9fed3ff752109920ab55712bc0fe945299d
0287.jpg,waterfall,c225b43f-1fa0-4199-90d0-d62e52922c0c,"Free waterfall, nature background",rawpixel,,https://www.rawpixel.com/image/5901845/photo-image-aesthetic-background-public-domain,https://images.rawpixel.com/editor_1024/cHJpdmF0ZS9zdGF0aWMvaW1hZ2Uvd2Vic2l0ZS8yMDIyLTA0L2xyL3N2MTkwNDg2LWltYWdlLWt3dnVnbXg0LmpwZw.jpg,cc0,1.0,https://creativecommons.org/publicdomain/zero/1.0/,waterfalls nature,683,1024,512,768,44.67,e9fa23faa7c55dc871e3f6a72a0eaadfecb3afff
0288.jpg,waterfall,22c30773-162f-4c6b-934b-8aec35d0c05e,"Free waterfall, nature background",rawpixel,,https://www.rawpixel.com/image/5905978/photo-image-aesthetic-background-public-domain,https://images.rawpixel.com/editor_1024/cHJpdmF0ZS9zdGF0aWMvaW1hZ2Uvd2Vic2l0ZS8yMDIyLTA0L2xyL3B4NzE5NzIyLWltYWdlLWt3dnYzNWF0LmpwZw.jpg,cc0,1.0,https://creativecommons.org/publicdomain/zero/1.0/,waterfalls nature,1024,624,768,468,50.814,431be41f2fbd088cf8cfb24295ce59a0a3626ebc
0289.jpg,waterfall,f6926471-a91c-44ae-bc56-bae2fd1c8574,"Free waterfall, nature background",rawpixel,,https://www.rawpixel.com/image/5913808/image-aesthetic-background-public-domain,https://images.rawpixel.com/editor_1024/cHJpdmF0ZS9zdGF0aWMvaW1hZ2Uvd2Vic2l0ZS8yMDIyLTA0L2xyL3B4MTE1MDgyNi1pbWFnZS1rd3Z3YmEyeS5qcGc.jpg,cc0,1.0,https://creativecommons.org/publicdomain/zero/1.0/,waterfalls nature,1024,683,768,512,39.704,0e5fcd0c45bd575a2666fda95032e529561d3d92
0291.jpg,waterfall,380481bd-9989-4eb9-85e6-82f143bb0155,"Free waterfall, nature background",rawpixel,,https://www.rawpixel.com/image/5908461/image-aesthetic-background-public-domain,https://images.rawpixel.com/editor_1024/cHJpdmF0ZS9zdGF0aWMvaW1hZ2Uvd2Vic2l0ZS8yMDIyLTA0L2xyL3B4NDUzLWltYWdlLWt3dnZmcmY3LmpwZw.jpg,cc0,1.0,https://creativecommons.org/publicdomain/zero/1.0/,waterfalls nature,1024,498,768,374,42.409,2736ce9defd3a050f0a92084d1b9eef628310542
0290.jpg,waterfall,8bce3f5e-1a7e-4cbc-bfcb-c1333ec2b0d5,Waterfall Nature Mountain,rawpixel,,https://www.rawpixel.com/image/5967562/waterfall-nature-mountain,https://images.rawpixel.com/editor_1024/czNmcy1wcml2YXRlL3Jhd3BpeGVsX2ltYWdlcy93ZWJzaXRlX2NvbnRlbnQvbHIvbnMxMzU2OS1pbWFnZS1rd3lzMTdsNC5qcGc.jpg,cc0,1.0,https://creativecommons.org/publicdomain/zero/1.0/,waterfalls nature,683,1024,512,768,59.912,329c9d7603c048bbd9828be845332d1f0b242904
0292.jpg,waterfall,9d0f592b-9c2d-4445-860f-98991f1860c0,"Free waterfall, nature background",rawpixel,,https://www.rawpixel.com/image/5926692/photo-image-aesthetic-background-public-domain,https://images.rawpixel.com/editor_1024/czNmcy1wcml2YXRlL3Jhd3BpeGVsX2ltYWdlcy93ZWJzaXRlX2NvbnRlbnQvbHIvbnMxNDc5Mi1pbWFnZS1rd3Z5Y3F4bi5qcGc.jpg,cc0,1.0,https://creativecommons.org/publicdomain/zero/1.0/,waterfalls nature,819,1024,614,768,51.126,ce5ab36b0b3a5256a9bbd792b87d88c297fbd837
0293.jpg,waterfall,27535512-d651-4fe3-a9fd-7957caf167ee,"Free waterfall, nature background",rawpixel,,https://www.rawpixel.com/image/5925375/photo-image-aesthetic-background-public-domain,https://images.rawpixel.com/editor_1024/czNmcy1wcml2YXRlL3Jhd3BpeGVsX2ltYWdlcy93ZWJzaXRlX2NvbnRlbnQvbHIvcHgxMDIyMjIzLWltYWdlLWt3dnk3OXp5LmpwZw.jpg,cc0,1.0,https://creativecommons.org/publicdomain/zero/1.0/,waterfalls nature,804,1024,603,768,74.1,e1d0886ae699e246e753dd0ac6ff5dd74cdeef62
0294.jpg,waterfall,a409f171-a269-4dfb-9130-c4af9ea0eed1,"Free waterfall, nature background",rawpixel,,https://www.rawpixel.com/image/5919135/image-aesthetic-background-public-domain,https://images.rawpixel.com/editor_1024/cHJpdmF0ZS9zdGF0aWMvaW1hZ2Uvd2Vic2l0ZS8yMDIyLTA0L2xyL2JzMzk4MC1pbWFnZS1rd3Z4M25zOC5qcGc.jpg,cc0,1.0,https://creativecommons.org/publicdomain/zero/1.0/,waterfalls nature,1024,683,768,512,40.107,f20c9d664e3a36c69103e0c3fee7f970595c7bc9
0295.jpg,waterfall,52494df7-5dd0-424d-9c24-33c3f40f96f6,"Free waterfall, nature background",rawpixel,,https://www.rawpixel.com/image/5914625/photo-image-aesthetic-background-public-domain,https://images.rawpixel.com/editor_1024/czNmcy1wcml2YXRlL3Jhd3BpeGVsX2ltYWdlcy93ZWJzaXRlX2NvbnRlbnQvcHgxMDIzNzE3LWltYWdlLWt3dndmbHBsLmpwZw.jpg,cc0,1.0,https://creativecommons.org/publicdomain/zero/1.0/,waterfalls nature,1024,683,768,512,53.77,dea7bc7a8c9ba9e67095d2709342c59326e6e2ff
0296.jpg,waterfall,5b55e16a-8c85-407c-9fbd-a3a7102ba620,"Free waterfall, nature background",rawpixel,,https://www.rawpixel.com/image/5927924/photo-image-aesthetic-background-public-domain,https://images.rawpixel.com/editor_1024/czNmcy1wcml2YXRlL3Jhd3BpeGVsX2ltYWdlcy93ZWJzaXRlX2NvbnRlbnQvbHIvYnMzOTYzLWltYWdlLWt3dnlrdGw0LmpwZw.jpg,cc0,1.0,https://creativecommons.org/publicdomain/zero/1.0/,waterfalls nature,1024,683,768,512,53.226,e28748e63f95fa063599624a33dbd6b40825936a
0297.jpg,waterfall,fea71964-a6a1-42fc-acc2-00f9aaa09383,"Free waterfall, nature background",rawpixel,,https://www.rawpixel.com/image/5918512/photo-image-aesthetic-background-public-domain,https://images.rawpixel.com/editor_1024/cHJpdmF0ZS9zdGF0aWMvaW1hZ2Uvd2Vic2l0ZS8yMDIyLTA0L2xyL2JzODc5OC1pbWFnZS1rd3Z4MTBnZC5qcGc.jpg,cc0,1.0,https://creativecommons.org/publicdomain/zero/1.0/,waterfalls nature,1024,683,768,512,56.663,73801238c424f1cc4b29a9495ec8271ae1004cea
0299.jpg,waterfall,a43539ee-4d74-4ad6-a42e-277f2949f9f5,"Free waterfall, nature background",rawpixel,,https://www.rawpixel.com/image/5921632/photo-image-aesthetic-background-public-domain,https://images.rawpixel.com/editor_1024/czNmcy1wcml2YXRlL3Jhd3BpeGVsX2ltYWdlcy93ZWJzaXRlX2NvbnRlbnQvbHIvcHg2NzMwNzEtaW1hZ2Uta3d2eGoydXcuanBn.jpg,cc0,1.0,https://creativecommons.org/publicdomain/zero/1.0/,waterfalls nature,1024,683,768,512,63.566,b9ea7b02c239f2c34798aa24ce2e8a6e5253c0d5
0298.jpg,waterfall,9a251ad5-63c9-45ba-b1bb-b85af2e1c121,"Free waterfall, nature background",rawpixel,,https://www.rawpixel.com/image/5918920/photo-image-aesthetic-background-public-domain,https://images.rawpixel.com/editor_1024/cHJpdmF0ZS9zdGF0aWMvaW1hZ2Uvd2Vic2l0ZS8yMDIyLTA0L2xyL2JzMzkwNy1pbWFnZS1rd3Z4MzU0aC5qcGc.jpg,cc0,1.0,https://creativecommons.org/publicdomain/zero/1.0/,waterfalls nature,1024,683,768,512,65.022,97899642e6494a16e5839262580cc7166e1f91d7
0300.jpg,waterfall,a270a01d-cf12-4049-8f2b-e36731d9821e,"Free waterfall, nature background",rawpixel,,https://www.rawpixel.com/image/5926481/photo-image-aesthetic-background-public-domain,https://images.rawpixel.com/editor_1024/czNmcy1wcml2YXRlL3Jhd3BpeGVsX2ltYWdlcy93ZWJzaXRlX2NvbnRlbnQvbHIvbnMxMTExNi1pbWFnZS1rd3Z5ZDk2bC5qcGc.jpg,cc0,1.0,https://creativecommons.org/publicdomain/zero/1.0/,waterfalls nature,1024,576,768,432,36.738,c5dac5cdc827b588685a1229794dfc003afcfab0
0301.jpg,waterfall,26bcb929-5c54-4252-bfec-f2778feedfb0,"Free waterfall, nature background",rawpixel,,https://www.rawpixel.com/image/5922606/photo-image-aesthetic-background-public-domain,https://images.rawpixel.com/editor_1024/czNmcy1wcml2YXRlL3Jhd3BpeGVsX2ltYWdlcy93ZWJzaXRlX2NvbnRlbnQvbHIvcHg0MzM2MDktaW1hZ2Uta3d2eG91aXouanBn.jpg,cc0,1.0,https://creativecommons.org/publicdomain/zero/1.0/,waterfalls nature,1024,666,768,500,76.187,e9d77cb09884acda5ad4aed2069eb03dd40a6813
0302.jpg,waterfall,77e5fb50-90f2-4423-a371-0bfe5cfad426,"Free waterfall, nature background",rawpixel,,https://www.rawpixel.com/image/5913062/image-aesthetic-background-public-domain,https://images.rawpixel.com/editor_1024/cHJpdmF0ZS9zdGF0aWMvaW1hZ2Uvd2Vic2l0ZS8yMDIyLTA0L2xyL3B4MTIxNzMzOS1pbWFnZS1rd3Z3NnloYi5qcGc.jpg,cc0,1.0,https://creativecommons.org/publicdomain/zero/1.0/,waterfalls nature,1024,683,768,512,25.057,819fd549deb5a26e3607ee320203a0c7e112221a
0303.jpg,waterfall,9788e717-23d5-458b-8907-24c5d3b5a54f,"Free waterfall, nature background",rawpixel,,https://www.rawpixel.com/image/5926596/photo-image-aesthetic-background-public-domain,https://images.rawpixel.com/editor_1024/czNmcy1wcml2YXRlL3Jhd3BpeGVsX2ltYWdlcy93ZWJzaXRlX2NvbnRlbnQvbHIvbWQ1NzE1LWltYWdlLWt3dnlkYmh0LmpwZw.jpg,cc0,1.0,https://creativecommons.org/publicdomain/zero/1.0/,waterfalls nature,1024,683,768,512,24.374,0b90e145a0d820965ca92c81ca6aced22ef6eef6
0304.jpg,waterfall,e52f7ef1-a0f5-4e2f-a45c-987b8ded5682,"Free waterfall, nature background",rawpixel,,https://www.rawpixel.com/image/5915121/image-aesthetic-background-public-domain,https://images.rawpixel.com/editor_1024/cHJpdmF0ZS9zdGF0aWMvaW1hZ2Uvd2Vic2l0ZS8yMDIyLTA0L2xyL3B1MjM0NDQxMS1pbWFnZS1rd3Z3aXF5dy5qcGc.jpg,cc0,1.0,https://creativecommons.org/publicdomain/zero/1.0/,waterfalls nature,1024,768,768,576,57.077,064ba0c422e4cae6f7e6629484a5be3cc139b6b3
0305.jpg,waterfall,7f622840-747d-4730-baf3-c234f922fca0,"Free waterfall, nature background",rawpixel,,https://www.rawpixel.com/image/5918912/image-aesthetic-background-public-domain,https://images.rawpixel.com/editor_1024/czNmcy1wcml2YXRlL3Jhd3BpeGVsX2ltYWdlcy93ZWJzaXRlX2NvbnRlbnQvbHIvYnMzOTYwLWltYWdlLWt3dngzZnl4LmpwZw.jpg,cc0,1.0,https://creativecommons.org/publicdomain/zero/1.0/,waterfalls nature,1024,683,768,512,37.459,4332a7d63ebf4eb9e7f7f8154047e526c5f6c1e0
0306.jpg,waterfall,972fe5ca-e68d-4b57-ac14-984b1704cf0b,"Free waterfall, nature background",rawpixel,,https://www.rawpixel.com/image/5905992/photo-image-aesthetic-background-public-domain,https://images.rawpixel.com/editor_1024/cHJpdmF0ZS9zdGF0aWMvaW1hZ2Uvd2Vic2l0ZS8yMDIyLTA0L2xyL3B4NzI2MDY2LWltYWdlLWt3dnY0Y3NjLmpwZw.jpg,cc0,1.0,https://creativecommons.org/publicdomain/zero/1.0/,waterfalls nature,768,1024,576,768,56.211,ee0cf0ef45cfd136ecd595ff6d1ce008aedce08e
0308.jpg,waterfall,35b27866-1dba-465c-8fb5-71278ab29e81,"Free waterfall, nature background",rawpixel,,https://www.rawpixel.com/image/5917300/photo-image-aesthetic-background-public-domain,https://images.rawpixel.com/editor_1024/cHJpdmF0ZS9zdGF0aWMvaW1hZ2Uvd2Vic2l0ZS8yMDIyLTA0L2xyL2lzMTQxNzItaW1hZ2Uta3d2d3U2b2QuanBn.jpg,cc0,1.0,https://creativecommons.org/publicdomain/zero/1.0/,waterfalls nature,1024,683,768,512,58.964,142f54d283f619b77104ae36aff44a429e6d75ea
0309.jpg,waterfall,cc2eb1a2-95cd-4a7c-b35e-40ebafa5fc02,"Free waterfall, nature background",rawpixel,,https://www.rawpixel.com/image/5927057/photo-image-aesthetic-background-public-domain,https://images.rawpixel.com/editor_1024/czNmcy1wcml2YXRlL3Jhd3BpeGVsX2ltYWdlcy93ZWJzaXRlX2NvbnRlbnQvbHIvaXMxNDExNi1pbWFnZS1rd3Z5Z3l4cS5qcGc.jpg,cc0,1.0,https://creativecommons.org/publicdomain/zero/1.0/,waterfalls nature,1024,683,768,512,45.212,2c609cbfafd7b8648050ec145c5b5a8cd9f49982
0307.jpg,waterfall,179e3a1e-e07c-4f39-9a58-2e44b59e429d,"Free waterfall, nature background",rawpixel,,https://www.rawpixel.com/image/5914529/image-aesthetic-background-public-domain,https://images.rawpixel.com/editor_1024/cHJpdmF0ZS9zdGF0aWMvaW1hZ2Uvd2Vic2l0ZS8yMDIyLTA0L2xyL3B4MTA0NDk5NS1pbWFnZS1rd3Z3ZnBjcS5qcGc.jpg,cc0,1.0,https://creativecommons.org/publicdomain/zero/1.0/,waterfalls nature,1024,683,768,512,43.19,1f121641a44d34c3793d24ac471c7389ce1e945c
0310.jpg,waterfall,29b5b5ff-667c-474f-91a9-0513b9d76398,"Free waterfall, nature background",rawpixel,,https://www.rawpixel.com/image/5926542/photo-image-aesthetic-background-public-domain,https://images.rawpixel.com/editor_1024/czNmcy1wcml2YXRlL3Jhd3BpeGVsX2ltYWdlcy93ZWJzaXRlX2NvbnRlbnQvbHIvbWQ0MjA2LWltYWdlLWt3dnlkeDB2LmpwZw.jpg,cc0,1.0,https://creativecommons.org/publicdomain/zero/1.0/,waterfalls nature,1024,683,768,512,37.263,8a500cc18af769937fdc9d8ac81fd0fb6d078356
0311.jpg,waterfall,ccaa9907-a68c-4329-b89a-067338bdbcab,"Free waterfall, nature background",rawpixel,,https://www.rawpixel.com/image/5902442/photo-image-aesthetic-background-public-domain,https://images.rawpixel.com/editor_1024/cHJpdmF0ZS9zdGF0aWMvaW1hZ2Uvd2Vic2l0ZS8yMDIyLTA0L2xyL3NrODI0NS1pbWFnZS1rd3Z1aXZqOC5qcGc.jpg,cc0,1.0,https://creativecommons.org/publicdomain/zero/1.0/,waterfalls nature,1024,683,768,512,44.626,6464bb263f7f54009e68c90db0ca51d22d320a7e
0312.jpg,waterfall,ffbc690d-4c8f-4062-b96d-423195bf70bd,"Free waterfall, nature background",rawpixel,,https://www.rawpixel.com/image/5904317/photo-image-aesthetic-background-public-domain,https://images.rawpixel.com/editor_1024/cHJpdmF0ZS9zdGF0aWMvaW1hZ2Uvd2Vic2l0ZS8yMDIyLTA0L2xyL3B4OTM4NzE3LWltYWdlLWt3dnVzZXJoLmpwZw.jpg,cc0,1.0,https://creativecommons.org/publicdomain/zero/1.0/,waterfalls nature,1024,683,768,512,59.922,87569d43fb9a7d222d3982ac11a0310c7574e3c2
0313.jpg,waterfall,a6cb0298-02ed-488d-9d0f-9f0ecf8ca328,"Free waterfall, nature background",rawpixel,,https://www.rawpixel.com/image/5919292/image-aesthetic-background-public-domain,https://images.rawpixel.com/editor_1024/cHJpdmF0ZS9zdGF0aWMvaW1hZ2Uvd2Vic2l0ZS8yMDIyLTA0L2xyL2JzMTU2Ny1pbWFnZS1rd3Z4NTcxNi5qcGc.jpg,cc0,1.0,https://creativecommons.org/publicdomain/zero/1.0/,waterfalls nature,1024,683,768,512,66.567,a8e5bf68a579dbac1499de49061c44d8b3502b28
0314.jpg,waterfall,852b444e-1642-4a80-9132-ef8f4a880e33,"Free waterfall, nature background",rawpixel,,https://www.rawpixel.com/image/5926558/photo-image-aesthetic-background-public-domain,https://images.rawpixel.com/editor_1024/czNmcy1wcml2YXRlL3Jhd3BpeGVsX2ltYWdlcy93ZWJzaXRlX2NvbnRlbnQvbHIvbWQ0MTgyLWltYWdlLWt3dnllZHh3LmpwZw.jpg,cc0,1.0,https://creativecommons.org/publicdomain/zero/1.0/,waterfalls nature,1024,683,768,512,31.952,0ad620466a71b7a6d4bd9209abcfb01c26c44e1b
0315.jpg,waterfall,940ae8d4-e9fc-4d83-a959-72b5db5480c0,"Free waterfall, nature background",rawpixel,,https://www.rawpixel.com/image/5907526/photo-image-aesthetic-background-public-domain,https://images.rawpixel.com/editor_1024/cHJpdmF0ZS9zdGF0aWMvaW1hZ2Uvd2Vic2l0ZS8yMDIyLTA0L2xyL3B4NTc5ODUzLWltYWdlLWt3dnZiNG9xLmpwZw.jpg,cc0,1.0,https://creativecommons.org/publicdomain/zero/1.0/,waterfalls nature,1024,683,768,512,58.849,f47b80993d0866d84e77ddca1185470bb474c173
0317.jpg,waterfall,6a2d080d-f626-4547-b939-78675d530d84,"Free waterfall, nature background",rawpixel,,https://www.rawpixel.com/image/5925378/photo-image-aesthetic-background-public-domain,https://images.rawpixel.com/editor_1024/czNmcy1wcml2YXRlL3Jhd3BpeGVsX2ltYWdlcy93ZWJzaXRlX2NvbnRlbnQvbHIvcHgxMDU0OTg1LWltYWdlLWt3dnk3YnhnLmpwZw.jpg,cc0,1.0,https://creativecommons.org/publicdomain/zero/1.0/,waterfalls nature,1024,683,768,512,58.919,3ccf6edc825d7f3e9e8718b69fb618a31769c301
0318.jpg,waterfall,524c62c3-f50f-471e-ad29-c9cf645db373,"Free waterfall, nature background",rawpixel,,https://www.rawpixel.com/image/5924863/photo-image-aesthetic-background-public-domain,https://images.rawpixel.com/editor_1024/czNmcy1wcml2YXRlL3Jhd3BpeGVsX2ltYWdlcy93ZWJzaXRlX2NvbnRlbnQvbHIvcHgxMTAyODUzLWltYWdlLWt3dnk0YXl1LmpwZw.jpg,cc0,1.0,https://creativecommons.org/publicdomain/zero/1.0/,waterfalls nature,1024,683,768,512,18.061,fb3e1976cae7c6a6a3f1c5ef4f1c8fefd20ae5f1
0316.jpg,waterfall,7cf2127e-a5bf-4c23-b019-70d3eb3bbc13,"Free waterfall, nature background",rawpixel,,https://www.rawpixel.com/image/5902780/photo-image-aesthetic-background-public-domain,https://images.rawpixel.com/editor_1024/czNmcy1wcml2YXRlL3Jhd3BpeGVsX2ltYWdlcy93ZWJzaXRlX2NvbnRlbnQvbHIvc2s4MjEyLWltYWdlLWt3dnVrMnhrLmpwZw.jpg,cc0,1.0,https://creativecommons.org/publicdomain/zero/1.0/,waterfalls nature,1024,575,768,431,49.658,bd77c94bb758ef55c54709e40626f1bbe6f9a60d
0319.jpg,waterfall,de371492-9b24-4194-9917-53a480a12d72,"Free waterfall, nature background",rawpixel,,https://www.rawpixel.com/image/5906796/photo-image-aesthetic-background-public-domain,https://images.rawpixel.com/editor_1024/cHJpdmF0ZS9zdGF0aWMvaW1hZ2Uvd2Vic2l0ZS8yMDIyLTA0L2xyL3B4Njc2NjA5LWltYWdlLWt3dnY3YnBkLmpwZw.jpg,cc0,1.0,https://creativecommons.org/publicdomain/zero/1.0/,waterfalls nature,1024,768,768,576,52.893,7f8a5150a801b47e78feda54f572b53c374c45d2
0320.jpg,waterfall,60a2c68a-0ca2-4544-926f-a19ef8c65958,"Free waterfall, nature background",rawpixel,,https://www.rawpixel.com/image/5902800/photo-image-aesthetic-background-public-domain,https://images.rawpixel.com/editor_1024/czNmcy1wcml2YXRlL3Jhd3BpeGVsX2ltYWdlcy93ZWJzaXRlX2NvbnRlbnQvbHIvc2s4MjMzLWltYWdlLWt3dnVrcTNmLmpwZw.jpg,cc0,1.0,https://creativecommons.org/publicdomain/zero/1.0/,waterfalls nature,1024,575,768,431,37.743,62cddddd0b112ba095920a60da019ed762cbbd1b
0323.jpg,waterfall,b297244c-5b52-46a4-8574-77d9fc3fa4f6,"Free waterfall, nature background",rawpixel,,https://www.rawpixel.com/image/5916649/image-aesthetic-background-public-domain,https://images.rawpixel.com/editor_1024/czNmcy1wcml2YXRlL3Jhd3BpeGVsX2ltYWdlcy93ZWJzaXRlX2NvbnRlbnQvbHIvbnMxMDY1OS1pbWFnZS1rd3Z3cXBpMC5qcGc.jpg,cc0,1.0,https://creativecommons.org/publicdomain/zero/1.0/,waterfalls nature,1024,683,768,512,46.382,945f7039075497385d068710b017d44e50fa925e
0325.jpg,waterfall,a1601828-4e70-46cb-aa00-ccb7c58cbf70,"Free waterfall, nature background",rawpixel,,https://www.rawpixel.com/image/5916534/image-aesthetic-background-public-domain,https://images.rawpixel.com/editor_1024/cHJpdmF0ZS9zdGF0aWMvaW1hZ2Uvd2Vic2l0ZS8yMDIyLTA0L2xyL21kNDA3Mi1pbWFnZS1rd3Z3cHh1ZC5qcGc.jpg,cc0,1.0,https://creativecommons.org/publicdomain/zero/1.0/,waterfalls nature,1024,683,768,512,33.989,41acbf74149217917a0a972dde06cfdb20dc3c4d
0326.jpg,waterfall,bc6e6650-f6b8-4de5-878f-027f88e34a1f,"Free waterfall, nature background",rawpixel,,https://www.rawpixel.com/image/5916473/image-aesthetic-background-public-domain,https://images.rawpixel.com/editor_1024/cHJpdmF0ZS9zdGF0aWMvaW1hZ2Uvd2Vic2l0ZS8yMDIyLTA0L2xyL21kNjI1NC1pbWFnZS1rd3Z3cGltby5qcGc.jpg,cc0,1.0,https://creativecommons.org/publicdomain/zero/1.0/,waterfalls nature,1024,684,768,513,26.026,40896e3a633334c948717e38df1e61f0f7874a28
0321.jpg,waterfall,4126e76c-6875-426c-a079-e22f55622380,"Free waterfall, nature background",rawpixel,,https://www.rawpixel.com/image/5919725/photo-image-aesthetic-background-public-domain,https://images.rawpixel.com/editor_1024/czNmcy1wcml2YXRlL3Jhd3BpeGVsX2ltYWdlcy93ZWJzaXRlX2NvbnRlbnQvbHIvc2s4MjI1LWltYWdlLWt3dng3a2tqLmpwZw.jpg,cc0,1.0,https://creativecommons.org/publicdomain/zero/1.0/,waterfalls nature,1024,575,768,431,47.408,039057a7d837364c725056744cab1022c4e29c7a
0324.jpg,waterfall,0582baa3-d064-4f1f-94ab-273bcbe2ee84,"Free waterfall, nature background",rawpixel,,https://www.rawpixel.com/image/5921938/photo-image-aesthetic-background-public-domain,https://images.rawpixel.com/editor_1024/czNmcy1wcml2YXRlL3Jhd3BpeGVsX2ltYWdlcy93ZWJzaXRlX2NvbnRlbnQvbHIvcHg2NDUzMjEtaW1hZ2Uta3d2eGt6c20uanBn.jpg,cc0,1.0,https://creativecommons.org/publicdomain/zero/1.0/,waterfalls nature,1024,683,768,512,82.952,ac2df517cc305112bffaf15a94cc87ee32ce98a5
0328.jpg,waterfall,ac9f564d-40c9-4909-a06f-c16bbc2728fd,"Free waterfall, nature background",rawpixel,,https://www.rawpixel.com/image/5927052/photo-image-aesthetic-background-public-domain,https://images.rawpixel.com/editor_1024/czNmcy1wcml2YXRlL3Jhd3BpeGVsX2ltYWdlcy93ZWJzaXRlX2NvbnRlbnQvbHIvaXMxNDE0Mi1pbWFnZS1rd3Z5Z2Nody5qcGc.jpg,cc0,1.0,https://creativecommons.org/publicdomain/zero/1.0/,waterfalls nature,1024,683,768,512,69.679,b7a227b47a943ae95839a813a208e2205bde3556
0322.jpg,waterfall,d20893ab-f3b0-4412-87af-2e7cc8efd8b9,Scenic waterfall surrounded by lush greenery and cascading water. #waterfall #nature #WpPhotoFestival,wordpress,Abid KP,https://wordpress.org/photos/photo/3866534a96/,https://pd.w.org/2023/10/3866534a962a1c4f1.78310619-1536x2048.jpg,cc0,1.0,https://creativecommons.org/publicdomain/zero/1.0/,waterfalls nature,1536,2048,576,768,53.403,b5d1faaa0f27882ef4c4c4f0dd48d5b725a1b820
0369.jpg,waterfall,ec23ada0-c5ef-4ec1-b2af-3c1034ea7c7c,"Free waterfall, nature background",rawpixel,,https://www.rawpixel.com/image/5916770/image-aesthetic-background-public-domain,https://images.rawpixel.com/editor_1024/cHJpdmF0ZS9zdGF0aWMvaW1hZ2Uvd2Vic2l0ZS8yMDIyLTA0L2xyL21kNTc3OC1pbWFnZS1rd3Z3cjI1dy5qcGc.jpg,cc0,1.0,https://creativecommons.org/publicdomain/zero/1.0/,waterfalls nature,1024,683,768,512,16.894,21fb8cfc0dde87c3cc415ebca768d61264ea1d68
0399.jpg,waterfall,316c46ea-c587-485d-914b-79bc14ba5abf,Erawan Waterfalls -- 7 Steps to Heaven,flickr,Todd Huffman,https://www.flickr.com/photos/99287245@N00/183135484,https://live.staticflickr.com/68/183135484_c5663f8a54_b.jpg,by-sa,2.0,https://creativecommons.org/licenses/by-sa/2.0/,waterfalls nature,1024,768,768,576,47.352,39cfa103fb902526aaeda8608a64d77bd4d81456
0400.jpg,waterfall,b1fa8186-c1ce-474c-8b7c-5d543e10eaa9,Erawan Waterfalls -- 7 Steps to Heaven,flickr,Todd Huffman,https://www.flickr.com/photos/99287245@N00/183136049,https://live.staticflickr.com/73/183136049_8a782074b3_b.jpg,by-sa,2.0,https://creativecommons.org/licenses/by-sa/2.0/,waterfalls nature,768,1024,576,768,58.944,98f5f5d3f91d1d3871fb26f49edb95206c202625
0402.jpg,waterfall,a3d6b716-b188-48a4-a421-2e7d582c2d64,Living on the edge.,flickr,Simon Matzinger,https://www.flickr.com/photos/107922203@N04/13797009414,https://live.staticflickr.com/3673/13797009414_22aa569351_b.jpg,by,2.0,https://creativecommons.org/licenses/by/2.0/,waterfalls nature,1024,768,768,576,67.845,041d980c77ecc7423fc5bdedbeab3c708286a84e
0401.jpg,waterfall,5b11f022-4dff-4984-994d-9d178f229c65,Oil Slick Near Mississippi Delta May 1st View,nasa,NASA Goddard Photo and Video,https://www.flickr.com/photos/24662369@N07/4575486714,https://live.staticflickr.com/3392/4575486714_466620bb14_b.jpg,by,2.0,https://creativecommons.org/licenses/by/2.0/,waterfalls nature,1024,768,768,576,51.205,05aeb98e292a666b50cd478a7ad96f88cd3b44e1
0404.jpg,waterfall,67c6c8de-c759-4b6d-a648-53ac85fa2ea6,Autumn Waterfall Sunset,flickr,ForestWander.com,https://www.flickr.com/photos/10922353@N03/6114427450,https://live.staticflickr.com/6193/6114427450_35073af73b_b.jpg,by-sa,2.0,https://creativecommons.org/licenses/by-sa/2.0/,waterfalls nature,1024,683,768,512,43.507,9e99061bdc75ed7b862354c4599fea7e35a6211b
0403.jpg,waterfall,fe0ba542-f44a-44ef-a3e7-68471ee40e99,Typhoon Neoguri Approaching Japan,nasa,NASA Goddard Photo and Video,https://www.flickr.com/photos/24662369@N07/14612436244,https://live.staticflickr.com/5486/14612436244_860ff22cea_b.jpg,by,2.0,https://creativecommons.org/licenses/by/2.0/,waterfalls nature,784,1023,589,768,43.736,28efc84a56525b8da5810680aaa9d8d0901da6f0
0405.jpg,waterfall,0289d499-68dd-4e10-874d-177847e3362c,Tropical Cyclone Funso (08S) over the Mozambique Channel,nasa,NASA Goddard Photo and Video,https://www.flickr.com/photos/24662369@N07/6761687567,https://live.staticflickr.com/7164/6761687567_ded0b2b676_b.jpg,by,2.0,https://creativecommons.org/licenses/by/2.0/,waterfalls nature,1024,843,768,632,50.63,61aedffe7899153dc2fde8c9bb7fb217904b9b16
0406.jpg,waterfall,6b3f758e-c20f-46ca-96f2-59ab637cb430,Croatia-00855 - Another Waterfall.......more to come,flickr,archer10 (Dennis),https://www.flickr.com/photos/22490717@N02/9450422657,https://live.staticflickr.com/3798/9450422657_15907448b7_b.jpg,by-sa,2.0,https://creativecommons.org/licenses/by-sa/2.0/,waterfalls nature,1024,683,768,512,85.56,76350138594d100277a419171c4b5a446a8785b7
0407.jpg,waterfall,74ba8f85-b806-45f6-b0e6-52bce17c939a,Croatia-00877 - So many Waterfalls - wow...,flickr,archer10 (Dennis),https://www.flickr.com/photos/22490717@N02/9453355038,https://live.staticflickr.com/2831/9453355038_17bb51d555_b.jpg,by-sa,2.0,https://creativecommons.org/licenses/by-sa/2.0/,waterfalls nature,1024,683,768,512,76.965,d59402e9b1b8f3a01aa5a6f1c575c9cbd9e50528
0408.jpg,waterfall,e8287cb9-e9ec-49b6-b112-20751b9cb480,Fairy glen,flickr,Boston Public Library,https://www.flickr.com/photos/24029425@N06/19698550893,https://live.staticflickr.com/364/19698550893_d8be0c9328_b.jpg,by,2.0,https://creativecommons.org/licenses/by/2.0/,waterfalls nature,1024,512,768,384,77.177,e1bf8fd5c654b50b2e1a68a8f02f758cf3ae4ca6
0409.jpg,waterfall,b77f9456-dc8c-4dcc-8adc-15a81c777ac5,"Hurricane Irene off the Carolinas, Aug. 26th",nasa,NASA Goddard Photo and Video,https://www.flickr.com/photos/24662369@N07/6083518236,https://live.staticflickr.com/6206/6083518236_328fd6e6fd_b.jpg,by,2.0,https://creativecommons.org/licenses/by/2.0/,waterfalls nature,788,1024,591,768,55.2,01ebcd8af9142284b594480416d7ac008ea59c76
0410.jpg,waterfall,5fcf0cb6-3629-4725-8153-aa0a1d8ad765,Fires and smoke in central Russia,nasa,NASA Goddard Photo and Video,https://www.flickr.com/photos/24662369@N07/7509648706,https://live.staticflickr.com/8022/7509648706_2b7bf04a99_b.jpg,by,2.0,https://creativecommons.org/licenses/by/2.0/,waterfalls nature,1024,783,768,587,53.662,b3cf0be394dccdf6f4f8299c0fc2cba6a138b5d0
0411.jpg,waterfall,de0cfc24-09b2-457f-a19e-26f4233f6d30,Avalon Falls,flickr,Bold Frontiers,https://www.flickr.com/photos/82955120@N05/15853271055,https://live.staticflickr.com/7524/15853271055_51f775bd32_b.jpg,by,2.0,https://creativecommons.org/licenses/by/2.0/,waterfalls nature,683,1024,512,768,63.749,b562325ba23a9720b3ae457f92b4084e7c256840
0412.jpg,waterfall,12ede094-a06a-40f6-9298-494f7057f14d,North Falls,flickr,Ian Sane,https://www.flickr.com/photos/31246066@N04/5865281675,https://live.staticflickr.com/5070/5865281675_f071a5d644_b.jpg,by,2.0,https://creativecommons.org/licenses/by/2.0/,waterfalls nature,1024,683,768,512,67.615,b0c07c3811015900e114f18f18894de68c1b76f2
0413.jpg,waterfall,f584dae3-e60f-4921-8a5d-79bf4d8d2b55,"Oil Slick in the Gulf of Mexico June 19, 2010",nasa,NASA Goddard Photo and Video,https://www.flickr.com/photos/24662369@N07/4721310029,https://live.staticflickr.com/1433/4721310029_f7cec4b00a_b.jpg,by,2.0,https://creativecommons.org/licenses/by/2.0/,waterfalls nature,887,1024,665,768,73.12,f8d5002544ba32663af90bb7e54727b4ecb80c30
0414.jpg,waterfall,1a398bcb-0fb1-42d4-a5af-e0adab70a923,Typhoon Soudelor's Eye over Northwestern Taiwan,nasa,NASA Goddard Photo and Video,https://www.flickr.com/photos/24662369@N07/20454121402,https://live.staticflickr.com/456/20454121402_d105069e55_b.jpg,by,2.0,https://creativecommons.org/licenses/by/2.0/,waterfalls nature,784,1023,589,768,62.896,bf6aab3fed97c1c35ffc0be6ea371d29df346978
0416.jpg,waterfall,c1071021-dc97-4552-99d4-da173ec62c18,Croatia-00931 - What is Inside??????,flickr,archer10 (Dennis),https://www.flickr.com/photos/22490717@N02/9450733631,https://live.staticflickr.com/3672/9450733631_d0e2b9246b_b.jpg,by-sa,2.0,https://creativecommons.org/licenses/by-sa/2.0/,waterfalls nature,683,1024,512,768,90.673,47635738eddcbffd8721191ddd3fc96a6e092563
0415.jpg,waterfall,a02832a9-dde8-4843-b120-66dd43041bbb,Croatia-00989 - Plants grow everywhere,flickr,archer10 (Dennis),https://www.flickr.com/photos/22490717@N02/9453626786,https://live.staticflickr.com/7367/9453626786_53991a45ba_b.jpg,by-sa,2.0,https://creativecommons.org/licenses/by-sa/2.0/,waterfalls nature,683,1024,512,768,65.956,6343406b7410336f855a840c8685ad17c85bee07
0418.jpg,waterfall,5df1f6a3-fac0-47c3-a0cf-e59be3e4859f,Croatia-00842 - Our Chariot Arrives.......,flickr,archer10 (Dennis),https://www.flickr.com/photos/22490717@N02/9453159782,https://live.staticflickr.com/7285/9453159782_40b2fd9e46_b.jpg,by-sa,2.0,https://creativecommons.org/licenses/by-sa/2.0/,waterfalls nature,683,1024,512,768,76.193,fad2296778d60bb45b40526aa25231d5557c618a
0417.jpg,waterfall,f5099ae1-df10-456e-9474-12d4ee42cee3,Croatia-01029B,flickr,archer10 (Dennis),https://www.flickr.com/photos/22490717@N02/9453751516,https://live.staticflickr.com/5445/9453751516_2a974e67c6_b.jpg,by-sa,2.0,https://creativecommons.org/licenses/by-sa/2.0/,waterfalls nature,683,1024,512,768,86.688,335f69b4fdb4d4a8bc02fcd5cb5f18c2a779efd1
0419.jpg,waterfall,0c2acabc-d8ed-4177-a08b-98427b3d909c,Croatia-00957 - Who's coming to Dinner.....,flickr,archer10 (Dennis),https://www.flickr.com/photos/22490717@N02/9450775825,https://live.staticflickr.com/5327/9450775825_533151fe6a_b.jpg,by-sa,2.0,https://creativecommons.org/licenses/by-sa/2.0/,waterfalls nature,1024,683,768,512,69.77,1822af2fb18ba2841a0cb8400e3c852de663b377
0420.jpg,waterfall,3eebaaf9-c1d4-42fd-9185-f7165e3dfa6f,"Croatia-00834 - Row, Row, Row, Your Boat.............",flickr,archer10 (Dennis),https://www.flickr.com/photos/22490717@N02/9453086386,https://live.staticflickr.com/7306/9453086386_d93a9a068b_b.jpg,by-sa,2.0,https://creativecommons.org/licenses/by-sa/2.0/,waterfalls nature,683,1024,512,768,71.59,f0a0d4d514049dc8f9fa364915941bb3477cff68
0421.jpg,waterfall,fd749d87-1ce5-4e99-bc6d-9e9ac7718be8,water energy,flickr,Gaby Altenberger,https://www.flickr.com/photos/76980919@N06/6850163524,https://live.staticflickr.com/6112/6850163524_4db85a175d_b.jpg,by-sa,2.0,https://creativecommons.org/licenses/by-sa/2.0/,waterfalls nature,1023,685,768,514,49.445,0f926bed994195e95c0779453bec6b6448e6b608
0422.jpg,waterfall,4402c081-09c1-4206-9278-53f69cd896bb,"Heart Rock Hike waterfall, San Bernardino Mountains, California",flickr,moonjazz,https://www.flickr.com/photos/8398907@N02/7531608002,https://live.staticflickr.com/7275/7531608002_3eb7b71f84_b.jpg,pdm,1.0,https://creativecommons.org/publicdomain/mark/1.0/,waterfalls nature,767,1024,575,768,71.529,909a03fb7ae6940e9b5084a96aa6a1d18859e51d
0423.jpg,waterfall,f8dae403-710f-452a-ad66-3c9daa30e15f,Croatia-00962 - Dare no Fishing Rod....,flickr,archer10 (Dennis),https://www.flickr.com/photos/22490717@N02/9450784411,https://live.staticflickr.com/7424/9450784411_2dbdd3677f_b.jpg,by-sa,2.0,https://creativecommons.org/licenses/by-sa/2.0/,waterfalls nature,1024,683,768,512,39.838,e5a17a707e55699630f36a7a5f67bf42c2d9102e
0424.jpg,waterfall,62baed1d-6696-4cbd-b858-9743448b5b62,Fallsville Ohio Waterfalls,flickr,ForestWander.com,https://www.flickr.com/photos/10922353@N03/9275490405,https://live.staticflickr.com/7440/9275490405_2a17c20d3c_b.jpg,by-sa,2.0,https://creativecommons.org/licenses/by-sa/2.0/,waterfalls nature,1024,683,768,512,54.107,dbfb622fb3cb0c3874658fe9730476df28eba468
0426.jpg,waterfall,a7b8e47e-705c-400f-89cd-a1e9c2d16151,Erawan Waterfalls -- 7 Steps to Heaven,flickr,Todd Huffman,https://www.flickr.com/photos/99287245@N00/183136572,https://live.staticflickr.com/57/183136572_7f3e4f910e_b.jpg,by-sa,2.0,https://creativecommons.org/licenses/by-sa/2.0/,waterfalls nature,667,1024,500,768,59.9,3ba10fae8379e2d8b5c6a4f7424e20841c4a8771
0425.jpg,waterfall,cb204d22-daca-41ec-85ce-622192e5b345,Starting to Feel the Spray,flickr,Jocey K,https://www.flickr.com/photos/48627921@N05/11215736085,https://live.staticflickr.com/7361/11215736085_a409da36f9_b.jpg,by-sa,2.0,https://creativecommons.org/licenses/by-sa/2.0/,waterfalls nature,669,1000,514,768,39.768,174a0f91760b5e0fb6fdd332c6c9d9d763b8c0f5
0427.jpg,waterfall,339921c9-e00e-456b-94a2-656191b38910,Getting Closer,flickr,Jocey K,https://www.flickr.com/photos/48627921@N05/11215734295,https://live.staticflickr.com/7360/11215734295_ce6bded3d3_b.jpg,by-sa,2.0,https://creativecommons.org/licenses/by-sa/2.0/,waterfalls nature,669,1000,514,768,46.569,650dff6c79d9b46f05549bcdf5ed0daf9e6428de
0428.jpg,waterfall,8f6ccdf4-5bc0-4079-920a-14d1e83689c4,Dry Conditions and Lightning Strikes Make for a Long California Fire Season,nasa,NASA Goddard Photo and Video,https://www.flickr.com/photos/24662369@N07/15074403899,https://live.staticflickr.com/5568/15074403899_10103e17c4_b.jpg,by,2.0,https://creativecommons.org/licenses/by/2.0/,waterfalls nature,788,1024,591,768,59.738,dedbb6df305f15000ed66dc26752d97d4ee8d6d7
0429.jpg,waterfall,7c753bee-0074-4b06-8ad9-0742723562cb,Don't fall in,flickr,Arenamontanus,https://www.flickr.com/photos/87547772@N00/312263238,https://live.staticflickr.com/111/312263238_403ac90c39.jpg,by,2.0,https://creativecommons.org/licenses/by/2.0/,waterfalls nature,499,334,499,334,85.495,cc36ac895d9fb51826b972b12b4f5d0c3091588d
0430.jpg,waterfall,c581201e-1012-4c2a-b898-03d97a7e4ac7,Fallsville Waterfalls,flickr,ForestWander.com,https://www.flickr.com/photos/10922353@N03/9270969497,https://live.staticflickr.com/5327/9270969497_9373f94296_b.jpg,by-sa,2.0,https://creativecommons.org/licenses/by-sa/2.0/,waterfalls nature,1024,683,768,512,61.805,820a14f2521f50041089273730f25b88156f3bd1
0431.jpg,waterfall,c6823a4b-bf5f-412f-96e2-7b9e9d824d8b,forest waterfall winter snow scene,flickr,ForestWander.com,https://www.flickr.com/photos/10922353@N03/5403238406,https://live.staticflickr.com/5013/5403238406_4fd5ec9df8_b.jpg,by-sa,2.0,https://creativecommons.org/licenses/by-sa/2.0/,forest waterfall,1024,682,768,512,80.746,c3188166ba70b791f4c32a89292d07954037d429
0432.jpg,waterfall,de9584d3-62ad-45d3-a888-374e906489bf,forest waterfall icy ravine,flickr,ForestWander.com,https://www.flickr.com/photos/10922353@N03/5403238222,https://live.staticflickr.com/5213/5403238222_7fb51844ce_b.jpg,by-sa,2.0,https://creativecommons.org/licenses/by-sa/2.0/,forest waterfall,1024,682,768,512,76.722,a0e64f4dcc860ff08ca534ae8fb0c686b82812e0
0433.jpg,waterfall,b0f0901b-1b77-45cc-9358-81d1e2e0035f,icy winter forest waterfall,flickr,ForestWander.com,https://www.flickr.com/photos/10922353@N03/5402640487,https://live.staticflickr.com/5179/5402640487_413f43b8eb_b.jpg,by-sa,2.0,https://creativecommons.org/licenses/by-sa/2.0/,forest waterfall,1024,682,768,512,50.861,36c0e485b44a133de845a4e9a398765862bd06d3
0436.jpg,waterfall,f9c9ab6d-51ae-4687-9283-1532380f4a47,rocks-foliage-autumn-forest-waterfalls,flickr,ForestWander.com,https://www.flickr.com/photos/10922353@N03/5166481551,https://live.staticflickr.com/1312/5166481551_c66827e024.jpg,by-sa,2.0,https://creativecommons.org/licenses/by-sa/2.0/,forest waterfall,500,334,500,334,71.676,04f8cdbe647ceb308995eb5c7b6281df4edbe34d
0435.jpg,waterfall,899d864d-57c8-43c9-9d00-554ea1b5dc2d,Forest waterfall,flickr,Sergey Gabdurakhmanov,https://www.flickr.com/photos/39547840@N04/26779571166,https://live.staticflickr.com/7050/26779571166_538e8f186d_b.jpg,by,2.0,https://creativecommons.org/licenses/by/2.0/,forest waterfall,1023,678,768,509,59.592,166e3c146b56e8660a41143d3564ee02f73ca23c
0434.jpg,waterfall,e30996d3-801b-4a03-9bc7-73aa4c6ec255,deep-forest-waterfall-stream-rock-leaves,flickr,ForestWander.com,https://www.flickr.com/photos/10922353@N03/5166481643,https://live.staticflickr.com/1344/5166481643_b6fd95d4fc.jpg,by-sa,2.0,https://creativecommons.org/licenses/by-sa/2.0/,forest waterfall,500,334,500,334,61.374,18aa09f8a32f7ff26d92c1ef75814cbf78a22e90
0439.jpg,waterfall,a8530005-b8b1-4bc4-82f4-505909d637ad,Forest waterfall - Wilder Wasserfall (Dziki Wodospad),flickr,Rojs Rozentāls,https://www.flickr.com/photos/129605078@N05/49983962471,https://live.staticflickr.com/65535/49983962471_71dd70acbf_b.jpg,by-sa,2.0,https://creativecommons.org/licenses/by-sa/2.0/,forest waterfall,1024,683,768,512,39.14,673c558b293b53f3e32528aa9de99c8b31ec924f
0438.jpg,waterfall,dcb65ed6-44de-47f5-9136-def0ed80739d,Deep Forest Waterfall,flickr,mrksteele04,https://www.flickr.com/photos/158934835@N04/40194126253,https://live.staticflickr.com/7844/40194126253_5503eece8f_b.jpg,pdm,1.0,https://creativecommons.org/publicdomain/mark/1.0/,forest waterfall,835,1024,626,768,62.706,52475dcac5f1257cef6b319a6a59649d56b6d505
0440.jpg,waterfall,3d6fd9d2-3755-4680-b3ce-ef11e003ec2c,Black Forest: waterfall,flickr,*rboed*,https://www.flickr.com/photos/92082510@N04/10561938875,https://live.staticflickr.com/3776/10561938875_9a560bf212_b.jpg,by,2.0,https://creativecommons.org/licenses/by/2.0/,forest waterfall,1024,768,768,576,89.634,ca0f62c79f2f7af1e75c4f357f2d1a999d2f3ef6
0441.jpg,waterfall,959a22ca-b722-405a-946c-bc4d01927faa,forest waterfall,flickr,bwstock,https://www.flickr.com/photos/16962092@N03/38038309642,https://live.staticflickr.com/4461/38038309642_82f6e3971f_b.jpg,cc0,1.0,https://creativecommons.org/publicdomain/zero/1.0/,forest waterfall,683,1024,512,768,76.482,45ffb659ea311cf67694bbf81bec3351b9a646c1
0443.jpg,waterfall,e1d9cccf-e723-422b-b79f-650864ff96cd,"Mt Hood National Forest, waterfall upper Zigzag canyon.jpg",flickr,Forest Service Pacific Northwest Region,https://www.flickr.com/photos/135886671@N08/37193400475,https://live.staticflickr.com/4366/37193400475_b5290b147a_b.jpg,pdm,1.0,https://creativecommons.org/publicdomain/mark/1.0/,forest waterfall,1024,691,768,518,68.063,6806fdcaace773046d1d5f66b77837df8d895472
0444.jpg,waterfall,1972bceb-eb5a-4e77-aab8-1c262694da86,Forest Waterfall,flickr,il Med,https://www.flickr.com/photos/111322145@N07/11732193285,https://live.staticflickr.com/3821/11732193285_8c1e1004df_b.jpg,by,2.0,https://creativecommons.org/licenses/by/2.0/,forest waterfall,1024,768,768,576,51.862,14b8c0c8014190f7861460b2c7e1f14408622ad3
0445.jpg,waterfall,db6f41a0-a8e3-47fc-808f-5407e261ee4c,Cloud Forest waterfall at Gardens by the Bay,flickr,David Jones,https://www.flickr.com/photos/45457437@N00/11389076033,https://live.staticflickr.com/2831/11389076033_a20b82104f_b.jpg,by,2.0,https://creativecommons.org/licenses/by/2.0/,forest waterfall,576,1023,432,768,63.864,29bf768a578d9c813dda6dce1d3d98b7d6f4e7b9
0446.jpg,waterfall,83e768e0-d7ed-473e-ba9a-2dd029b08405,forest waterfall,flickr,flowcomm,https://www.flickr.com/photos/21162417@N07/4109493989,https://live.staticflickr.com/2491/4109493989_719e990d4d_b.jpg,by,2.0,https://creativecommons.org/licenses/by/2.0/,forest waterfall,683,1024,512,768,61.299,329c2b0cbb89209e998776dedf569a480ac158a3
0447.jpg,waterfall,139c9a2c-b56a-4fe6-83d2-c609017526d8,Forest waterfall,flickr,Bruno Girin,https://www.flickr.com/photos/16405999@N00/65921861,https://live.staticflickr.com/26/65921861_d3e659749a_b.jpg,by-sa,2.0,https://creativecommons.org/licenses/by-sa/2.0/,forest waterfall,678,1023,509,768,92.018,ade063a68d6d3df3679b625c48f46e989a9581fb
0448.jpg,waterfall,1fbe92e9-8350-4199-8ff9-0c0ce699ae5a,"Deep forest Waterfall in Kanchanaburi, Thailand",flickr,ky0nch3ng,https://www.flickr.com/photos/148714304@N03/37098988395,https://live.staticflickr.com/4361/37098988395_147f388bfa_b.jpg,cc0,1.0,https://creativecommons.org/publicdomain/zero/1.0/,forest waterfall,1024,576,768,432,65.947,4fdceb17763f60461e7481ca9260c2286c4afb65
0449.jpg,waterfall,bd34433e-5532-4312-83d3-1a42090b32fd,"Trinidade Forest Waterfall @ Parati/Paraty, RJ",flickr,keetr,https://www.flickr.com/photos/26027463@N07/4321980761,https://live.staticflickr.com/4001/4321980761_bd8bf8f762_b.jpg,by,2.0,https://creativecommons.org/licenses/by/2.0/,forest waterfall,1024,680,768,510,62.977,f94c0b714e879543f89cb012d5a0baf200f23f5a
0450.jpg,waterfall,5341c964-3690-49be-920a-c9c5fd5e14ea,Wyre forest waterfall - Pinhole Pro X,flickr,Lukas Large,https://www.flickr.com/photos/99278910@N00/49476867383,https://live.staticflickr.com/65535/49476867383_bbc8864fa0_b.jpg,by-sa,2.0,https://creativecommons.org/licenses/by-sa/2.0/,forest waterfall,683,1024,512,768,13.452,b8c3398d3c30f6b3ac00678ba63f3126f66dae30
0451.jpg,waterfall,066e39fe-e498-4198-bcfb-98f2dda32aad,DuPont Forest waterfalls on the Little River,flickr,Payton Chung,https://www.flickr.com/photos/41813589@N00/19333420816,https://live.staticflickr.com/3842/19333420816_02e3f7c4ea_b.jpg,by,2.0,https://creativecommons.org/licenses/by/2.0/,forest waterfall,768,1024,576,768,88.863,fe8b3a94c24228f44df4512b9f6fca3146cd7286
0452.jpg,waterfall,f540708a-3ea5-4e1e-9ed3-fdfd9951c798,DuPont Forest waterfalls on the Little River,flickr,Payton Chung,https://www.flickr.com/photos/41813589@N00/19353413322,https://live.staticflickr.com/466/19353413322_ff888291d6_b.jpg,by,2.0,https://creativecommons.org/licenses/by/2.0/,forest waterfall,768,1024,576,768,64.873,7eec9823ae36adf2fd196e8fa53b15c32351ab60
0453.jpg,waterfall,c62f0474-8391-469e-8b31-4fad32e21120,DuPont Forest waterfalls on the Little River,flickr,Payton Chung,https://www.flickr.com/photos/41813589@N00/19359500835,https://live.staticflickr.com/476/19359500835_455a2f8700_b.jpg,by,2.0,https://creativecommons.org/licenses/by/2.0/,forest waterfall,1024,768,768,576,87.181,b7db4fef6e5ec3a663fd441d7a16f52c013d114e
0455.jpg,waterfall,406d1cd9-49e0-476f-8638-208cee5dd7ec,DuPont Forest waterfalls on the Little River,flickr,Payton Chung,https://www.flickr.com/photos/41813589@N00/19333449416,https://live.staticflickr.com/549/19333449416_bba1692348_b.jpg,by,2.0,https://creativecommons.org/licenses/by/2.0/,forest waterfall,1024,576,768,432,76.059,08b6eb4cec349b44d9328f0a7bcfcedcce136059
0456.jpg,waterfall,1233732a-862f-4d8c-ada6-2366d0c7e62e,DuPont Forest waterfalls on the Little River,flickr,Payton Chung,https://www.flickr.com/photos/41813589@N00/19359507795,https://live.staticflickr.com/414/19359507795_aab4a09ce8_b.jpg,by,2.0,https://creativecommons.org/licenses/by/2.0/,forest waterfall,1024,768,768,576,92.182,af9373ef18b54ac0efa43b6208a10667421af672
0454.jpg,waterfall,4e94aabc-e4ea-4dd5-b9db-83544cb44838,DuPont Forest waterfalls on the Little River,flickr,Payton Chung,https://www.flickr.com/photos/41813589@N00/19171887788,https://live.staticflickr.com/325/19171887788_e9195408e8_b.jpg,by,2.0,https://creativecommons.org/licenses/by/2.0/,forest waterfall,1024,768,768,576,90.531,aefb2246647864fc2aa856360849ec907c071af1
0458.jpg,waterfall,a0b8c3ae-4e97-4727-90a1-f3fd5816194b,Wyre forest waterfall - Pinhole Pro X,flickr,Lukas Large,https://www.flickr.com/photos/99278910@N00/49477346056,https://live.staticflickr.com/65535/49477346056_5cea31d6ab_b.jpg,by-sa,2.0,https://creativecommons.org/licenses/by-sa/2.0/,forest waterfall,683,1024,512,768,21.473,2f47b9a5f0d34f466e126e9a6f139d1b8775f1d2
0457.jpg,waterfall,231bca81-5377-495d-9e9b-0baa4a2beb4d,The Rain Forest's Waterfalls,flickr,Subharnab,https://www.flickr.com/photos/19364701@N00/2409145477,https://live.staticflickr.com/3281/2409145477_95e72d2a95_b.jpg,by,2.0,https://creativecommons.org/licenses/by/2.0/,forest waterfall,768,1024,576,768,57.544,b15fb90f7bee60250ccb6851e2551d0a7224f9a0
0464.jpg,waterfall,275a7199-e0ee-413f-8009-d4704dcfc346,Chilhowee Natl Forest Waterfall on the Bald River October 2021 2nd crop,flickr,wildrosetn39,https://www.flickr.com/photos/24295111@N07/53091583136,https://live.staticflickr.com/65535/53091583136_42a55c4915_b.jpg,by,2.0,https://creativecommons.org/licenses/by/2.0/,forest waterfall,1024,683,768,512,68.891,617d812caa555e06353d27baffdd605ec76487e8
0460.jpg,waterfall,87e78523-b576-4806-9b7a-25bb489ec709,Forest Waterfall,stocksnap,Matt Bango,https://stocksnap.io/photo/forest-waterfall-6XTNJTES4T,https://cdn.stocksnap.io/img-thumbs/960w/6XTNJTES4T.jpg,cc0,1.0,https://creativecommons.org/publicdomain/zero/1.0/,forest waterfall,960,638,768,510,52.51,b55dc13844dcbb64f24e245295143390c8a861d0
0462.jpg,waterfall,230c1257-654b-4809-b9c8-4f2f1899c897,Wyre forest waterfall - Pinhole Pro X,flickr,Lukas Large,https://www.flickr.com/photos/99278910@N00/49477576502,https://live.staticflickr.com/65535/49477576502_d584c3f919_b.jpg,by-sa,2.0,https://creativecommons.org/licenses/by-sa/2.0/,forest waterfall,1024,683,768,512,16.075,dd9be30cb7faccb5a750672e74f6156343e22b01
0461.jpg,waterfall,5df962b6-630f-4977-a4eb-b52e8512b477,Cloud Forest Waterfall,flickr,rockym93,https://www.flickr.com/photos/159295810@N03/44656105290,https://live.staticflickr.com/4824/44656105290_b2dc0e377b_b.jpg,by,2.0,https://creativecommons.org/licenses/by/2.0/,forest waterfall,1024,683,768,512,72.815,de77816e65358ef3409432cecde8c1e028865fc1
0463.jpg,waterfall,5ec4f95a-dbf0-48b6-b7cd-08b8be667fe9,Forest Waterfall,stocksnap,Bonnie Moreland,https://stocksnap.io/photo/forest-waterfall-C44UKLM32H,https://cdn.stocksnap.io/img-thumbs/960w/C44UKLM32H.jpg,cc0,1.0,https://creativecommons.org/publicdomain/zero/1.0/,forest waterfall,960,641,768,513,48.267,80b8a7748018ba922e41aae50675ff11244cfcfc
0465.jpg,waterfall,2637d1a3-91c7-4681-ac79-dde5c19c0a2f,"Waima Forest, Waterfall",flickr,Natalia Volna itravelNZ@ travel app,https://www.flickr.com/photos/65041041@N08/27089139374,https://live.staticflickr.com/7039/27089139374_fee64bb0dd_b.jpg,by,2.0,https://creativecommons.org/licenses/by/2.0/,forest waterfall,1024,683,768,512,73.598,838ef9f0479b4a8c8057a4f47aa45a712c8570eb
0466.jpg,waterfall,3e297b03-f55d-4346-a0c5-cb0f870cdbe6,"Trinidade Forest Waterfall @ Parati/Paraty, RJ",flickr,keetr,https://www.flickr.com/photos/26027463@N07/4321981707,https://live.staticflickr.com/4017/4321981707_8be31547a6_b.jpg,by,2.0,https://creativecommons.org/licenses/by/2.0/,forest waterfall,1024,680,768,510,60.028,a4521442d025db0fb4755567ad9637d3a77887bd
0467.jpg,waterfall,58a519d0-4b0f-4174-be66-a7a37f78ba66,"Waima Forest, Waterfall",flickr,Natalia Volna itravelNZ@ travel app,https://www.flickr.com/photos/65041041@N08/27667355706,https://live.staticflickr.com/7447/27667355706_11d8cceaaa_b.jpg,by,2.0,https://creativecommons.org/licenses/by/2.0/,forest waterfall,1024,683,768,512,66.281,31875559b340849a895c7127969e9af4a6cc9f2d
0468.jpg,waterfall,06f41684-8371-4c95-856c-78595df58cfe,"Waima Forest, Waterfall",flickr,Natalia Volna itravelNZ@ travel app,https://www.flickr.com/photos/65041041@N08/27601022902,https://live.staticflickr.com/7197/27601022902_e238dc60d6_b.jpg,by,2.0,https://creativecommons.org/licenses/by/2.0/,forest waterfall,1024,683,768,512,80.091,211ab633e217e01f90e461d0866809c4958b15ff
0470.jpg,waterfall,54503b97-db9b-48fb-8285-16022006c413,"Waima Forest, Waterfall",flickr,Natalia Volna itravelNZ@ travel app,https://www.flickr.com/photos/65041041@N08/27667350656,https://live.staticflickr.com/7677/27667350656_752bac2b45_b.jpg,by,2.0,https://creativecommons.org/licenses/by/2.0/,forest waterfall,1024,683,768,512,79.707,a1e04e571b9f64b7bf2cdcd18dd9c581385c0094
0471.jpg,waterfall,2f9b6889-b4eb-473c-896f-d3225b44f378,#forest #waterfall #relaxingtime #familyvacation #travel #avazing,flickr,avachen1019,https://www.flickr.com/photos/96402526@N02/25512673276,https://live.staticflickr.com/1458/25512673276_18e5dfb2c5.jpg,by-sa,2.0,https://creativecommons.org/licenses/by-sa/2.0/,forest waterfall,400,500,400,500,67.879,7d4b8b3fd03534c9dcd766d4910464033d90436d
0469.jpg,waterfall,c560d6cd-4b82-45b2-b774-76665d5e8ca6,"Waima Forest, Waterfall",flickr,Natalia Volna itravelNZ@ travel app,https://www.flickr.com/photos/65041041@N08/27423409290,https://live.staticflickr.com/7036/27423409290_8283197d12_b.jpg,by,2.0,https://creativecommons.org/licenses/by/2.0/,forest waterfall,1023,682,768,512,56.387,ba6bb2da6813aab01da3722f8d9b93ba7d958117
0472.jpg,waterfall,b904dd2a-08c4-4a57-b638-cff4ff3f3612,Forest waterfall,flickr,gpaul877,https://www.flickr.com/photos/100608744@N08/49266496162,https://live.staticflickr.com/65535/49266496162_6c24c87353_b.jpg,by,2.0,https://creativecommons.org/licenses/by/2.0/,forest waterfall,1024,768,768,576,68.661,81ee58b6c443eab796be0e764a91526ad39a6b64
0473.jpg,waterfall,d0dc443e-6d9c-490f-9c8f-ba9f7df0010d,Free green forest waterfall photo,rawpixel,,https://www.rawpixel.com/image/5922226/photo-image-public-domain-leaves-tree,https://images.rawpixel.com/editor_1024/cHJpdmF0ZS9zdGF0aWMvaW1hZ2Uvd2Vic2l0ZS8yMDIyLTA0L2xyL3B4NjYxODA0LWltYWdlLWt3dnhsYnBmLmpwZw.jpg,cc0,1.0,https://creativecommons.org/publicdomain/zero/1.0/,forest waterfall,1024,683,768,512,59.552,8de1138bb09e562971294753a3d7b0536dcdde5f
0474.jpg,waterfall,a616b21b-a7e5-4d96-8d6d-b18fbe959ade,Free autumn forest waterfall photo,rawpixel,,https://www.rawpixel.com/image/5919394/photo-image-public-domain-leaves-tree,https://images.rawpixel.com/editor_1024/czNmcy1wcml2YXRlL3Jhd3BpeGVsX2ltYWdlcy93ZWJzaXRlX2NvbnRlbnQvbHIvc3YyMzU5NjctaW1hZ2Uta3d2eDVsdTYuanBn.jpg,cc0,1.0,https://creativecommons.org/publicdomain/zero/1.0/,forest waterfall,736,1024,552,768,78.399,50427929dc52721ef748aed2e56bdb5984eb93e4
0475.jpg,waterfall,f200dec9-a7fd-4450-9bd8-1c848c253a45,Serene forest waterfall scene,rawpixel,,https://www.rawpixel.com/image/11176015/waterfall,https://images.rawpixel.com/editor_1024/cHJpdmF0ZS9sci9pbWFnZXMvd2Vic2l0ZS8yMDIyLTEyL2ZsNTIzNjIwNTMzODAtaW1hZ2UuanBn.jpg,cc0,1.0,https://creativecommons.org/publicdomain/zero/1.0/,forest waterfall,1024,683,768,512,37.93,bf2a1fff7e38ffabff0a92ae001e70d3d3314341
0476.jpg,waterfall,20896d25-cf7a-4454-9d2c-c8f611fe9e50,Free green forest waterfall photo,rawpixel,,https://www.rawpixel.com/image/5907211/photo-image-public-domain-leaves-tree,https://images.rawpixel.com/editor_1024/cHJpdmF0ZS9zdGF0aWMvaW1hZ2Uvd2Vic2l0ZS8yMDIyLTA0L2xyL3B4NjYxODAwLWltYWdlLWt3dnY5YTJrLmpwZw.jpg,cc0,1.0,https://creativecommons.org/publicdomain/zero/1.0/,forest waterfall,1024,683,768,512,48.8,06618669b16d61d4b770af29e31a9265b1880988
0478.jpg,waterfall,0eea7584-9dbc-419e-ba73-9464e0ac0c4a,Free autumn forest waterfall photo,rawpixel,,https://www.rawpixel.com/image/5923403/photo-image-public-domain-leaves-tree,https://images.rawpixel.com/editor_1024/czNmcy1wcml2YXRlL3Jhd3BpeGVsX2ltYWdlcy93ZWJzaXRlX2NvbnRlbnQvbHIvcHgxNDI1NjQ5LWltYWdlLWt3dnh1MWJoLmpwZw.jpg,cc0,1.0,https://creativecommons.org/publicdomain/zero/1.0/,forest waterfall,1024,678,768,509,66.379,3448234ae195a61df6ca46ccb09ee06452d490a7
0479.jpg,waterfall,6f219df1-d9a3-49d9-8f33-0574d9ad23b5,Serene lush forest waterfall,rawpixel,,https://www.rawpixel.com/image/6081094/japan,https://images.rawpixel.com/editor_1024/czNmcy1wcml2YXRlL3Jhd3BpeGVsX2ltYWdlcy93ZWJzaXRlX2NvbnRlbnQvbHIvZmwyNjE4NDcwNDk2Mi1pbWFnZS1reWNqbG1wOC5qcGc.jpg,cc0,1.0,https://creativecommons.org/publicdomain/zero/1.0/,forest waterfall,1024,683,768,512,56.134,77eeedbc73a119f4ce9df560ab2c0c7db7092e81
0477.jpg,waterfall,1ea324af-9e11-4bd7-b035-69c0bb4efb6d,Low Poly Scene Forest Waterfall,sketchfab,Art.Yan,https://sketchfab.com/3d-models/536a2db7384145c9aff9bfdfe2aeb5ab,https://media.sketchfab.com/models/536a2db7384145c9aff9bfdfe2aeb5ab/thumbnails/8b959759bf5f41c2a4f6ffccfb606f22/1e30f25dc6c94b928b5af0e2485145e5.jpeg,by,4.0,http://creativecommons.org/licenses/by/4.0/,forest waterfall,1920,1080,768,432,27.355,76a8c4b00dd5b0acf0b86cbb87c2964e22931c9e
0480.jpg,waterfall,bd97fd0d-081a-4f3d-be72-d622114e7970,"Water dances through the rocks in a forest waterfall, a symphony of nature’s rhythm. Vazhachal Waterfalls, Kerala.",wordpress,Sarath AR,https://wordpress.org/photos/photo/55765c2529/,https://pd.w.org/2024/02/55765c25298d984a4.45671618-2048x1536.jpg,cc0,1.0,https://creativecommons.org/publicdomain/zero/1.0/,forest waterfall,2048,1536,768,576,74.205,245879e6b7a10a02329a237f63b66104583656c5
0525.jpg,waterfall,db2b20a5-1e55-4c71-aa1b-f75f3648d295,"Moon Falls, Oregon",flickr,Bonnie Moreland (free images),https://www.flickr.com/photos/66741228@N05/46416548215,https://live.staticflickr.com/7830/46416548215_37aa78728d_b.jpg,pdm,1.0,https://creativecommons.org/publicdomain/mark/1.0/,forest waterfall,1024,683,768,512,66.06,5797794637bff62dc9160d6335a790bc444db3cc
0524.jpg,waterfall,6091baca-440e-4a8e-be6e-f5264f8e017a,water at hamsterly_0850_edited-1,flickr,darrenprice187,https://www.flickr.com/photos/100769237@N03/9602137396,https://live.staticflickr.com/3681/9602137396_fe1decffce_b.jpg,by,2.0,https://creativecommons.org/licenses/by/2.0/,forest waterfall,1024,681,768,511,61.136,54d47700ce8a06576fd0bc0e027c9dfd384083e9
0526.jpg,waterfall,686b5f3a-e509-41a0-a8b1-1ca26e67dc28,"Sullivan Creek Falls, Oregon",flickr,Bonnie Moreland (free images),https://www.flickr.com/photos/66741228@N05/32856830798,https://live.staticflickr.com/4909/32856830798_38cf6a07f3_b.jpg,pdm,1.0,https://creativecommons.org/publicdomain/mark/1.0/,forest waterfall,1024,683,768,512,47.178,6f22310f2b5c7daf5e9d15e2362c27cf19f44383
0527.jpg,waterfall,f7dae8e2-7809-4b68-9531-52dac2bbd065,Jacoby Falls Trail (2),flickr,Nicholas_T,https://www.flickr.com/photos/14922165@N00/15784744008,https://live.staticflickr.com/8569/15784744008_34c9467eb6_b.jpg,by,2.0,https://creativecommons.org/licenses/by/2.0/,forest waterfall,683,1024,512,768,63.558,ced5b1e405165f634bd1d16a9f5f6000d5f68a6f
0529.jpg,waterfall,cf71cfd7-f67d-4f60-91bc-2afcf1e2cfbe,Acland Falls,flickr,upsidedown astronomer,https://www.flickr.com/photos/106648653@N05/32923779384,https://live.staticflickr.com/2894/32923779384_3299233071_b.jpg,cc0,1.0,https://creativecommons.org/publicdomain/zero/1.0/,forest waterfall,895,1024,671,768,84.161,87a44bdf147f8a1f7e39b4e34c245ac9d27e2a99
0528.jpg,waterfall,8d000470-fd9e-4086-b74b-133422fd1724,WATERFALLS OF CENTRAL SRI LANKA .,flickr,ronsaunders47,https://www.flickr.com/photos/46781500@N00/5351279847,https://live.staticflickr.com/5208/5351279847_a92a154ddf_b.jpg,by-sa,2.0,https://creativecommons.org/licenses/by-sa/2.0/,forest waterfall,1024,768,768,576,40.722,4e38edbc91d50008c908b36a9e2a50497464eef0
0530.jpg,waterfall,31512b3f-020f-442c-83c2-7f79dd904dde,Croatia-00875 - Wild One,flickr,archer10 (Dennis),https://www.flickr.com/photos/22490717@N02/9453331008,https://live.staticflickr.com/3832/9453331008_9c3fc4b0af_b.jpg,by-sa,2.0,https://creativecommons.org/licenses/by-sa/2.0/,forest waterfall,683,1024,512,768,21.38,2ab9b2d5fea7e42e313907a48eda4cac7936817a
0531.jpg,waterfall,81f16f43-45dc-42f9-a5a2-533f066a81d5,Croatia-01004,flickr,archer10 (Dennis),https://www.flickr.com/photos/22490717@N02/9450857721,https://live.staticflickr.com/7392/9450857721_4764ef5a87_b.jpg,by-sa,2.0,https://creativecommons.org/licenses/by-sa/2.0/,forest waterfall,683,1024,512,768,73.63,ef7b2e65bce7037cea227f5e52a744deb9e54d76
0532.jpg,waterfall,528804dd-c79c-4c23-b223-133423adcc61,Croatia-01009,flickr,archer10 (Dennis),https://www.flickr.com/photos/22490717@N02/9450900419,https://live.staticflickr.com/3777/9450900419_e27da574af_b.jpg,by-sa,2.0,https://creativecommons.org/licenses/by-sa/2.0/,forest waterfall,683,1024,512,768,83.394,f4307c0b51d65dbf512a2f2c214f4e23e5075ac1
0533.jpg,waterfall,d020165f-5c30-417e-8b3e-3db3649ad308,Croatia-01014 - The Tallest of the Falls,flickr,archer10 (Dennis),https://www.flickr.com/photos/22490717@N02/9453702150,https://live.staticflickr.com/7406/9453702150_0ebea01deb_b.jpg,by-sa,2.0,https://creativecommons.org/licenses/by-sa/2.0/,forest waterfall,683,1024,512,768,85.421,879fdd21788e1c2e5d8973ee036d3166592a9d08
0534.jpg,waterfall,859204ef-1e7b-4896-b07b-fd87910ef945,Croatia-00980 - What.......more Waterfalls!,flickr,archer10 (Dennis),https://www.flickr.com/photos/22490717@N02/9450837175,https://live.staticflickr.com/5524/9450837175_ac0a8c2f88_b.jpg,by-sa,2.0,https://creativecommons.org/licenses/by-sa/2.0/,forest waterfall,1024,683,768,512,79.856,b9f2d973337b198b46af27638bab866adabccc32
0535.jpg,waterfall,7449f809-e7ac-4606-aad7-f3e948cf40a0,Croatia-00872 - I see a Waterfall.......:-),flickr,archer10 (Dennis),https://www.flickr.com/photos/22490717@N02/9450534489,https://live.staticflickr.com/7457/9450534489_8e29314be9_b.jpg,by-sa,2.0,https://creativecommons.org/licenses/by-sa/2.0/,forest waterfall,1024,683,768,512,65.357,b331b60b4f2b7180e67ef5ae9f83a9fbdc94a44c
0536.jpg,waterfall,695f7269-9b0b-4377-9543-ee4e05bd79c9,Croatia-00876 - So many Waterfalls - wow...,flickr,archer10 (Dennis),https://www.flickr.com/photos/22490717@N02/9453342340,https://live.staticflickr.com/3817/9453342340_715afc2699_b.jpg,by-sa,2.0,https://creativecommons.org/licenses/by-sa/2.0/,forest waterfall,683,1024,512,768,75.836,c6aff5309b40b46eb5494247ae342d2744fda3fd
0537.jpg,waterfall,6506d1b8-7aa8-4074-a701-fda78337c2d1,Croatia-00891 - A Waterfall!.......what a surprise....LOL,flickr,archer10 (Dennis),https://www.flickr.com/photos/22490717@N02/9453387134,https://live.staticflickr.com/2871/9453387134_8817b8f9ca_b.jpg,by-sa,2.0,https://creativecommons.org/licenses/by-sa/2.0/,forest waterfall,1024,683,768,512,93.601,be3c5dd1a8454415295f205715c951937e47fa62
0538.jpg,waterfall,e1273376-b872-4f3f-81e8-eaca8ffdf311,Croatia-00969 - Small and Delicate,flickr,archer10 (Dennis),https://www.flickr.com/photos/22490717@N02/9453588270,https://live.staticflickr.com/3772/9453588270_cc202b75d2_b.jpg,by-sa,2.0,https://creativecommons.org/licenses/by-sa/2.0/,forest waterfall,683,1024,512,768,13.859,024d35c95e5d4df1421bb5bac025f611e815b0ba
0539.jpg,waterfall,cb8e2b21-06ea-4daa-a652-a402311913db,"Croatia-00833 - Row, Row, Row, Your Boat.............",flickr,archer10 (Dennis),https://www.flickr.com/photos/22490717@N02/9450288671,https://live.staticflickr.com/3707/9450288671_6b1f348828_b.jpg,by-sa,2.0,https://creativecommons.org/licenses/by-sa/2.0/,forest waterfall,683,1024,512,768,71.816,8f3850249d5b1c2b5f1245cf4c264d0e60369e1a
0540.jpg,waterfall,afc323e5-e773-4d7d-bf1a-71a4f53aaa67,Wolf Run (2),flickr,Nicholas_T,https://www.flickr.com/photos/14922165@N00/8304990575,https://live.staticflickr.com/8214/8304990575_71af7927a9_b.jpg,by,2.0,https://creativecommons.org/licenses/by/2.0/,forest waterfall,1024,675,768,506,62.867,8f5b3efab04d38458c703ecb34c381f5eb5af314
0541.jpg,waterfall,999de87b-2ce2-469f-aa07-2f161a5b1996,"Talakona Waterfall, Chittoor",flickr,VinothChandar,https://www.flickr.com/photos/44345361@N06/8157323452,https://live.staticflickr.com/8062/8157323452_1d93bb60e2_b.jpg,by,2.0,https://creativecommons.org/licenses/by/2.0/,forest waterfall,1024,1024,768,768,51.621,549925c47cb6075d77b89f7cf18ef4d61df19819
0542.jpg,waterfall,50831b1a-aaa4-4a7c-bfcc-feb72747c091,Croatia-00922 - What is this!!!!!!!,flickr,archer10 (Dennis),https://www.flickr.com/photos/22490717@N02/9453493446,https://live.staticflickr.com/7283/9453493446_2a8112c4dd_b.jpg,by-sa,2.0,https://creativecommons.org/licenses/by-sa/2.0/,forest waterfall,1024,693,768,520,87.487,c39a76d65ea1dfc01128bae08a7fd841911f3ff1
0543.jpg,waterfall,58008df1-e553-4804-80bf-624cadc9214e,Croatia-00912 - Great Place to Swim.................maybe,flickr,archer10 (Dennis),https://www.flickr.com/photos/22490717@N02/9453471384,https://live.staticflickr.com/5335/9453471384_47d7e64f09_b.jpg,by-sa,2.0,https://creativecommons.org/licenses/by-sa/2.0/,forest waterfall,1024,683,768,512,83.93,12a259560a1e177c6efe8c78a9fd503acfddb74b
0544.jpg,waterfall,2987e418-cfe1-4007-977c-6cd7bf4c956a,Croatia-01016 - Water Everywhere,flickr,archer10 (Dennis),https://www.flickr.com/photos/22490717@N02/9453714958,https://live.staticflickr.com/65535/9453714958_117081fed7_b.jpg,by-sa,2.0,https://creativecommons.org/licenses/by-sa/2.0/,forest waterfall,683,1024,512,768,84.899,6c47db693a7cbacb3708d7aee5d0b2b3850b7e75
0545.jpg,waterfall,5958e2bd-d629-4788-808b-3a51aa0709c6,Croatia-00882 - Wow was my comment......,flickr,archer10 (Dennis),https://www.flickr.com/photos/22490717@N02/9450585335,https://live.staticflickr.com/7314/9450585335_7c7144fae3_b.jpg,by-sa,2.0,https://creativecommons.org/licenses/by-sa/2.0/,forest waterfall,1024,683,768,512,82.711,0dff2f10ac8b302d11072fd92b6bb4b1a911aece
0546.jpg,waterfall,25692539-7ba2-48db-9623-f144fe145df6,Croatia-00898 - Water Everywhere and not a Drop to Drink.....,flickr,archer10 (Dennis),https://www.flickr.com/photos/22490717@N02/9450631017,https://live.staticflickr.com/5460/9450631017_014413d612_b.jpg,by-sa,2.0,https://creativecommons.org/licenses/by-sa/2.0/,forest waterfall,1024,683,768,512,92.361,3c142273376770192944dd630f6b73646de06def
0547.jpg,waterfall,0f65cea5-f3dd-45be-93d9-386b5d5936e5,Croatia-00890 - Looking Down from the Path,flickr,archer10 (Dennis),https://www.flickr.com/photos/22490717@N02/9453374462,https://live.staticflickr.com/3696/9453374462_4a352d61ec_b.jpg,by-sa,2.0,https://creativecommons.org/licenses/by-sa/2.0/,forest waterfall,683,1024,512,768,96.538,d402b799eaff41d31b447af0bef70ca85ddeb842
0548.jpg,waterfall,e1d19025-002a-4633-bd6d-b2dc607c5d42,Croatia-00914 - Near the End of this Loop......,flickr,archer10 (Dennis),https://www.flickr.com/photos/22490717@N02/9456401911,https://live.staticflickr.com/7327/9456401911_0e9c9746f6_b.jpg,by-sa,2.0,https://creativecommons.org/licenses/by-sa/2.0/,forest waterfall,1024,683,768,512,84.016,957499a7961e117ce51de6b53a21e9b50227a4a0
0549.jpg,waterfall,390fca23-593e-47c3-96ac-ba02d2c3761a,Croatia-00869 - Great Place to Reflect,flickr,archer10 (Dennis),https://www.flickr.com/photos/22490717@N02/9453303340,https://live.staticflickr.com/7291/9453303340_3657b883a5_b.jpg,by-sa,2.0,https://creativecommons.org/licenses/by-sa/2.0/,forest waterfall,1024,683,768,512,77.221,e65dffd2835acaa4d91147c370a5329ab6b31caa
0550.jpg,waterfall,b97f3a9c-9c17-4701-8b7a-d9b8101fbf14,Croatia-00868 - Crystal Clear Waters,flickr,archer10 (Dennis),https://www.flickr.com/photos/22490717@N02/9453291906,https://live.staticflickr.com/5469/9453291906_4372faf119_b.jpg,by-sa,2.0,https://creativecommons.org/licenses/by-sa/2.0/,forest waterfall,1024,683,768,512,47.682,bcb1624b4ef18f3e865baa018da3f22c8590cf90
0551.jpg,waterfall,35313668-79ba-402e-8a18-12c7e5448279,Croatia-00997 - A Cave,flickr,archer10 (Dennis),https://www.flickr.com/photos/22490717@N02/9459209756,https://live.staticflickr.com/7373/9459209756_219b1a5397_b.jpg,by-sa,2.0,https://creativecommons.org/licenses/by-sa/2.0/,forest waterfall,683,1024,512,768,77.589,238f450b5d489811591dbed56d6f19e796336344
0552.jpg,waterfall,f56d1972-0e8a-4ce3-8156-f2d7375ecc7b,Croatia-00920 - This scene could be Canada,flickr,archer10 (Dennis),https://www.flickr.com/photos/22490717@N02/9450700757,https://live.staticflickr.com/3787/9450700757_3a6ff6c2b1_b.jpg,by-sa,2.0,https://creativecommons.org/licenses/by-sa/2.0/,forest waterfall,1024,683,768,512,65.693,8ab4c99fb7a142757d6feb0795118fd6d4e38a47
0553.jpg,waterfall,067d2ce0-47f1-413f-a005-3bfa17d8cf7b,Croatia-00825 - Croatia's first National park (Plitvice Lake),flickr,archer10 (Dennis),https://www.flickr.com/photos/22490717@N02/9450278997,https://live.staticflickr.com/7384/9450278997_d66e2debca_b.jpg,by-sa,2.0,https://creativecommons.org/licenses/by-sa/2.0/,forest waterfall,1024,683,768,512,72.421,ef98082e3398c888731821a17fde217b3ebc7459
0554.jpg,waterfall,08df8172-4a39-465f-9005-8068dfe267d5,Croatia-00906 - Plitvice Lake,flickr,archer10 (Dennis),https://www.flickr.com/photos/22490717@N02/9453446988,https://live.staticflickr.com/5504/9453446988_6b6c40f6d6_b.jpg,by-sa,2.0,https://creativecommons.org/licenses/by-sa/2.0/,forest waterfall,1024,683,768,512,88.527,b574bdb0aadda71a5cef05aa5b05b4df087d2403
0555.jpg,waterfall,b35ddc81-786b-4bf5-84da-ac33df6efb10,Croatia-00918,flickr,archer10 (Dennis),https://www.flickr.com/photos/22490717@N02/9459196532,https://live.staticflickr.com/3828/9459196532_e17d798838_b.jpg,by-sa,2.0,https://creativecommons.org/licenses/by-sa/2.0/,forest waterfall,683,1024,512,768,22.6,cd49367e526fd7c392f0e0e8c3f5f4438bbe444f
0556.jpg,waterfall,c0490d50-4212-486e-8636-6d6f4921590a,Croatia-00874 - Wild and Beautiful,flickr,archer10 (Dennis),https://www.flickr.com/photos/22490717@N02/9450545285,https://live.staticflickr.com/2887/9450545285_2677c67601_b.jpg,by-sa,2.0,https://creativecommons.org/licenses/by-sa/2.0/,forest waterfall,683,1024,512,768,23.511,4a3c7df4cc89f5e09b459d5436955dc328e1327e
0557.jpg,waterfall,d39c5259-ffbf-4621-9216-d962e88cc70a,Croatia-01019 - Last View of Plitvice Lake National Park,flickr,archer10 (Dennis),https://www.flickr.com/photos/22490717@N02/9453725600,https://live.staticflickr.com/2877/9453725600_efe8f00a12_b.jpg,by-sa,2.0,https://creativecommons.org/licenses/by-sa/2.0/,forest waterfall,1024,683,768,512,82.898,d0805ae0746cc9a51a34bf187474cfc02c4555bf
0558.jpg,waterfall,15c55257-30a2-4fe2-b7e6-3aca6d81417b,Croatia-00901 - Green is all Around,flickr,archer10 (Dennis),https://www.flickr.com/photos/22490717@N02/9453423904,https://live.staticflickr.com/3770/9453423904_c0c32c9da7_b.jpg,by-sa,2.0,https://creativecommons.org/licenses/by-sa/2.0/,forest waterfall,683,1024,512,768,79.906,601fa0c64ae7356663fef6b53f41bb7c929d591d
0559.jpg,waterfall,1ba2e6a3-6cfa-4937-b8ae-51999f04a135,Croatia-00954 - Rest Stop,flickr,archer10 (Dennis),https://www.flickr.com/photos/22490717@N02/9450759799,https://live.staticflickr.com/7346/9450759799_3bf6e8204d_b.jpg,by-sa,2.0,https://creativecommons.org/licenses/by-sa/2.0/,forest waterfall,1024,683,768,512,68.895,fa3362de9b6d1a7fa566d34896756a0630b071c3
0560.jpg,waterfall,3a324724-3fa6-45c7-9031-daf64a84d72b,Cherry Run Game Lands (Revisited) (3),flickr,Nicholas_T,https://www.flickr.com/photos/14922165@N00/8152877916,https://live.staticflickr.com/8209/8152877916_3ecd16b4f3_b.jpg,by,2.0,https://creativecommons.org/licenses/by/2.0/,forest waterfall,1024,768,768,576,77.662,2f6827aa2c8b6746a6fe98e90516146adf61f487
0561.jpg,waterfall,e102cbb5-9652-40b6-844c-9f4266d782a1,Hovering Mountain,flickr,Orin Zebest,https://www.flickr.com/photos/33917831@N00/3456140041,https://live.staticflickr.com/3593/3456140041_766a6c453c_b.jpg,by,2.0,https://creativecommons.org/licenses/by/2.0/,forest waterfall,683,1024,512,768,45.618,36bf8ae05bffbb9d2e86acc701310b09039b04fc
0562.jpg,waterfall,9eaf0bf5-b3ee-4d05-9d5e-331bab203e7c,Fall,flickr,Vincent_AF,https://www.flickr.com/photos/25704219@N04/9576138082,https://live.staticflickr.com/2810/9576138082_1ce0de50ee_b.jpg,by-sa,2.0,https://creativecommons.org/licenses/by-sa/2.0/,forest waterfall,1024,1024,768,768,78.015,cdae87f31aba190c9711b4957a46bd05ec47cd9b
0563.jpg,waterfall,c61e7af0-7631-4e78-b828-d781686922a7,Croatia-00839,flickr,archer10 (Dennis),https://www.flickr.com/photos/22490717@N02/9450361071,https://live.staticflickr.com/7283/9450361071_40250edc55_b.jpg,by-sa,2.0,https://creativecommons.org/licenses/by-sa/2.0/,forest waterfall,1024,683,768,512,71.995,25875fc801cc7f5f58c607d95abdc91c8894df79
0564.jpg,waterfall,d04a121e-f8ea-49bb-a8a9-d5964deca544,Croatia-00873 - Wild Flowers along the Path,flickr,archer10 (Dennis),https://www.flickr.com/photos/22490717@N02/9450540447,https://live.staticflickr.com/7384/9450540447_2cf36e2d94_b.jpg,by-sa,2.0,https://creativecommons.org/licenses/by-sa/2.0/,forest waterfall,683,1024,512,768,17.396,b8ad466a87b2dd12befa456ada425ddf835b3d37
0567.jpg,waterfall,e0e43615-c09b-4c7f-9af4-2c897bfe66b7,Propelled,flickr,Nicholas_T,https://www.flickr.com/photos/14922165@N00/3564359695,https://live.staticflickr.com/3347/3564359695_decdc4e2b3_b.jpg,by,2.0,https://creativecommons.org/licenses/by/2.0/,forest waterfall,768,1024,576,768,72.543,506b5bea5046f975aa2fcf841fe5756a52c079a1
0565.jpg,waterfall,d5354a0d-e4c2-4bc2-b8c5-d4fcfa7a7f5e,Croatia-00837 - Wooden Row Boats,flickr,archer10 (Dennis),https://www.flickr.com/photos/22490717@N02/9453112054,https://live.staticflickr.com/7285/9453112054_5ae0a83436_b.jpg,by-sa,2.0,https://creativecommons.org/licenses/by-sa/2.0/,forest waterfall,1024,683,768,512,61.014,dbc269b4c854ad2668e1869802bf8575a5fd9de4
0566.jpg,waterfall,2df65077-38c3-4245-adda-efff3a102f1a,Croatia-00838 - Wooden Row Boats,flickr,archer10 (Dennis),https://www.flickr.com/photos/22490717@N02/9450344857,https://live.staticflickr.com/3718/9450344857_c8cb6a6399_b.jpg,by-sa,2.0,https://creativecommons.org/licenses/by-sa/2.0/,forest waterfall,1024,683,768,512,67.109,7d49daaaa92bb8bb2c193030908c20d3eab267ed
0568.jpg,waterfall,b22b3117-5abc-46a1-b003-833c395e50a8,Waterfall Trail at Fossil Creek,flickr,Coconino NF Photography,https://www.flickr.com/photos/42034606@N05/25458849796,https://live.staticflickr.com/1547/25458849796_1e6fc4c02c_b.jpg,pdm,1.0,https://creativecommons.org/publicdomain/mark/1.0/,forest waterfall,1024,680,768,510,64.204,b1d49b0432cfc80890a8f02e1d605356528b4a93
0569.jpg,waterfall,7c30c165-16d5-446f-8631-58cfa958c70d,Hopetoun Falls Victoria,flickr,Lenny K Photography,https://www.flickr.com/photos/57527070@N06/20703902548,https://live.staticflickr.com/698/20703902548_c27de50787_b.jpg,by,2.0,https://creativecommons.org/licenses/by/2.0/,forest waterfall,1023,683,768,513,56.784,bccc6a1444eee376a93cff5bef308a3cb1f319b5
0570.jpg,waterfall,e4fc2dbc-6b15-4d29-83ee-90ce60e5cb33,Exploring Nature`s Hidden Beauties,flickr,Schneidersphotography,https://www.flickr.com/photos/124918242@N04/18264878994,https://live.staticflickr.com/5484/18264878994_381d40d45b_b.jpg,by,2.0,https://creativecommons.org/licenses/by/2.0/,forest waterfall,1023,683,768,513,52.143,1ff57a4a60b29d05e0a96de2b599a1bc62441fc7
0572.jpg,waterfall,1d3ca403-61bf-46a7-bf72-44afefd402e3,Stream Dreams | Talakona,flickr,VinothChandar,https://www.flickr.com/photos/44345361@N06/8160520014,https://live.staticflickr.com/8340/8160520014_2a276d6180_b.jpg,by,2.0,https://creativecommons.org/licenses/by/2.0/,forest waterfall,1024,683,768,512,46.253,30300d49f6a0ce59d97651a497c43f5cca8a7fb3
0571.jpg,waterfall,b5dabe1c-5c58-4900-828d-469337683417,waterfall,flickr,vl8189,https://www.flickr.com/photos/27630470@N03/4742973358,https://live.staticflickr.com/4094/4742973358_e37dc7218b_b.jpg,by,2.0,https://creativecommons.org/licenses/by/2.0/,forest waterfall,1024,681,768,511,64.257,26c9d3d93816e6f381361473e40f6133dd41ccd8
0573.jpg,waterfall,16b65df3-131b-4843-91bd-861321b2ecd0,Waterfall Trail on Fossil Creek,flickr,Coconino NF Photography,https://www.flickr.com/photos/42034606@N05/30099250545,https://live.staticflickr.com/8792/30099250545_fa8f76e2cf_b.jpg,cc0,1.0,https://creativecommons.org/publicdomain/zero/1.0/,forest waterfall,1023,680,768,510,78.722,480928112ce3061d7571521573c06473a9a93d2d
0575.jpg,waterfall,d5d76335-2efb-4d7b-94cb-7190ac5db7cd,Waterfall Trail on Fossil Creek,flickr,Coconino NF Photography,https://www.flickr.com/photos/42034606@N05/29471735783,https://live.staticflickr.com/5246/29471735783_a4691d292a_b.jpg,cc0,1.0,https://creativecommons.org/publicdomain/zero/1.0/,forest waterfall,1024,680,768,510,87.912,8c4c5f6dd173b9deb6d40021933b68e793dc1850
0574.jpg,waterfall,3360daa3-4943-4864-ab17-9904b513198e,Waterfall Trail on Fossil Creek,flickr,Coconino NF Photography,https://www.flickr.com/photos/42034606@N05/30064902506,https://live.staticflickr.com/5287/30064902506_9f270ba288_b.jpg,cc0,1.0,https://creativecommons.org/publicdomain/zero/1.0/,forest waterfall,1023,680,768,510,61.713,193f8b6385548438e22335a9c63b3539a10d825f
0577.jpg,waterfall,41fc989c-ddb6-48e7-beec-0ffd43b5dcfa,Cherry Run Game Lands (Revisited) (6),flickr,Nicholas_T,https://www.flickr.com/photos/14922165@N00/8152843199,https://live.staticflickr.com/8490/8152843199_5ea1b53167_b.jpg,by,2.0,https://creativecommons.org/licenses/by/2.0/,forest waterfall,1024,749,768,562,57.594,f6874c7878fcd76b33f4118cec610d8b97c3ab46
0576.jpg,waterfall,ac9882ac-aee3-484f-b8b1-7c5c7bf93b51,Waterfall Trail on Fossil Creek,flickr,Coconino NF Photography,https://www.flickr.com/photos/42034606@N05/29471540094,https://live.staticflickr.com/8133/29471540094_44a5624e9b_b.jpg,cc0,1.0,https://creativecommons.org/publicdomain/zero/1.0/,forest waterfall,1024,680,768,510,66.761,d63e6647757e22e8d5233903a29e95025d1ccb39
0578.jpg,waterfall,d257da6b-2ffb-4905-b04b-531cd75f0364,Descend,flickr,Nicholas_T,https://www.flickr.com/photos/14922165@N00/2384124140,https://live.staticflickr.com/2383/2384124140_bb65ac93a2_b.jpg,by,2.0,https://creativecommons.org/licenses/by/2.0/,forest waterfall,1024,768,768,576,77.943,eda7ddc59bf8c534d45e0254debbc04f0449ad5f
0579.jpg,waterfall,0e650177-6b6b-427b-97de-52b7858d9100,Almost There - Bankhead National Forest in Alabama,flickr,jody.claborn,https://www.flickr.com/photos/130478877@N02/16612158491,https://live.staticflickr.com/8681/16612158491_2fc30b0e29_b.jpg,pdm,1.0,https://creativecommons.org/publicdomain/mark/1.0/,forest waterfall,1024,767,768,575,85.5,2580cb31c25513f7debdaa32bd45fa1223b5ff70
0581.jpg,waterfall,177165ea-e3bb-4eff-820e-a851a567efff,Fishing boat Langkawi.,flickr,Bernard Spragg,https://www.flickr.com/photos/88123769@N02/16353305126,https://live.staticflickr.com/7331/16353305126_c9cef8b19f_b.jpg,cc0,1.0,https://creativecommons.org/publicdomain/zero/1.0/,forest waterfall,1024,657,768,493,65.618,6e3f2dc922f2ebc1b6dcfdc6aa4c9be5c3dac318
0582.jpg,waterfall,5e1a9f11-d1ee-4c82-bf7b-8ba31358c6a7,Glacial Pond Albania #Valbones #Dailyshoot,flickr,Leshaines123,https://www.flickr.com/photos/46018453@N06/8992925915,https://live.staticflickr.com/3767/8992925915_d588a7da83_b.jpg,by,2.0,https://creativecommons.org/licenses/by/2.0/,forest waterfall,1024,630,768,473,81.126,9baf29ac8618c8dd52d65f60d9562890f45d48e8
0583.jpg,waterfall,80974d17-4327-44d4-823c-1596f612b1fe,Waterfall Trail on Fossil Creek,flickr,Coconino NF Photography,https://www.flickr.com/photos/42034606@N05/29470737513,https://live.staticflickr.com/5127/29470737513_4a7bbe9db2_b.jpg,cc0,1.0,https://creativecommons.org/publicdomain/zero/1.0/,forest waterfall,1024,529,768,397,74.549,85c5cf52356a746f1ecbdae9a4c06a80200dc949
0580.jpg,waterfall,17bc0a15-5d4f-45bb-aed5-ac9d7a9a8670,Yosemite National Park,nasa,NASA Goddard Photo and Video,https://www.flickr.com/photos/24662369@N07/28601023674,https://live.staticflickr.com/8428/28601023674_52d4c8e6ec_b.jpg,by,2.0,https://creativecommons.org/licenses/by/2.0/,forest waterfall,819,1024,614,768,82.36,70f3872824420007188eefcb6ac73cb6ca48180d
0584.jpg,waterfall,76748e51-501e-4122-b3e8-a5650496a803,West Branch Ketchum Run (12),flickr,Nicholas_T,https://www.flickr.com/photos/14922165@N00/16130992211,https://live.staticflickr.com/7498/16130992211_bc0e269bea_b.jpg,by,2.0,https://creativecommons.org/licenses/by/2.0/,forest waterfall,1024,683,768,512,61.606,55f19c25a78656ab205c0b217680e9767336c137
0585.jpg,waterfall,a926b40b-0e50-4f9a-a190-4a6112f6b5c7,Nooksack River,flickr,Rose Braverman,https://www.flickr.com/photos/75446397@N08/6924719855,https://live.staticflickr.com/7056/6924719855_202c0fc12c_b.jpg,by,2.0,https://creativecommons.org/licenses/by/2.0/,forest waterfall,681,1024,511,768,74.645,1cb65339f3d210b064478f49b6e43b19b705257c
0591.jpg,waterfall,9ea89fb0-dd7a-4a11-ad05-89f24f7d79af,West Branch Ketchum Run (13),flickr,Nicholas_T,https://www.flickr.com/photos/14922165@N00/16130971621,https://live.staticflickr.com/7545/16130971621_ffe7b180fa_b.jpg,by,2.0,https://creativecommons.org/licenses/by/2.0/,forest waterfall,1024,683,768,512,65.631,2d337519e32ac635848d9e764cd2832262c2c45c
0588.jpg,waterfall,01638e13-3713-4257-9b14-1bca70818470,The mists of Snoqualmie one fall morning,flickr,joiseyshowaa,https://www.flickr.com/photos/30201239@N00/3119352293,https://live.staticflickr.com/3231/3119352293_a0a7e8f4da_b.jpg,by-sa,2.0,https://creativecommons.org/licenses/by-sa/2.0/,forest waterfall,794,1024,595,768,21.216,f3dcc8e5ed173ce69ac7cf518e89940d68880659
0587.jpg,waterfall,6500cef7-40fc-4d50-b0d8-7fc801f861cb,Waterfall Trail on Fossil Creek,flickr,Coconino NF Photography,https://www.flickr.com/photos/42034606@N05/30015169501,https://live.staticflickr.com/5222/30015169501_a07570835c_b.jpg,cc0,1.0,https://creativecommons.org/publicdomain/zero/1.0/,forest waterfall,1024,680,768,510,75.819,e275ef60d059f68203dff0eb8883ff462413f8bb
0586.jpg,waterfall,5798a3a4-98ad-4009-b710-96034a63f5b0,Upper Lewis River Falls,flickr,docoverachiever,https://www.flickr.com/photos/90692748@N04/8513554647,https://live.staticflickr.com/8108/8513554647_22f3f6d4e2_b.jpg,by,2.0,https://creativecommons.org/licenses/by/2.0/,forest waterfall,1024,769,768,577,56.165,f1ce07e5ea4a3bcff041b2f6c5d1f8e781cbd4ae
0589.jpg,waterfall,6bebfb16-1a18-4323-adff-dfe46d8d2dca,Spirit Falls Trail on Little White Salmon River in WA,flickr,Landscapes in The West,https://www.flickr.com/photos/50503887@N08/41605542742,https://live.staticflickr.com/826/41605542742_35b0e83976_b.jpg,pdm,1.0,https://creativecommons.org/publicdomain/mark/1.0/,forest waterfall,1024,768,768,576,37.386,907584478b629addc9d8ab2e54e018aa77218621
0590.jpg,waterfall,26dbc1bb-9560-4e6e-96e0-4189a9b0f19c,Chamang 1,flickr,Telunjuk Creative Photography,https://www.flickr.com/photos/90063130@N04/16682687801,https://live.staticflickr.com/8650/16682687801_c2f3ebf62b_b.jpg,pdm,1.0,https://creativecommons.org/publicdomain/mark/1.0/,forest waterfall,1024,683,768,512,65.552,20dc236a5109472cd7ec987e875362754cb4db9e
0594.jpg,waterfall,ae4fd00d-b291-492b-98da-1f40af58ba24,West Branch Ketchum Run (2),flickr,Nicholas_T,https://www.flickr.com/photos/14922165@N00/16134538925,https://live.staticflickr.com/7561/16134538925_5d705b066d_b.jpg,by,2.0,https://creativecommons.org/licenses/by/2.0/,forest waterfall,1024,683,768,512,61.306,8535596ade0c06046ceab143766b7ef755a2c3af
0592.jpg,waterfall,0adc196b-2966-4725-a59a-e065cc449060,"Upper Yosemite Fall in the Morning, California",flickr,Dimitry B,https://www.flickr.com/photos/61533954@N00/9333026253,https://live.staticflickr.com/2886/9333026253_77bcfd5649_b.jpg,by,2.0,https://creativecommons.org/licenses/by/2.0/,forest waterfall,819,1024,614,768,69.364,e9ee082fb7a04bdca99029673980531bfcecb45f
0593.jpg,waterfall,10549e64-e3a5-487c-8ac9-350ff447f55d,orange eyed green tree frog,flickr,Madsvisions,https://www.flickr.com/photos/18065469@N00/232636845,https://live.staticflickr.com/89/232636845_5ca3c4fe51_b.jpg,by-sa,2.0,https://creativecommons.org/licenses/by-sa/2.0/,forest waterfall,1024,720,768,540,21.885,2026be00bff5f5ea6ceb3bfef8c18f0884cabea0
0595.jpg,waterfall,af639b36-b118-4088-bcb3-3ff5c55459e6,Waterfall,flickr,Markus Grossalber,https://www.flickr.com/photos/58883622@N02/8087134187,https://live.staticflickr.com/8191/8087134187_8f681ac36e_b.jpg,by,2.0,https://creativecommons.org/licenses/by/2.0/,forest waterfall,1024,683,768,512,76.793,216e1069de7cdec60087b6990f5351c9498c47e0
0597.jpg,waterfall,3a20d84a-22ca-4de4-9704-450c0b055a62,Fern Rock Nature Trail (12),flickr,Nicholas_T,https://www.flickr.com/photos/14922165@N00/15945645500,https://live.staticflickr.com/7484/15945645500_9936337bfd_b.jpg,by,2.0,https://creativecommons.org/licenses/by/2.0/,forest waterfall,1024,683,768,512,64.659,7a53532b356bbde882c11bd9d933e7fb55593d81
0598.jpg,waterfall,45a6dac6-3369-44d8-958f-644555227fb4,Upper Butte Creek Falls,flickr,Ian Sane,https://www.flickr.com/photos/31246066@N04/8177468401,https://live.staticflickr.com/8337/8177468401_3c32497005_b.jpg,by,2.0,https://creativecommons.org/licenses/by/2.0/,forest waterfall,1024,693,768,520,48.429,659b9c66daada531b6425c17dce890e1327411a4
0596.jpg,waterfall,a27d605e-5b12-4fbe-a6fa-6dff9eb75cc6,Ketchum Run Gorge (2),flickr,Nicholas_T,https://www.flickr.com/photos/14922165@N00/15521194263,https://live.staticflickr.com/7497/15521194263_1a0d639edc_b.jpg,by,2.0,https://creativecommons.org/licenses/by/2.0/,forest waterfall,1024,782,768,587,56.443,c0d151bd1675c246bf1f73b44bb463a11b74577d
0599.jpg,waterfall,d2c5e3b1-3930-4e71-a770-38e7462a2c21,"Yosemite National Park, Half Dome, Liberty Cap, and Nevada Fall",flickr,Arian Zwegers,https://www.flickr.com/photos/67769030@N07/7882026452,https://live.staticflickr.com/8291/7882026452_8b3ccf1080_b.jpg,by,2.0,https://creativecommons.org/licenses/by/2.0/,forest waterfall,1024,683,768,512,63.386,7e84791570215f4584917bea5ab35f575b018a63
0600.jpg,waterfall,4d5f9592-75f6-451f-8037-243a96ec7e91,Brink of Extinction,flickr,Nils Tamlag,https://www.flickr.com/photos/130973380@N08/17978959139,https://live.staticflickr.com/7787/17978959139_afe8b6dc24_b.jpg,by,2.0,https://creativecommons.org/licenses/by/2.0/,forest waterfall,1024,639,768,479,86.673,2d9bf6a105ea69320a67cae2c0986f38f0b98868
0601.jpg,waterfall,1e28d4f4-2dc9-45ef-aaf1-aa1ec896794c,Tahquamenon Falls (**Explored**),flickr,LadyDragonflyCC - >;<,https://www.flickr.com/photos/19646481@N06/39878009032,https://live.staticflickr.com/4603/39878009032_467751a070_b.jpg,by,2.0,https://creativecommons.org/licenses/by/2.0/,forest waterfall,1024,683,768,512,52.828,cec428b698ae000dd631b708f3cde65d64f36c2b
0602.jpg,waterfall,80b41bf0-bed4-4787-a28a-b224058118d1,"Pheasant Creek Falls, Oregon",flickr,Bonnie Moreland (free images),https://www.flickr.com/photos/66741228@N05/27542835737,https://live.staticflickr.com/901/27542835737_d7f79a4720_b.jpg,pdm,1.0,https://creativecommons.org/publicdomain/mark/1.0/,forest waterfall,683,1024,512,768,81.283,9af55cd5f6d89ed692362ac2dad17efb855300a5
0603.jpg,waterfall,16ec5f59-49b8-4753-8a89-8b7f95acec54,Thoovanam Waterfalls,flickr,Ajith (അജിത്ത്),https://www.flickr.com/photos/49211121@N00/4698484187,https://live.staticflickr.com/4010/4698484187_7a974d5965_b.jpg,by-sa,2.0,https://creativecommons.org/licenses/by-sa/2.0/,forest waterfall,1024,670,768,503,32.487,eaeeb9284f947ff9a83a0560bc542c04ca18116c
0606.jpg,waterfall,741099a1-833a-4abc-8827-38aea413b527,Fiery Autumn Waterfall,flickr,ForestWander.com,https://www.flickr.com/photos/10922353@N03/6115466219,https://live.staticflickr.com/6199/6115466219_550feb852f_b.jpg,by-sa,2.0,https://creativecommons.org/licenses/by-sa/2.0/,forest waterfall,1024,683,768,512,29.812,91fdb93a87b3d7876845c3518e717d99d8232d27
0607.jpg,waterfall,934c57ac-44ab-4ab6-a520-87f848c2590a,Croatia-00975 - More Beauties,flickr,archer10 (Dennis),https://www.flickr.com/photos/22490717@N02/9450826599,https://live.staticflickr.com/7451/9450826599_08ba81fe68_b.jpg,by-sa,2.0,https://creativecommons.org/licenses/by-sa/2.0/,forest waterfall,683,1024,512,768,21.447,14331305756fdecd77b8278dffae16eaabf15ba6
0605.jpg,waterfall,9803e14d-f4c4-44a4-8231-efc2f8389f01,Rjoandefossen (Explored),flickr,Markus Trienke,https://www.flickr.com/photos/102769624@N02/26693660592,https://live.staticflickr.com/7757/26693660592_d68cc37770_b.jpg,by-sa,2.0,https://creativecommons.org/licenses/by-sa/2.0/,forest waterfall,683,1024,512,768,44.484,7b3a482ff38b73094cb4db31d5d5d1985330aa33
0610.jpg,waterfall,bbe0c2eb-d170-4445-97c5-3f665b12d93f,Croatia-00955,flickr,archer10 (Dennis),https://www.flickr.com/photos/22490717@N02/9450768873,https://live.staticflickr.com/5464/9450768873_825811d5c2_b.jpg,by-sa,2.0,https://creativecommons.org/licenses/by-sa/2.0/,forest waterfall,683,1024,512,768,65.499,90420bef409bb5c50ac010a89031b3622047520d
0604.jpg,waterfall,38a380d4-5c50-4334-b6b6-16fd1bd93026,Jurassic Cataracts,flickr,jurvetson,https://www.flickr.com/photos/44124348109@N01/6585517431,https://live.staticflickr.com/7028/6585517431_360ee0e6c9_b.jpg,by,2.0,https://creativecommons.org/licenses/by/2.0/,forest waterfall,1024,743,768,557,79.157,7d3c0e286fc721509e0c8a1db9bd97ecd98f973c
0609.jpg,waterfall,19452bc6-dda2-4894-a672-e89516b4889e,Croatia-00910 - Great Place to Swim............maybe,flickr,archer10 (Dennis),https://www.flickr.com/photos/22490717@N02/9453458268,https://live.staticflickr.com/7358/9453458268_3db1a6084f_b.jpg,by-sa,2.0,https://creativecommons.org/licenses/by-sa/2.0/,forest waterfall,1024,683,768,512,79.449,cfc3643c15d1e377c5600427c19cf043388d94f9
0611.jpg,waterfall,abc349e5-09f6-4ab9-adfb-63c4121839b2,Croatia-00905 - Croatia's first National park,flickr,archer10 (Dennis),https://www.flickr.com/photos/22490717@N02/9459273150,https://live.staticflickr.com/2812/9459273150_1fe3c61334_b.jpg,by-sa,2.0,https://creativecommons.org/licenses/by-sa/2.0/,forest waterfall,1024,683,768,512,82.998,aa6cf4a047a8499e7a3bd23eb4a6b90bb065af25
0608.jpg,waterfall,2902c1d5-3639-4ddd-8665-a1d9b29befe5,Croatia-00924 - Watermill Lift,flickr,archer10 (Dennis),https://www.flickr.com/photos/22490717@N02/9450719017,https://live.staticflickr.com/2859/9450719017_5db120dc9f_b.jpg,by-sa,2.0,https://creativecommons.org/licenses/by-sa/2.0/,forest waterfall,683,1024,512,768,46.828,2492fa48f1a7b9d856dad5f767a88eac41670f59
0612.jpg,waterfall,87bf1cbd-50b2-47e4-990a-a6d0d03df358,Croatia-00844,flickr,archer10 (Dennis),https://www.flickr.com/photos/22490717@N02/9450391517,https://live.staticflickr.com/2848/9450391517_df0af04ac4_b.jpg,by-sa,2.0,https://creativecommons.org/licenses/by-sa/2.0/,forest waterfall,1024,683,768,512,67.118,f51e6854ad2f42374d7a8d42dd1d06f3dced74de
0614.jpg,waterfall,a2435095-2f6e-48c2-a725-d489280ecbeb,Croatia-00902 - Green is all Around,flickr,archer10 (Dennis),https://www.flickr.com/photos/22490717@N02/9450655347,https://live.staticflickr.com/5530/9450655347_9911c1cac7_b.jpg,by-sa,2.0,https://creativecommons.org/licenses/by-sa/2.0/,forest waterfall,683,1024,512,768,85.745,e9a4c1da404a4989762de87fd07fd77bdd6e78bc
0613.jpg,waterfall,ccc3c8c8-c581-4d3d-92ce-fe5cc3c1c8ca,Croatia-01003,flickr,archer10 (Dennis),https://www.flickr.com/photos/22490717@N02/9459225356,https://live.staticflickr.com/2889/9459225356_c0de976d7e_b.jpg,by-sa,2.0,https://creativecommons.org/licenses/by-sa/2.0/,forest waterfall,683,1024,512,768,59.793,d43cb4f24d285f262a811f19e66da61bd36c9de9
0617.jpg,waterfall,763e920c-9546-47a9-b636-9a7260714664,Croatia-00925 - Watermill Stairway,flickr,archer10 (Dennis),https://www.flickr.com/photos/22490717@N02/9453506044,https://live.staticflickr.com/7333/9453506044_7739c6c774_b.jpg,by-sa,2.0,https://creativecommons.org/licenses/by-sa/2.0/,forest waterfall,683,1024,512,768,30.019,103370fb325fc0ee512f7963d04c6ccab152529b
0615.jpg,waterfall,431415c7-9775-4763-a3f2-4584275400bd,Croatia-00917 - Textures,flickr,archer10 (Dennis),https://www.flickr.com/photos/22490717@N02/9459190374,https://live.staticflickr.com/3810/9459190374_a339f3a344_b.jpg,by-sa,2.0,https://creativecommons.org/licenses/by-sa/2.0/,forest waterfall,683,1024,512,768,73.631,68869f269fc7e408851dcf1b64cfab13669ec307
0616.jpg,waterfall,13ded9a3-6c3d-4258-b63b-d933352698e6,Croatia-00999,flickr,archer10 (Dennis),https://www.flickr.com/photos/22490717@N02/9459217000,https://live.staticflickr.com/5548/9459217000_76ebdb94db_b.jpg,by-sa,2.0,https://creativecommons.org/licenses/by-sa/2.0/,forest waterfall,1024,683,768,512,58.335,2e03f8670ced5b4450d61b5f24b8c5f8d67c4d53
0619.jpg,waterfall,91e48c2d-5bce-4ab7-9abd-82f0c69f65df,Croatia-00939 - Equipment in Water Mill,flickr,archer10 (Dennis),https://www.flickr.com/photos/22490717@N02/9453521970,https://live.staticflickr.com/2824/9453521970_32550f094d_b.jpg,by-sa,2.0,https://creativecommons.org/licenses/by-sa/2.0/,forest waterfall,1024,683,768,512,59.382,3ae5e754570d0627be5ccef9e754310ccba891a4
0618.jpg,waterfall,cc9d4735-2c0b-4d18-b335-405ad8feac3a,Croatia-01017 - Water Everywhere - Close to the End,flickr,archer10 (Dennis),https://www.flickr.com/photos/22490717@N02/9456502881,https://live.staticflickr.com/3700/9456502881_e7188ecfa4_b.jpg,by-sa,2.0,https://creativecommons.org/licenses/by-sa/2.0/,forest waterfall,683,1024,512,768,91.817,780cd1c7442a38411d470209a4f952fb59ba6110
0620.jpg,waterfall,5e2b7f42-ce65-4493-94c0-196a9bf379b0,Croatia-00862 - Great Walking,flickr,archer10 (Dennis),https://www.flickr.com/photos/22490717@N02/9450431401,https://live.staticflickr.com/3730/9450431401_080d78d000_b.jpg,by-sa,2.0,https://creativecommons.org/licenses/by-sa/2.0/,forest waterfall,683,1024,512,768,78.326,a6ca9001ca4da90197023ac250270c10b23b9802
0622.jpg,waterfall,14601da0-a6b8-43c6-84ea-35f60e01b0ac,Croatia-01026 - Plitvice Lake,flickr,archer10 (Dennis),https://www.flickr.com/photos/22490717@N02/9450956963,https://live.staticflickr.com/65535/9450956963_eb5bcf6915_b.jpg,by-sa,2.0,https://creativecommons.org/licenses/by-sa/2.0/,forest waterfall,683,1024,512,768,86.655,df6c0f5d510bf2d05f0f08f0e5e917c0a09ef1f9
0621.jpg,waterfall,4f5ac9ef-2247-499f-9cf8-ed65c22a361d,Croatia-01012 - Plitvice Lake National Park,flickr,archer10 (Dennis),https://www.flickr.com/photos/22490717@N02/9450908647,https://live.staticflickr.com/3744/9450908647_8cbfa356a1_b.jpg,by-sa,2.0,https://creativecommons.org/licenses/by-sa/2.0/,forest waterfall,683,1024,512,768,91.108,3cf86d9887abd5a80c6882d14f54fce9adf95451
0623.jpg,waterfall,ada94daf-3dab-4c82-a965-3cfb60bc8e3c,Croatia-00948 - Another Boat Ride,flickr,archer10 (Dennis),https://www.flickr.com/photos/22490717@N02/9453529682,https://live.staticflickr.com/7292/9453529682_00f45855cb_b.jpg,by-sa,2.0,https://creativecommons.org/licenses/by-sa/2.0/,forest waterfall,1024,683,768,512,55.532,bb190a60d7438a7f2f38f94f46069a03987d7636
0624.jpg,waterfall,c62cc07d-fdf9-490d-bae7-9127e3b777a6,Cherry Run Game Lands (Revisit) (2),flickr,Nicholas_T,https://www.flickr.com/photos/14922165@N00/11598545496,https://live.staticflickr.com/5482/11598545496_4d8b77bf4f_b.jpg,by,2.0,https://creativecommons.org/licenses/by/2.0/,forest waterfall,1024,683,768,512,73.062,6484e9976827fe29d7158356f88d45b84180866c
0627.jpg,waterfall,fd38f83b-ae23-412c-8028-4c48c13daf08,Croatia-00973 - Walkway Beauties,flickr,archer10 (Dennis),https://www.flickr.com/photos/22490717@N02/9450817763,https://live.staticflickr.com/2894/9450817763_ecca5aaeb5_b.jpg,by-sa,2.0,https://creativecommons.org/licenses/by-sa/2.0/,forest waterfall,683,1024,512,768,18.41,601237e15444dd10ff766ea80caa6182ab170825
0625.jpg,waterfall,22f79cdc-075c-4cbd-8adc-bf2683604517,Jeans Run Gorge (2),flickr,Nicholas_T,https://www.flickr.com/photos/14922165@N00/13923595337,https://live.staticflickr.com/2912/13923595337_c1143dd598_b.jpg,by,2.0,https://creativecommons.org/licenses/by/2.0/,forest waterfall,1024,683,768,512,45.914,6538a6ae85657f160403a17fc9a7416e4315a6ee
0628.jpg,waterfall,22acbe95-2abc-4335-a234-92bbc326e6fa,Ethereal water falling among wet rocks,flickr,Horia Varlan,https://www.flickr.com/photos/10361931@N06/5099223501,https://live.staticflickr.com/1404/5099223501_8b672de4ca_b.jpg,by,2.0,https://creativecommons.org/licenses/by/2.0/,forest waterfall,680,1024,510,768,59.101,4d51692644a6fb867b22bdbcaaebfd285e3dcadc
0626.jpg,waterfall,dc9c10dc-24cc-4a7b-b313-568b3c898142,Croatia-00853 - Water Everywhere,flickr,archer10 (Dennis),https://www.flickr.com/photos/22490717@N02/9453195656,https://live.staticflickr.com/2807/9453195656_990974ea71_b.jpg,by-sa,2.0,https://creativecommons.org/licenses/by-sa/2.0/,forest waterfall,683,1024,512,768,80.928,d99e3836183c920ae3da525eee2899a6e96ed667
0629.jpg,waterfall,eb47510a-be90-4e53-9eef-3acabef9a992,Fall Creek (Revisited) (5),flickr,Nicholas_T,https://www.flickr.com/photos/14922165@N00/11660297206,https://live.staticflickr.com/5479/11660297206_3e3053935f_b.jpg,by,2.0,https://creativecommons.org/licenses/by/2.0/,forest waterfall,1024,683,768,512,72.529,b0d730ce32d8b6afaa635b9e48e83994d2899158
0630.jpg,waterfall,31a84c72-90ea-41ba-8e96-13cfd52ae032,"Smoke from Fires in Southwestern Oregon, Northern California",nasa,NASA Goddard Photo and Video,https://www.flickr.com/photos/24662369@N07/20233387486,https://live.staticflickr.com/558/20233387486_845c7bc153_b.jpg,by,2.0,https://creativecommons.org/licenses/by/2.0/,forest waterfall,768,1024,576,768,45.566,f766dcc0dd97de06dc6e59a2012316aeb21e073f
0631.jpg,waterfall,4807d34b-8602-45a1-86fa-1cf0641009e0,Schist,flickr,Nicholas_T,https://www.flickr.com/photos/14922165@N00/3975496671,https://live.staticflickr.com/3496/3975496671_0a45787402_b.jpg,by,2.0,https://creativecommons.org/licenses/by/2.0/,forest waterfall,768,1024,576,768,63.89,06480c0562bd59b1464b48550503e98deec82819
0633.jpg,waterfall,83df504c-fcc9-493b-aebb-6cc7a5dcb1b9,"Darling River Waterfall. West Coast Trail, Vancouver Island, BC, Canada",flickr,Paxson Woelber,https://www.flickr.com/photos/59306007@N08/6404526377,https://live.staticflickr.com/6035/6404526377_6d5ef6705e_b.jpg,by,2.0,https://creativecommons.org/licenses/by/2.0/,river waterfall,1024,439,768,329,75.801,37c5883061c3a637fb6a391552ddba56897dd1c4
0635.jpg,waterfall,64dc81c2-5e77-4c3b-9d49-225ee15828e8,Black River Waterfall,flickr,chumlee10,https://www.flickr.com/photos/39819915@N05/31425504143,https://live.staticflickr.com/680/31425504143_2081774b2a_b.jpg,by-sa,2.0,https://creativecommons.org/licenses/by-sa/2.0/,river waterfall,1024,683,768,512,71.692,8f08982284adbcd0057b253fce56318975e18522
0636.jpg,waterfall,79a73158-7af2-4fa7-a2f1-2e497c142e16,close up to lower water falls looking down into falls showing spray and drop off in river waterfall yellowstone wyoming canyon wy,flickr,"Tim Pearce, Los Gatos",https://www.flickr.com/photos/42937777@N00/5272537343,https://live.staticflickr.com/5129/5272537343_3ba24824c7_b.jpg,by,2.0,https://creativecommons.org/licenses/by/2.0/,river waterfall,1024,768,768,576,29.044,036d471f929a528b7f2b205961f9e1f5d4c0a28b
0639.jpg,waterfall,ad93630c-c883-459b-9d6d-6f796d72020f,Mississippi River waterfalls,flickr,Eric Fischer,https://www.flickr.com/photos/24431382@N03/14338171487,https://live.staticflickr.com/3841/14338171487_b232a95849_b.jpg,by,2.0,https://creativecommons.org/licenses/by/2.0/,river waterfall,1024,768,768,576,55.491,471e46c0e36be31d262f7ef8b88a9f19965c13eb
0641.jpg,waterfall,c7fde9f5-e68b-4acd-83cb-1561eda1be80,The Glowing RIver Waterfall,flickr,A Guy Named Nyal,https://www.flickr.com/photos/189326381@N08/52281304443,https://live.staticflickr.com/65535/52281304443_a823123f49_b.jpg,by-sa,2.0,https://creativecommons.org/licenses/by-sa/2.0/,river waterfall,1024,683,768,512,38.667,a9d9aa0937b3b1bebe96395e2247a73863dddc02
0632.jpg,waterfall,a4e3d3e1-52a7-459b-bb29-0f43f6a7fa26,Nooksack River Waterfall Washington State,flickr,PatrickMcNallyMolokai,https://www.flickr.com/photos/65652256@N02/7037100315,https://live.staticflickr.com/7102/7037100315_9584e78636_b.jpg,by,2.0,https://creativecommons.org/licenses/by/2.0/,river waterfall,1024,681,768,511,54.791,cbe9612f247884ab97a7c31e522ad25b422b3321
0643.jpg,waterfall,d10e5924-06c8-4cc0-b182-d777416eba88,"Ken, Fremont River Waterfalls, Capitol Reef National Park, Utah",flickr,Ken Lund,https://www.flickr.com/photos/75683070@N00/66851739,https://live.staticflickr.com/28/66851739_e748ff3db3_b.jpg,by-sa,2.0,https://creativecommons.org/licenses/by-sa/2.0/,river waterfall,1024,768,768,576,33.083,e4a11ca05e8566c980c56d89b8299a2ef356061d
0645.jpg,waterfall,6fc2fa61-aed4-4377-9162-de3ab3628c7e,"Fremont River Waterfalls, Capitol Reef National Park, Utah",flickr,Ken Lund,https://www.flickr.com/photos/75683070@N00/68871116,https://live.staticflickr.com/35/68871116_927c8f6082_b.jpg,by-sa,2.0,https://creativecommons.org/licenses/by-sa/2.0/,river waterfall,1024,768,768,576,34.737,ede1acb228e5811d7cb9c800fc43498dbcb4a41a
0648.jpg,waterfall,f6a1e8d7-97c6-4218-8dc2-bd99b31bd587,"Fremont River Waterfalls, Capitol Reef National Park, Utah",flickr,Ken Lund,https://www.flickr.com/photos/75683070@N00/68871156,https://live.staticflickr.com/15/68871156_6ebaafb273_b.jpg,by-sa,2.0,https://creativecommons.org/licenses/by-sa/2.0/,river waterfall,768,1024,576,768,31.13,efe3185ee50e207d08ac56143f018c9d36f708b9
0649.jpg,waterfall,d0e3a641-ba9c-4fb9-ad6b-4ef8e5df997b,Paria River Waterfall,flickr,Paul Fundenburg,https://www.flickr.com/photos/47824692@N00/2596653307,https://live.staticflickr.com/3026/2596653307_24deeca0e9_b.jpg,by,2.0,https://creativecommons.org/licenses/by/2.0/,river waterfall,768,1024,576,768,71.366,647e63866abe25aa605dbe9673437170a99155d4
0650.jpg,waterfall,9dbc05ca-a3f1-489e-93b8-e0b352fe2e92,Youghiogheny River Waterfall,flickr,daveynin,https://www.flickr.com/photos/44124370018@N01/2880687723,https://live.staticflickr.com/3092/2880687723_f6aa20f936_b.jpg,by,2.0,https://creativecommons.org/licenses/by/2.0/,river waterfall,768,1024,576,768,52.673,a6f3e565b72d53c384908e933231d1b4259c2565
0651.jpg,waterfall,d741cad2-964c-4818-8b79-d54bb0483fb4,Nothing can beat the natural beauty of Costa Rican rainforests! #frontiervolunteer #volunteer #volunteerabroad #nature #greenle #plantlife #rainforest #jungle #tropical #sustainability #ecofriendly #environment #conservation #river #waterfall #lagoon #exp,flickr,Frontierofficial,https://www.flickr.com/photos/44634455@N08/20139906846,https://live.staticflickr.com/3717/20139906846_0ce49eec9c.jpg,by,2.0,https://creativecommons.org/licenses/by/2.0/,river waterfall,500,500,500,500,80.592,8a12a46adc4762b78db71a9b18d328691a3d674a
0652.jpg,waterfall,857c0e7d-5eb4-4a6c-bdbc-025467c638fe,"Fremont River Waterfalls, Capitol Reef National Park, Utah",flickr,Ken Lund,https://www.flickr.com/photos/75683070@N00/68871217,https://live.staticflickr.com/35/68871217_b4abb0fb4e_b.jpg,by-sa,2.0,https://creativecommons.org/licenses/by-sa/2.0/,river waterfall,1024,768,768,576,38.312,6799e0da2aab53c03172308bcc855636458d530a
0654.jpg,waterfall,9273cb5b-7b72-4ded-b1d9-555c2672eb33,River Waterfall Autumn - Most Beautiful Waterfall Wallpapers for Desktop Background,flickr,jin.3444,https://www.flickr.com/photos/112296164@N04/12293715956,https://live.staticflickr.com/5520/12293715956_b3dfdaab7e_b.jpg,by,2.0,https://creativecommons.org/licenses/by/2.0/,river waterfall,1024,576,768,432,62.902,e62abca5cc8d52668649c641eb78eed0fe02566d
0655.jpg,waterfall,4801fc17-408e-4996-b322-19eedd2d7136,Pandan River Waterfall,flickr,DUNIAFOTO DIGITAL,https://www.flickr.com/photos/94668256@N03/12685900324,https://live.staticflickr.com/7351/12685900324_4b05dfdfca_b.jpg,by,2.0,https://creativecommons.org/licenses/by/2.0/,river waterfall,1024,681,768,511,63.896,efd46c85d9479df9e396788df2705f8d1b2bca1b
0653.jpg,waterfall,4da9d4a1-e7d9-4a0f-bbe0-609aa8106364,"Guanxi Lijiang River, waterfall",flickr,by Mark Huguet,https://www.flickr.com/photos/79593495@N05/11539594325,https://live.staticflickr.com/2811/11539594325_46b2988450_b.jpg,by-sa,2.0,https://creativecommons.org/licenses/by-sa/2.0/,river waterfall,1024,768,768,576,52.269,30baeb417b69636595642245c8ccc4a4903132aa
0657.jpg,waterfall,7094a678-ae4a-4233-8989-d4b4e2eec084,River Waterfall,flickr,INTVGene,https://www.flickr.com/photos/44606255@N00/460401024,https://live.staticflickr.com/245/460401024_68991ab9d9_b.jpg,by-sa,2.0,https://creativecommons.org/licenses/by-sa/2.0/,river waterfall,1024,683,768,512,42.83,5a92788bcf04db4d76230f3f5d92f3d410545087
0660.jpg,waterfall,6dc9fd73-6617-4073-b4b5-11a30eeec3a1,Lealt river waterfalls,flickr,wilm,https://www.flickr.com/photos/69519247@N00/36351227,https://live.staticflickr.com/25/36351227_c15724d5fe_b.jpg,by-sa,2.0,https://creativecommons.org/licenses/by-sa/2.0/,river waterfall,1024,768,768,576,36.212,ac90bd717870b88027c65a620dfeb51992affe98
0662.jpg,waterfall,7edef5d2-49bb-4724-8088-9618533e989e,model w/ East River waterfall,flickr,dumbonyc,https://www.flickr.com/photos/95633051@N00/2616473642,https://live.staticflickr.com/3264/2616473642_d032e16cf1_b.jpg,by-sa,2.0,https://creativecommons.org/licenses/by-sa/2.0/,river waterfall,1023,687,768,516,59.741,d07ca669f7aeb91d9adc784d11014ef986a0a350
0661.jpg,waterfall,ae9a24e5-96b1-4ef7-8d18-b05ee3403b17,Wind River Waterfall,flickr,Northwest Rafting Company,https://www.flickr.com/photos/23299229@N06/13947279096,https://live.staticflickr.com/7454/13947279096_a00cbab639_b.jpg,by,2.0,https://creativecommons.org/licenses/by/2.0/,river waterfall,683,1024,512,768,54.953,4d85f2ab513e79b67fcc6616a7062bb653bdfa04
0663.jpg,waterfall,ed15d3c9-04fc-46e3-ae96-306b44549301,Lealt river waterfalls,flickr,wilm,https://www.flickr.com/photos/69519247@N00/36351576,https://live.staticflickr.com/31/36351576_a8fd4ca379_b.jpg,by-sa,2.0,https://creativecommons.org/licenses/by-sa/2.0/,river waterfall,1024,768,768,576,38.401,35160220b0e134cdd0b645fdf8b1d18df250c8e8
0664.jpg,waterfall,35fd94cd-93b2-478e-bd10-ee1fe2641c2b,Willammette River Waterfall 2,flickr,Bill Ward's Brickpile,https://www.flickr.com/photos/23501684@N00/16610251,https://live.staticflickr.com/9/16610251_97f88a3342_b.jpg,by,2.0,https://creativecommons.org/licenses/by/2.0/,river waterfall,1024,768,768,576,24.304,1cccab8a675b62ed1e5329a64e6c28318a9867a4
0665.jpg,waterfall,ecb01bf6-776a-452d-8a70-5883e63efcd5,Willammette River Waterfall 1,flickr,Bill Ward's Brickpile,https://www.flickr.com/photos/23501684@N00/16610239,https://live.staticflickr.com/9/16610239_7c5c4cca2e_b.jpg,by,2.0,https://creativecommons.org/licenses/by/2.0/,river waterfall,1024,768,768,576,25.602,ae85321d7531fc7988464fbedefe9139fa5725d9
0667.jpg,waterfall,1912c868-f0fb-408d-a091-6d1ba47ff01e,Lealt river waterfalls,flickr,wilm,https://www.flickr.com/photos/69519247@N00/36350675,https://live.staticflickr.com/25/36350675_4f41085378_b.jpg,by-sa,2.0,https://creativecommons.org/licenses/by-sa/2.0/,river waterfall,1024,768,768,576,61.367,4ecf52394c0130acc4f03ffaa12494e278368a90
0666.jpg,waterfall,b7a17a41-3824-4814-8e6b-5f5aaea852d8,Lealt river waterfalls,flickr,wilm,https://www.flickr.com/photos/69519247@N00/36351037,https://live.staticflickr.com/32/36351037_9c0d359bfe_b.jpg,by-sa,2.0,https://creativecommons.org/licenses/by-sa/2.0/,river waterfall,1024,768,768,576,60.779,35848b889ac97a4c7d33967380a07a36c4dba580
0668.jpg,waterfall,b4887a3e-c957-4f83-906a-08cbb4a18354,Browns River Waterfall - Comox [IMG_1252],flickr,Kesara Rathnayake (kesara.lk),https://www.flickr.com/photos/67322444@N00/53979155185,https://live.staticflickr.com/65535/53979155185_442f2963cb_b.jpg,by-sa,2.0,https://creativecommons.org/licenses/by-sa/2.0/,river waterfall,1024,683,768,512,57.953,9fc2f17190e8d498236dc9409da2adb4985c37d8
0669.jpg,waterfall,523be7ec-08ec-4814-9e2e-7fcfaf6f35b3,Sooke River Waterfall,flickr,a.poll_o,https://www.flickr.com/photos/105307156@N06/15782675080,https://live.staticflickr.com/7498/15782675080_585c58ef8f_b.jpg,by-sa,2.0,https://creativecommons.org/licenses/by-sa/2.0/,river waterfall,1024,288,768,216,60.129,1e67b55bb00f5f2ea92f98443f87281b629bf33a
0670.jpg,waterfall,a3fb5113-366f-4c71-9f96-711b45adb73f,East River Waterfall,flickr,dumbonyc,https://www.flickr.com/photos/95633051@N00/2616447278,https://live.staticflickr.com/3083/2616447278_32e4e7953e_b.jpg,by-sa,2.0,https://creativecommons.org/licenses/by-sa/2.0/,river waterfall,1023,687,768,516,54.799,a81423e36de1e0b863a7c0e6e037c2ad786a195f
0671.jpg,waterfall,f795d68a-bfec-4cbf-bc52-b620c2b69ca3,HIKE TO DOUBLE RIVER WATERFALL AND BRASSO SECO FOOD FEST,flickr,anax44,https://www.flickr.com/photos/72547033@N06/44236830370,https://live.staticflickr.com/4877/44236830370_b7c23b2c3b_b.jpg,by-sa,2.0,https://creativecommons.org/licenses/by-sa/2.0/,river waterfall,1024,584,768,438,62.926,cc625847ad59941feff2c2beeded9f4f5f494775
0672.jpg,waterfall,4c7ab8bb-08dd-475d-bfad-345591769d83,"San Marcos River Waterfall - San Marcos, Texas",flickr,joncutrer,https://www.flickr.com/photos/47121680@N00/27818714562,https://live.staticflickr.com/7379/27818714562_af4703d7b9_b.jpg,by,2.0,https://creativecommons.org/licenses/by/2.0/,river waterfall,1023,526,768,395,54.865,e7b048671100e12928394a51de5648853b6bb724
0673.jpg,waterfall,6c60bc05-b0be-49c8-8e13-d98826fe99c5,Jerling River Waterfall ... (Photo JC PLE),flickr,Bernard DUPONT,https://www.flickr.com/photos/65695019@N07/54310406535,https://live.staticflickr.com/65535/54310406535_3546873392_b.jpg,by-sa,2.0,https://creativecommons.org/licenses/by-sa/2.0/,river waterfall,629,1024,472,768,89.242,04130c90d7d01c4511826f1f172d60e16d880abf
0674.jpg,waterfall,a9193af1-969d-4a0d-8677-7062f3597908,Indaia river waterfall - Formosa/GO,flickr,Felipe Venâncio,https://www.flickr.com/photos/56599942@N00/3583216425,https://live.staticflickr.com/3367/3583216425_aa40ca0a0e_b.jpg,by,2.0,https://creativecommons.org/licenses/by/2.0/,river waterfall,1024,680,768,510,87.192,c7240d4ef19ecd16923c8496323c98cb4730ab7a
0678.jpg,waterfall,0b38b1a4-c72e-4c4d-9f80-8471b293a562,Temperance River Waterfall,flickr,Sharon Mollerus,https://www.flickr.com/photos/38315261@N00/2624559520,https://live.staticflickr.com/3183/2624559520_99062d89d5_b.jpg,by,2.0,https://creativecommons.org/licenses/by/2.0/,river waterfall,1024,683,768,512,61.007,dc191082372071b94b13ccfa0f7c16d6bffe199b
0680.jpg,waterfall,d4816ca7-b08c-4255-b3d3-423afa0b581c,PH Pagsanjan River waterfall - 1963 (W63-K13-28),flickr,David Pirmann,https://www.flickr.com/photos/9905418@N05/51788153049,https://live.staticflickr.com/65535/51788153049_a4a34fc248_b.jpg,by,2.0,https://creativecommons.org/licenses/by/2.0/,river waterfall,682,1023,512,768,59.716,ea677c6af7248f7363297ca80a8ef157b4ca9b75
0681.jpg,waterfall,1257d4ff-4958-4c7f-aa91-2e4470c18c0a,View of General Carrera lake near the Los Maquis river waterfalls,flickr,sergejf,https://www.flickr.com/photos/7942389@N04/31967242388,https://live.staticflickr.com/4853/31967242388_a8cc92dd37_b.jpg,by,2.0,https://creativecommons.org/licenses/by/2.0/,river waterfall,1024,683,768,512,73.019,7c1b066a8b60eb4b670d6b16a9c6a7ab761fec4c
0679.jpg,waterfall,e5720bb3-d959-4b7b-8d73-799d06882937,HIKE TO DOUBLE RIVER WATERFALL AND BRASSO SECO FOOD FEST,flickr,anax44,https://www.flickr.com/photos/72547033@N06/31114194197,https://live.staticflickr.com/4890/31114194197_b40e03cf1a_b.jpg,by-sa,2.0,https://creativecommons.org/licenses/by-sa/2.0/,river waterfall,1023,647,768,486,60.398,46fe29c782fffa9bca9f019d84294519bce8a411
0682.jpg,waterfall,1c6bed66-7b2b-4a5f-960b-04355f0ed6c0,PH Pagsanjan River waterfall - 1963 (W63-K13-30),flickr,David Pirmann,https://www.flickr.com/photos/9905418@N05/51787530531,https://live.staticflickr.com/65535/51787530531_27167b362d_b.jpg,by,2.0,https://creativecommons.org/licenses/by/2.0/,river waterfall,683,1024,512,768,61.645,22c91e32c430c85fa15365d5d530de0f9f4101f4
0683.jpg,waterfall,86bbddfa-a150-4e02-97ac-c7e2e9a02402,Pigeon Forge - The Old Mill - Little Pigeon River Waterfall & Restaurant,flickr,jared422_80,https://www.flickr.com/photos/93283041@N00/16567973245,https://live.staticflickr.com/7443/16567973245_ed00274d2b_b.jpg,by,2.0,https://creativecommons.org/licenses/by/2.0/,river waterfall,1024,725,768,544,50.737,c686e17af5ff8aba83a1bd85d6a1e714cb3614d9
0684.jpg,waterfall,f8ffefbe-b57a-4f13-a2df-f62927dde458,Manhattan Bridge w/ East River waterfall,flickr,dumbonyc,https://www.flickr.com/photos/95633051@N00/2616445752,https://live.staticflickr.com/3035/2616445752_b25a5f90bb_b.jpg,by-sa,2.0,https://creativecommons.org/licenses/by-sa/2.0/,river waterfall,1023,687,768,516,62.087,cc2ee43c115c40d98618020eba8285021c95f385
0685.jpg,waterfall,56975fd8-e4cf-4b9a-b8f5-6b4bfb5ca3cc,Great Smoky Mountains National Park - Little River Road - Little River - Waterfall,flickr,jared422_80,https://www.flickr.com/photos/93283041@N00/10172550015,https://live.staticflickr.com/7386/10172550015_a0ed962f91_b.jpg,by,2.0,https://creativecommons.org/licenses/by/2.0/,river waterfall,1024,860,768,645,75.49,c50f6a4633222cb939cf33ee46abd8e967b04046
0686.jpg,waterfall,235ae1f4-7433-46da-a61e-9cfec49992ab,Pigeon Forge - The Old Mill - Little Pigeon River Waterfall (2),flickr,jared422_80,https://www.flickr.com/photos/93283041@N00/16382024997,https://live.staticflickr.com/8644/16382024997_97e70db992_b.jpg,by,2.0,https://creativecommons.org/licenses/by/2.0/,river waterfall,1023,760,768,571,53.197,9dfc3a4de01497a9b9d2483229cf863ba5deff51
0687.jpg,waterfall,5e23e7fa-7a0b-4825-8c11-3959b26c7823,Great Smoky Mountains National Park - Little River Road - Little River - Waterfall - Erin,flickr,jared422_80,https://www.flickr.com/photos/93283041@N00/10172554525,https://live.staticflickr.com/5448/10172554525_522ecd5d7b_b.jpg,by,2.0,https://creativecommons.org/licenses/by/2.0/,river waterfall,1023,785,768,589,62.525,0cb23d5c14d269bddb94351be871358444f8903d
0688.jpg,waterfall,2d4be09f-caae-4d8c-9ecf-fe1937d6a38f,Pigeon Forge - The Old Mill - Little Pigeon River Waterfall - Erin,flickr,jared422_80,https://www.flickr.com/photos/93283041@N00/15945392524,https://live.staticflickr.com/8647/15945392524_7719e441d1_b.jpg,by,2.0,https://creativecommons.org/licenses/by/2.0/,river waterfall,1023,763,768,573,66.91,047f0fe2d5ba2edd5bd65030280b556ffb9006bf
0689.jpg,waterfall,3fbe5343-c7e0-49ed-b5a0-6a36fe3db54c,Jerling River Waterfall ... (Photo JC PLE),flickr,Bernard DUPONT,https://www.flickr.com/photos/65695019@N07/54309977571,https://live.staticflickr.com/65535/54309977571_ce878d3990_b.jpg,by-sa,2.0,https://creativecommons.org/licenses/by-sa/2.0/,river waterfall,530,1024,397,768,77.378,16b1bd03ed4949ac19b1c7879542c24abe63f741
0690.jpg,waterfall,953fc206-2657-4dae-b2c4-29ab3ec5374e,Lealt river waterfalls,flickr,wilm,https://www.flickr.com/photos/69519247@N00/36351436,https://live.staticflickr.com/26/36351436_19e6032bf3_b.jpg,by-sa,2.0,https://creativecommons.org/licenses/by-sa/2.0/,river waterfall,1024,768,768,576,41.515,d44ec31cf472690a6761ea2cf65bdd362561e8a4
0691.jpg,waterfall,c2138462-086d-4a46-b2c5-8ff026964cda,Pigeon Forge - The Old Mill - Little Pigeon River Waterfall - Me,flickr,jared422_80,https://www.flickr.com/photos/93283041@N00/16566842722,https://live.staticflickr.com/8680/16566842722_4f7e067519_b.jpg,by,2.0,https://creativecommons.org/licenses/by/2.0/,river waterfall,1024,745,768,559,67.388,cfe3d41009df9604ec204be89b128e2f6c419139
0692.jpg,waterfall,b638f9b9-15df-4aab-b9c1-d93125daee93,Pigeon Forge - The Old Mill - Little Pigeon River Waterfall,flickr,jared422_80,https://www.flickr.com/photos/93283041@N00/16567970855,https://live.staticflickr.com/7438/16567970855_a573844b46_b.jpg,by,2.0,https://creativecommons.org/licenses/by/2.0/,river waterfall,1024,729,768,547,57.622,62b895d78eb149a4c6d3d5181f18dfcb263e7062
0694.jpg,waterfall,a8482587-1e6c-492f-90c7-8de0c7a18a39,Xanil River Waterfalls at Agua Azul ...,flickr,berniedup,https://www.flickr.com/photos/65695019@N07/49532235472,https://live.staticflickr.com/65535/49532235472_214c951ccf_b.jpg,by-sa,2.0,https://creativecommons.org/licenses/by-sa/2.0/,river waterfall,1024,291,768,218,55.356,048ac8c7589481f1a08dc02f6c02edc0cb598287
0693.jpg,waterfall,7fbd333b-4911-4bc0-90dd-a413011ec77b,Double river waterfall,flickr,Shiraz Chakera,https://www.flickr.com/photos/57446549@N00/5255398515,https://live.staticflickr.com/5243/5255398515_5c9373b4ee_b.jpg,by-sa,2.0,https://creativecommons.org/licenses/by-sa/2.0/,river waterfall,768,1024,576,768,63.093,0e27decdef91018093f2a0590578cc8ffde91869
0696.jpg,waterfall,948e05af-8fa4-4cd5-8e46-5112ceb72976,Xanil River Waterfalls at Agua Azul ...,flickr,berniedup,https://www.flickr.com/photos/65695019@N07/49532258722,https://live.staticflickr.com/65535/49532258722_1e45b26c02_b.jpg,by-sa,2.0,https://creativecommons.org/licenses/by-sa/2.0/,river waterfall,1024,683,768,512,44.74,68efa8e3a61ee7b2e38fa73b9d1d24c0b05bf5ae
0697.jpg,waterfall,958a5c07-a6fa-4834-b100-deebb1bcb82b,Xanil River Waterfalls at Agua Azul ...,flickr,berniedup,https://www.flickr.com/photos/65695019@N07/49531515478,https://live.staticflickr.com/65535/49531515478_14ca805e36_b.jpg,by-sa,2.0,https://creativecommons.org/licenses/by-sa/2.0/,river waterfall,1024,683,768,512,44.615,f6e6dabef88aa37a8780a9e505cc9aca75ad7370
0698.jpg,waterfall,4499d09a-bf7c-4c4f-8806-3e612d8c86f2,Xanil River Waterfalls at Agua Azul ...,flickr,berniedup,https://www.flickr.com/photos/65695019@N07/49531524723,https://live.staticflickr.com/65535/49531524723_75a0771ffe_b.jpg,by-sa,2.0,https://creativecommons.org/licenses/by-sa/2.0/,river waterfall,1023,344,768,258,46.736,05e638f58976f26c2d379bcb40f7ef3e356ca612
0699.jpg,waterfall,fb6e1b69-8917-4112-b953-263d7d7d0abc,Xanil River Waterfalls at Agua Azul ...,flickr,berniedup,https://www.flickr.com/photos/65695019@N07/49532227017,https://live.staticflickr.com/65535/49532227017_62cd29a30e_b.jpg,by-sa,2.0,https://creativecommons.org/licenses/by-sa/2.0/,river waterfall,1024,683,768,512,45.695,a302378192a580fb8ea7502631f1c6f33f14f2d0
0700.jpg,waterfall,ba054637-1727-414f-ae47-fc4766557f68,HIKE TO DOUBLE RIVER WATERFALL AND BRASSO SECO FOOD FEST,flickr,anax44,https://www.flickr.com/photos/72547033@N06/31113601417,https://live.staticflickr.com/4863/31113601417_a65fbdec17_b.jpg,by-sa,2.0,https://creativecommons.org/licenses/by-sa/2.0/,river waterfall,1024,695,768,521,52.619,7b21a5aca4c8c9f9abe67e82fb908353c0d73c26
0695.jpg,waterfall,ac3c1385-1e6e-4365-bbf5-509ba6bb84c1,Xanil River Waterfalls at Agua Azul ...,flickr,berniedup,https://www.flickr.com/photos/65695019@N07/49531994681,https://live.staticflickr.com/65535/49531994681_b80c9a8f23_b.jpg,by-sa,2.0,https://creativecommons.org/licenses/by-sa/2.0/,river waterfall,1024,683,768,512,57.651,03cdc571ce8217265d601afbd30a0c064ca5794f
0702.jpg,waterfall,e6bee80e-cfe6-4109-83dc-95b94b83a13a,HIKE TO DOUBLE RIVER WATERFALL AND BRASSO SECO FOOD FEST,flickr,anax44,https://www.flickr.com/photos/72547033@N06/32181203448,https://live.staticflickr.com/4910/32181203448_2a6d08f866_b.jpg,by-sa,2.0,https://creativecommons.org/licenses/by-sa/2.0/,river waterfall,1024,676,768,507,28.778,aa41252591b451ea7f402d9d7b41b342bac5582a
0701.jpg,waterfall,3644ddeb-e064-4928-ab54-077af21e8c87,HIKE TO DOUBLE RIVER WATERFALL AND BRASSO SECO FOOD FEST,flickr,anax44,https://www.flickr.com/photos/72547033@N06/45140399815,https://live.staticflickr.com/4825/45140399815_2181a67906_b.jpg,by-sa,2.0,https://creativecommons.org/licenses/by-sa/2.0/,river waterfall,1024,685,768,514,65.633,5696dbefb165deb7a8a00ecf1b76b235f9bdec17
0703.jpg,waterfall,aa46447c-378d-4c3c-bcd1-298645163d43,HIKE TO DOUBLE RIVER WATERFALL AND BRASSO SECO FOOD FEST,flickr,anax44,https://www.flickr.com/photos/72547033@N06/44236459340,https://live.staticflickr.com/4889/44236459340_730a14e636_b.jpg,by-sa,2.0,https://creativecommons.org/licenses/by-sa/2.0/,river waterfall,1024,602,768,452,38.233,f6af3e6e0c03dff41957e3c604ad527d8e8a26d4
0704.jpg,waterfall,6f5f5181-3735-4a57-bd7c-01962575f3b1,HIKE TO DOUBLE RIVER WATERFALL AND BRASSO SECO FOOD FEST,flickr,anax44,https://www.flickr.com/photos/72547033@N06/32181329028,https://live.staticflickr.com/4906/32181329028_8d15856308_b.jpg,by-sa,2.0,https://creativecommons.org/licenses/by-sa/2.0/,river waterfall,908,1024,681,768,59.667,06df00abd14ed2d455a3a5a049ed3ed0e849e1d2
0705.jpg,waterfall,0e1a788c-0dae-446f-8b80-846493b394b4,HIKE TO DOUBLE RIVER WATERFALL AND BRASSO SECO FOOD FEST,flickr,anax44,https://www.flickr.com/photos/72547033@N06/32181605638,https://live.staticflickr.com/4894/32181605638_0d99443bf2_b.jpg,by-sa,2.0,https://creativecommons.org/licenses/by-sa/2.0/,river waterfall,1024,605,768,454,69.943,c04b786c111bcb83fa0b6c921768a99ae7172c4a
0706.jpg,waterfall,d1e1510a-7714-4a49-9a00-9a24d0f0dca6,HIKE TO DOUBLE RIVER WATERFALL AND BRASSO SECO FOOD FEST,flickr,anax44,https://www.flickr.com/photos/72547033@N06/46002540182,https://live.staticflickr.com/4893/46002540182_726690556e_b.jpg,by-sa,2.0,https://creativecommons.org/licenses/by-sa/2.0/,river waterfall,831,1024,623,768,49.671,b9b84dc2cbb5cf5a0ec358179d4bcaaee4e4af8f
0707.jpg,waterfall,f1bb157c-7825-48d1-9452-26a4a44352d7,HIKE TO DOUBLE RIVER WATERFALL AND BRASSO SECO FOOD FEST,flickr,anax44,https://www.flickr.com/photos/72547033@N06/46052330561,https://live.staticflickr.com/4882/46052330561_7d07d961dd_b.jpg,by-sa,2.0,https://creativecommons.org/licenses/by-sa/2.0/,river waterfall,1024,638,768,479,69.842,fe149cc115e0d4116b0345e0f60c185a590af0ec
0708.jpg,waterfall,51ce8655-c430-46c5-85a2-6ba8852550a8,HIKE TO DOUBLE RIVER WATERFALL AND BRASSO SECO FOOD FEST,flickr,anax44,https://www.flickr.com/photos/72547033@N06/45140738505,https://live.staticflickr.com/4908/45140738505_671ccb5541_b.jpg,by-sa,2.0,https://creativecommons.org/licenses/by-sa/2.0/,river waterfall,1023,674,768,506,67.756,689ba0505422bce085e45eec6e2dc903b326e94f
0709.jpg,waterfall,8be8e167-b815-4ea5-8867-678f931a21e4,HIKE TO DOUBLE RIVER WATERFALL AND BRASSO SECO FOOD FEST,flickr,anax44,https://www.flickr.com/photos/72547033@N06/45140690885,https://live.staticflickr.com/4890/45140690885_a316721547_b.jpg,by-sa,2.0,https://creativecommons.org/licenses/by-sa/2.0/,river waterfall,777,1023,583,768,69.104,df8dc6ae1f5ef9d5ccf447027c772df661462213
0710.jpg,waterfall,6383bc61-0a35-4496-b06f-ec2666551426,HIKE TO DOUBLE RIVER WATERFALL AND BRASSO SECO FOOD FEST,flickr,anax44,https://www.flickr.com/photos/72547033@N06/45140590125,https://live.staticflickr.com/4869/45140590125_e76563c0a7_b.jpg,by-sa,2.0,https://creativecommons.org/licenses/by-sa/2.0/,river waterfall,1024,966,768,725,59.978,a44d92cfd5cbb8615c49443be616fbda6a0c3a87
0711.jpg,waterfall,f92e58dc-0ffd-4619-9439-03ffaaa01cb2,HIKE TO DOUBLE RIVER WATERFALL AND BRASSO SECO FOOD FEST,flickr,anax44,https://www.flickr.com/photos/72547033@N06/44236788300,https://live.staticflickr.com/4888/44236788300_2f31920ba5_b.jpg,by-sa,2.0,https://creativecommons.org/licenses/by-sa/2.0/,river waterfall,1024,658,768,494,59.462,0c224900f9786fdb485ca3ffcbe86251b860285d
0712.jpg,waterfall,a42ee96b-ccc0-4c92-be2a-2bb27a92de69,HIKE TO DOUBLE RIVER WATERFALL AND BRASSO SECO FOOD FEST,flickr,anax44,https://www.flickr.com/photos/72547033@N06/44236616130,https://live.staticflickr.com/4822/44236616130_2111319108_b.jpg,by-sa,2.0,https://creativecommons.org/licenses/by-sa/2.0/,river waterfall,1023,614,768,461,57.274,424448d51b070611b02bfdaa1d89c565635886b2
0714.jpg,waterfall,b9ad1ce3-6139-484d-bb59-c4915fc98408,HIKE TO DOUBLE RIVER WATERFALL AND BRASSO SECO FOOD FEST,flickr,anax44,https://www.flickr.com/photos/72547033@N06/31113483897,https://live.staticflickr.com/4879/31113483897_e0bd5b61b9_b.jpg,by-sa,2.0,https://creativecommons.org/licenses/by-sa/2.0/,river waterfall,1024,985,768,739,16.147,f3dc843998acf89abc9d1f8781c82d3c62bf1bd5
0713.jpg,waterfall,d4f0e17d-52c7-4934-b455-c380381546cc,HIKE TO DOUBLE RIVER WATERFALL AND BRASSO SECO FOOD FEST,flickr,anax44,https://www.flickr.com/photos/72547033@N06/31113892137,https://live.staticflickr.com/4851/31113892137_c9145f6ab5_b.jpg,by-sa,2.0,https://creativecommons.org/licenses/by-sa/2.0/,river waterfall,847,1024,635,768,56.059,dfd67a2d46d51d145769dcc1a61091965a5f57fe
0715.jpg,waterfall,4bc08ca0-3cc4-4666-8723-e98155098a80,HIKE TO DOUBLE RIVER WATERFALL AND BRASSO SECO FOOD FEST,flickr,anax44,https://www.flickr.com/photos/72547033@N06/31113431637,https://live.staticflickr.com/4827/31113431637_8ac649f7e0_b.jpg,by-sa,2.0,https://creativecommons.org/licenses/by-sa/2.0/,river waterfall,1023,780,768,586,50.503,6fe2f2bddbd1d6e93ba7f0bab51b86bfca99b51d
0717.jpg,waterfall,f782c8b4-5d2d-4439-a191-623161182d96,HIKE TO DOUBLE RIVER WATERFALL AND BRASSO SECO FOOD FEST,flickr,anax44,https://www.flickr.com/photos/72547033@N06/44236996270,https://live.staticflickr.com/4906/44236996270_3eb9a12b19_b.jpg,by-sa,2.0,https://creativecommons.org/licenses/by-sa/2.0/,river waterfall,1024,707,768,530,35.922,f9e1666e3f6804f5502eb11c9690b27f8f28ebbe
0716.jpg,waterfall,9419b176-5f5d-41f3-9895-bc9ab52ac04d,HIKE TO DOUBLE RIVER WATERFALL AND BRASSO SECO FOOD FEST,flickr,anax44,https://www.flickr.com/photos/72547033@N06/32181752228,https://live.staticflickr.com/4889/32181752228_9af16dd501_b.jpg,by-sa,2.0,https://creativecommons.org/licenses/by-sa/2.0/,river waterfall,1024,612,768,459,66.388,f7ac01dc5665bb527ea1af314c6dc625f4fd9a62
0718.jpg,waterfall,de8ab4f5-062e-4ebb-aca1-9a04d5db46ab,HIKE TO DOUBLE RIVER WATERFALL AND BRASSO SECO FOOD FEST,flickr,anax44,https://www.flickr.com/photos/72547033@N06/45328081314,https://live.staticflickr.com/4804/45328081314_8c9a6ae0ca_b.jpg,by-sa,2.0,https://creativecommons.org/licenses/by-sa/2.0/,river waterfall,1024,663,768,497,45.264,790d5ad94150a1dd2c024e073dee1c82da146aba
0719.jpg,waterfall,b1905d0e-1421-4cdb-84e6-5bd4c2a6ba0a,HIKE TO DOUBLE RIVER WATERFALL AND BRASSO SECO FOOD FEST,flickr,anax44,https://www.flickr.com/photos/72547033@N06/45140520235,https://live.staticflickr.com/4890/45140520235_8c16da33b3_b.jpg,by-sa,2.0,https://creativecommons.org/licenses/by-sa/2.0/,river waterfall,1024,697,768,523,58.512,033b21ca19f8c3eab0627c4e883af99aa880f043
0720.jpg,waterfall,639896f9-ae19-46b4-b8f0-fa9fda5a6688,HIKE TO DOUBLE RIVER WATERFALL AND BRASSO SECO FOOD FEST,flickr,anax44,https://www.flickr.com/photos/72547033@N06/32181800948,https://live.staticflickr.com/4890/32181800948_76f7b2167b_b.jpg,by-sa,2.0,https://creativecommons.org/licenses/by-sa/2.0/,river waterfall,1024,1021,768,766,55.812,06e7d92840edcd291c8ef6a306290bee7bfdebc4
0721.jpg,waterfall,5c8dd674-39e6-4c07-8c1d-b1aa862c0df6,HIKE TO DOUBLE RIVER WATERFALL AND BRASSO SECO FOOD FEST,flickr,anax44,https://www.flickr.com/photos/72547033@N06/45328131984,https://live.staticflickr.com/4907/45328131984_a36e07505a_b.jpg,by-sa,2.0,https://creativecommons.org/licenses/by-sa/2.0/,river waterfall,1024,709,768,532,55.892,6e47c1b84fa9c272cb281d99818ba190eec13fa9
0722.jpg,waterfall,dc17fed9-04b8-4bf3-8bdd-64c3911cf930,HIKE TO DOUBLE RIVER WATERFALL AND BRASSO SECO FOOD FEST,flickr,anax44,https://www.flickr.com/photos/72547033@N06/46052736761,https://live.staticflickr.com/4900/46052736761_146ecaeb3c_b.jpg,by-sa,2.0,https://creativecommons.org/licenses/by-sa/2.0/,river waterfall,1024,687,768,515,61.86,9a2bc4f52452b7b92ba21b4bb488b305ce273828
0723.jpg,waterfall,5a4edd7b-21c5-4718-b360-616bd87e9772,HIKE TO DOUBLE RIVER WATERFALL AND BRASSO SECO FOOD FEST,flickr,anax44,https://www.flickr.com/photos/72547033@N06/45140729535,https://live.staticflickr.com/4896/45140729535_7813071e03_b.jpg,by-sa,2.0,https://creativecommons.org/licenses/by-sa/2.0/,river waterfall,846,1024,634,768,63.09,2902f21c8e4888916e0d4911977374d61acb690c
0724.jpg,waterfall,0988483f-5cb3-4f75-b9da-e97ee4d3dc66,HIKE TO DOUBLE RIVER WATERFALL AND BRASSO SECO FOOD FEST,flickr,anax44,https://www.flickr.com/photos/72547033@N06/32181393678,https://live.staticflickr.com/4913/32181393678_f92509a953_b.jpg,by-sa,2.0,https://creativecommons.org/licenses/by-sa/2.0/,river waterfall,1024,725,768,544,57.134,3bf3910236e972f53e0b3232227f5fc05ec3307c
0725.jpg,waterfall,0c539429-39ac-4621-8720-3634abc164de,HIKE TO DOUBLE RIVER WATERFALL AND BRASSO SECO FOOD FEST,flickr,anax44,https://www.flickr.com/photos/72547033@N06/31114035177,https://live.staticflickr.com/4814/31114035177_5793e21562_b.jpg,by-sa,2.0,https://creativecommons.org/licenses/by-sa/2.0/,river waterfall,1024,685,768,514,69.411,b9ffe2e6ce0b31451e40c0b94742dd02659c8899
0727.jpg,waterfall,cefbce27-d1a5-4db7-8403-e18b75f0b7de,HIKE TO DOUBLE RIVER WATERFALL AND BRASSO SECO FOOD FEST,flickr,anax44,https://www.flickr.com/photos/72547033@N06/45328066204,https://live.staticflickr.com/4872/45328066204_faf4de8d4d_b.jpg,by-sa,2.0,https://creativecommons.org/licenses/by-sa/2.0/,river waterfall,740,1024,555,768,47.403,c1412f3f7cdbf30538f7039e9e2072a2ff43500a
0726.jpg,waterfall,66e47a75-6b06-4079-bfad-a7a1829c9800,HIKE TO DOUBLE RIVER WATERFALL AND BRASSO SECO FOOD FEST,flickr,anax44,https://www.flickr.com/photos/72547033@N06/45328173794,https://live.staticflickr.com/4835/45328173794_80b50a85c0_b.jpg,by-sa,2.0,https://creativecommons.org/licenses/by-sa/2.0/,river waterfall,896,1024,672,768,58.759,cafe86d8e18cacbe88540ba801afbb904b5770f0
0728.jpg,waterfall,c8d4141b-2564-43aa-9cf8-c1580bfadddb,HIKE TO DOUBLE RIVER WATERFALL AND BRASSO SECO FOOD FEST,flickr,anax44,https://www.flickr.com/photos/72547033@N06/46003111012,https://live.staticflickr.com/4883/46003111012_5b3faebb1f_b.jpg,by-sa,2.0,https://creativecommons.org/licenses/by-sa/2.0/,river waterfall,1024,636,768,477,72.669,e2dcbf13f9981e0f8111fd68e120da7a8b50bcda
0730.jpg,waterfall,aff862f5-c375-496b-89e4-5147b90266b5,HIKE TO DOUBLE RIVER WATERFALL AND BRASSO SECO FOOD FEST,flickr,anax44,https://www.flickr.com/photos/72547033@N06/31113765437,https://live.staticflickr.com/4856/31113765437_316da98b48_b.jpg,by-sa,2.0,https://creativecommons.org/licenses/by-sa/2.0/,river waterfall,1024,648,768,486,51.964,ba1bebfcb0d56c599c13e15585a0fd259929a95a
0729.jpg,waterfall,1bbe92e5-dbca-4510-b1c1-9be00581fba0,HIKE TO DOUBLE RIVER WATERFALL AND BRASSO SECO FOOD FEST,flickr,anax44,https://www.flickr.com/photos/72547033@N06/46003125262,https://live.staticflickr.com/4822/46003125262_98dbbc1706_b.jpg,by-sa,2.0,https://creativecommons.org/licenses/by-sa/2.0/,river waterfall,1024,611,768,458,60.301,c1d252631ea977315e929ec1ea271e95641bd1c9
0731.jpg,waterfall,8702660d-64e2-430d-81ef-aa17ff67c1fd,HIKE TO DOUBLE RIVER WATERFALL AND BRASSO SECO FOOD FEST,flickr,anax44,https://www.flickr.com/photos/72547033@N06/45140865595,https://live.staticflickr.com/4827/45140865595_02ee1e74a2_b.jpg,by-sa,2.0,https://creativecommons.org/licenses/by-sa/2.0/,river waterfall,1023,698,768,524,74.289,00549552045a14f2c8774f64b3ffe7721805326c
0732.jpg,waterfall,8c504b7e-7f08-4cba-a7b7-7c0f8162f160,HIKE TO DOUBLE RIVER WATERFALL AND BRASSO SECO FOOD FEST,flickr,anax44,https://www.flickr.com/photos/72547033@N06/45328290784,https://live.staticflickr.com/4874/45328290784_895462faaf_b.jpg,by-sa,2.0,https://creativecommons.org/licenses/by-sa/2.0/,river waterfall,812,1023,610,768,57.977,79d9733cd693618c4c1e29dc867bce439ff4912d
0733.jpg,waterfall,56e03524-f1f3-4489-ab69-1d14f210f41c,Kruis River Waterfall ...,flickr,Bernard DUPONT,https://www.flickr.com/photos/65695019@N07/54308077666,https://live.staticflickr.com/65535/54308077666_0bea5c3bf6_b.jpg,by-sa,2.0,https://creativecommons.org/licenses/by-sa/2.0/,river waterfall,768,1024,576,768,69.932,b162a00087efdb921a360a40a9347dc20d73b4f1
0734.jpg,waterfall,cf4fc97f-31b0-462f-a7d3-f583698f6975,east-river-waterfall,flickr,dandeluca,https://www.flickr.com/photos/19257752@N00/2791159103,https://live.staticflickr.com/3192/2791159103_a531f43eab_b.jpg,by,2.0,https://creativecommons.org/licenses/by/2.0/,river waterfall,1024,753,768,565,59.919,f41477511bd8b2fc55eaa75441300c22958d6016
0736.jpg,waterfall,0be83e1b-481c-42f4-b5f7-26dba99c0b27,HIKE TO DOUBLE RIVER WATERFALL AND BRASSO SECO FOOD FEST,flickr,anax44,https://www.flickr.com/photos/72547033@N06/32181153318,https://live.staticflickr.com/4839/32181153318_2546b44a51_b.jpg,by-sa,2.0,https://creativecommons.org/licenses/by-sa/2.0/,river waterfall,1024,676,768,507,24.189,2ced883e35d98b3e1c38dfdb943e39e0e9cd4be8
0737.jpg,waterfall,fad3f5ee-2127-4617-88d9-05b8aad6f136,HIKE TO DOUBLE RIVER WATERFALL AND BRASSO SECO FOOD FEST,flickr,anax44,https://www.flickr.com/photos/72547033@N06/45327928334,https://live.staticflickr.com/4898/45327928334_27fc59c2f2_b.jpg,by-sa,2.0,https://creativecommons.org/licenses/by-sa/2.0/,river waterfall,1023,659,768,495,50.636,40e34d60ef42628ca4a4c5837cf6f19e223a9622
0735.jpg,waterfall,44b617f7-bbbf-4ad7-b772-ee71d257ebcc,View on Krupa River waterfalls-Raftrek-Adventure-Travel,flickr,Raftrek Adventure Travel,https://www.flickr.com/photos/77130494@N04/26632489973,https://live.staticflickr.com/7420/26632489973_0146ea799b_b.jpg,by-sa,2.0,https://creativecommons.org/licenses/by-sa/2.0/,river waterfall,960,572,768,458,83.671,7381bbd939a68fffb3eed40dd0f310b8d436e6a4
0738.jpg,waterfall,3cbd2fbd-961e-414d-9060-90d9c60f3bf4,HIKE TO DOUBLE RIVER WATERFALL AND BRASSO SECO FOOD FEST,flickr,anax44,https://www.flickr.com/photos/72547033@N06/32181645658,https://live.staticflickr.com/4810/32181645658_b335b16cdf_b.jpg,by-sa,2.0,https://creativecommons.org/licenses/by-sa/2.0/,river waterfall,1023,760,768,571,55.998,9aa9a6b03b8d28a9add7c5b30b7eccc3628a871d
0739.jpg,waterfall,c414867a-65c7-4947-8a75-45184cee6fc5,HIKE TO DOUBLE RIVER WATERFALL AND BRASSO SECO FOOD FEST,flickr,anax44,https://www.flickr.com/photos/72547033@N06/32181560258,https://live.staticflickr.com/4854/32181560258_047e1ec233_b.jpg,by-sa,2.0,https://creativecommons.org/licenses/by-sa/2.0/,river waterfall,1024,847,768,635,58.51,6e2e7f28840ab16604b7b38e432c02478b9bba5d
0740.jpg,waterfall,b9bc1c9b-3c10-4357-a22c-0acf2fa581d8,HIKE TO DOUBLE RIVER WATERFALL AND BRASSO SECO FOOD FEST,flickr,anax44,https://www.flickr.com/photos/72547033@N06/32181813668,https://live.staticflickr.com/4818/32181813668_687ca24b94_b.jpg,by-sa,2.0,https://creativecommons.org/licenses/by-sa/2.0/,river waterfall,1024,631,768,473,55.24,c3f3f9b79017eb246d613dd9a1b778ef764f49c9
0741.jpg,waterfall,c3a9da08-4638-4fbe-a6aa-f501e717b5b7,HIKE TO DOUBLE RIVER WATERFALL AND BRASSO SECO FOOD FEST,flickr,anax44,https://www.flickr.com/photos/72547033@N06/46002927172,https://live.staticflickr.com/4875/46002927172_2334a009df_b.jpg,by-sa,2.0,https://creativecommons.org/licenses/by-sa/2.0/,river waterfall,1023,662,768,497,50.0,e33b1d0f37e18e2a27d1a2cbe7cefaf09d7892b7
0742.jpg,waterfall,e786c259-d51d-4a9d-a53b-5b5b9a6d761a,Krupa River waterfall and old stone bridge-Raftrek-Adventure-Travel,flickr,Raftrek Adventure Travel,https://www.flickr.com/photos/77130494@N04/27203934386,https://live.staticflickr.com/7524/27203934386_9160e55526_b.jpg,by-sa,2.0,https://creativecommons.org/licenses/by-sa/2.0/,river waterfall,960,642,768,514,93.559,d356ea1cd7b14beb6b2cd43d0906ca9bff2a62ad
0743.jpg,waterfall,ebea9a3d-6944-492a-b913-507f9184f33b,HIKE TO DOUBLE RIVER WATERFALL AND BRASSO SECO FOOD FEST,flickr,anax44,https://www.flickr.com/photos/72547033@N06/45328454164,https://live.staticflickr.com/4858/45328454164_586552d79e_b.jpg,by-sa,2.0,https://creativecommons.org/licenses/by-sa/2.0/,river waterfall,1024,584,768,438,41.644,9060176a299ab69153179c8737ebb43774e4d984
0744.jpg,waterfall,1dfc1db6-65a4-45bd-b7ed-8226c366aac5,"Salmon River Waterfalls at Salmon River. There was not a lot of water comin over them, because they where holding back water to control levels down stream.",flickr,andyarthur,https://www.flickr.com/photos/45846171@N04/5051936905,https://live.staticflickr.com/4131/5051936905_d9c401c260_b.jpg,by,2.0,https://creativecommons.org/licenses/by/2.0/,river waterfall,768,1024,576,768,63.669,f5a24b33e49a0b95d8158bff81e8e56308c90f72
0745.jpg,waterfall,0a5f8196-4af2-4d03-8cc5-9c6cfd915f07,HIKE TO DOUBLE RIVER WATERFALL AND BRASSO SECO FOOD FEST,flickr,anax44,https://www.flickr.com/photos/72547033@N06/46002575312,https://live.staticflickr.com/4830/46002575312_50277b6474_b.jpg,by-sa,2.0,https://creativecommons.org/licenses/by-sa/2.0/,river waterfall,1023,615,768,462,54.619,0c536f96e35683804f37efe567db96b8b30b2e3e
0746.jpg,waterfall,4fd66810-8d9c-42dc-99fb-082575ad2c48,Silver River waterfall,flickr,Lucas A C,https://www.flickr.com/photos/88101521@N03/8057261324,https://live.staticflickr.com/8029/8057261324_06280ccbf3_b.jpg,by,2.0,https://creativecommons.org/licenses/by/2.0/,river waterfall,1024,768,768,576,66.021,79f74996445cbdde0f811cde7022f3a66b7e60cb
0748.jpg,waterfall,3b028b9c-7818-41b0-9ff9-b48943f0dedf,Yellow river waterfall,flickr,peterichman,https://www.flickr.com/photos/145489125@N03/31593086512,https://live.staticflickr.com/405/31593086512_7be54c4b11_b.jpg,by,2.0,https://creativecommons.org/licenses/by/2.0/,river waterfall,1024,678,768,509,77.486,dd31f869c61f7e1bab19ac9a58df6ca2546ea3f1
0749.jpg,waterfall,2879ed8f-3a9d-46d4-b320-cc64a6ba8f66,River Waterfall,flickr,aagay,https://www.flickr.com/photos/104082864@N04/24187067396,https://live.staticflickr.com/1554/24187067396_008c48b3ea_b.jpg,by-sa,2.0,https://creativecommons.org/licenses/by-sa/2.0/,river waterfall,681,1023,511,768,82.705,44b43d2038c594e2d1cb66377f83b4cd8386fb0a
0747.jpg,waterfall,4d6f6928-8bad-4f11-8fda-dfd2faf0d42d,HIKE TO DOUBLE RIVER WATERFALL AND BRASSO SECO FOOD FEST,flickr,anax44,https://www.flickr.com/photos/72547033@N06/46002973052,https://live.staticflickr.com/4838/46002973052_7c1599baeb_b.jpg,by-sa,2.0,https://creativecommons.org/licenses/by-sa/2.0/,river waterfall,1024,959,768,719,67.442,97f6d0fa45215298970ddc184b8200f6c4b5363b
0750.jpg,waterfall,4ab4cbac-eaad-4e3b-a469-62c0b735293c,3-Day River Waterfall,flickr,J24L,https://www.flickr.com/photos/47209045@N03/4380458575,https://live.staticflickr.com/2693/4380458575_a9fd5c9cdb_b.jpg,by,2.0,https://creativecommons.org/licenses/by/2.0/,river waterfall,1024,768,768,576,64.544,7c855ab3354e89ee635ae4f33f2762c01164348c
0751.jpg,waterfall,1e544504-c8c8-4ac4-ae1b-721ec92a018d,Salmon River Waterfalls,flickr,andyarthur,https://www.flickr.com/photos/45846171@N04/22136357885,https://live.staticflickr.com/5763/22136357885_e1d64be70d_b.jpg,by,2.0,https://creativecommons.org/licenses/by/2.0/,river waterfall,768,1024,576,768,63.679,c3b49be34c7fb7238dbe6b9b94046af5727e12e6
0752.jpg,waterfall,36a1a144-697a-45e0-a06c-3e7cc8b29356,River where we camped at Mt Mitchell #pbpenycat #penycat #mtmitchell #river #waterfall #littlerapids,flickr,Penycat,https://www.flickr.com/photos/23435772@N04/30058054691,https://live.staticflickr.com/8119/30058054691_bb6115021a_b.jpg,by,2.0,https://creativecommons.org/licenses/by/2.0/,river waterfall,1024,1024,768,768,54.191,bde02ffa4eadd77066c5ad0d1e7cec6f2b167df2
0753.jpg,waterfall,3ab9b2a7-5fdb-48a6-9bf9-3289f305c051,. . . . #nature #naturephotography #water #landscape #explore #hiking #mountains #photography #travelgram #wanderlust #instagood #river #waterfall,flickr,StefanCoka,https://www.flickr.com/photos/146526876@N08/48387514616,https://live.staticflickr.com/65535/48387514616_bab5ed3eda.jpg,by-sa,2.0,https://creativecommons.org/licenses/by-sa/2.0/,river waterfall,400,500,400,500,76.763,937e77d80c9072f79305eff9147bff8208af0564
0754.jpg,waterfall,9032c0f6-b740-4b19-9cf6-70b0101710ea,2013-07-04 Lenore at South River waterfall in Shenandoah NP 2,flickr,lifemaster2000,https://www.flickr.com/photos/150582766@N08/45820529042,https://live.staticflickr.com/4911/45820529042_9986c68eb2_b.jpg,cc0,1.0,https://creativecommons.org/publicdomain/zero/1.0/,river waterfall,1024,563,768,422,76.326,83849f52cf917dac25e7b63b1f903997575d9882
0755.jpg,waterfall,5803c63e-c0f0-429f-ab70-59ed170caf82,boulder river waterfall,flickr,Flyover Hangover,https://www.flickr.com/photos/35237091505@N01/3534288038,https://live.staticflickr.com/3382/3534288038_aa2017feff_b.jpg,by-sa,2.0,https://creativecommons.org/licenses/by-sa/2.0/,river waterfall,576,1024,432,768,86.948,36f273f572ccea4dda5f8f284702a73a8532b231
0756.jpg,waterfall,6558c95c-73b2-4e34-b816-666de686404b,Bow River Waterfall,flickr,stpeck70,https://www.flickr.com/photos/117552062@N02/54028735610,https://live.staticflickr.com/65535/54028735610_fa91ebf47b_b.jpg,by,2.0,https://creativecommons.org/licenses/by/2.0/,river waterfall,1024,768,768,576,72.456,2848fc9f7af97519b7c0ff6255cfbcdbc8bb5b62
0757.jpg,waterfall,0b439d3e-382e-4a58-98dc-2fdfbeaa1273,Venta river waterfall in Kuldiga -widest in Europe -160m,flickr,tanagv,https://www.flickr.com/photos/110421450@N03/23964079672,https://live.staticflickr.com/1476/23964079672_b5ab72c6c2_b.jpg,cc0,1.0,https://creativecommons.org/publicdomain/zero/1.0/,river waterfall,1024,768,768,576,43.514,fc8c13532f337ee6a0da40975d0ad1fd8a6d4a4b
0760.jpg,waterfall,d7cc889f-b93b-46c8-9eda-14c02cbb9cd7,Norwegian landscape river waterfall rocks,rawpixel,,https://www.rawpixel.com/image/8800635/norwegian-landscape-with-river-and-waterfall-between-rocks,https://images.rawpixel.com/editor_1024/cHJpdmF0ZS9zdGF0aWMvZmlsZXMvd2Vic2l0ZS8yMDIyLTExL3Nta2ttczM1MDYtaW1hZ2UuanBn.jpg,cc0,1.0,https://creativecommons.org/publicdomain/zero/1.0/,river waterfall,1024,961,768,721,13.574,23097337ae2361e794f016e3446f1ba1a637ea57
0759.jpg,waterfall,45ab5e1e-e498-4b66-bb59-7b73952678f8,Ipswich River Waterfall,flickr,Salem State University Archives and Special Collec,http://www.flickr.com/photos/68317878@N04/53875736257,https://live.staticflickr.com/65535/53875736257_94c7ef6086_b.jpg,by,2.0,https://creativecommons.org/licenses/by/2.0/,river waterfall,1024,803,768,602,68.662,917ab4b143fc33f7ca20f31df0da5dda21733411
0761.jpg,waterfall,a392ed6d-74af-4429-a70a-6539d60b17d3,Barnafoss river waterfall iceland,rawpixel,,https://www.rawpixel.com/image/6029009/photo-image-public-domain-leaves-green,https://images.rawpixel.com/editor_1024/cHJpdmF0ZS9zdGF0aWMvaW1hZ2Uvd2Vic2l0ZS8yMDIyLTA0L2xyL2ZyYmFybmFmb3NzX3JpdmVyX3dhdGVyZmFsbF9pY2VsYW5kLWltYWdlLWt5YmM4NGRqLmpwZw.jpg,cc0,1.0,https://creativecommons.org/publicdomain/zero/1.0/,river waterfall,1024,683,768,512,64.735,3f7b2cad8a36703f47909ca07b1d59567b548ecc
0762.jpg,waterfall,176579d6-22ce-4a02-adc2-f68495eda242,Barnafoss river waterfall iceland,rawpixel,,https://www.rawpixel.com/image/6029001/photo-image-public-domain-leaves-green,https://images.rawpixel.com/editor_1024/cHJpdmF0ZS9zdGF0aWMvaW1hZ2Uvd2Vic2l0ZS8yMDIyLTA0L2xyL2ZyYmFybmFmb3NzX3dhdGVyZmFsbHNfaWNlbGFuZF93YXRlci1pbWFnZS1reWJjN3htZi5qcGc.jpg,cc0,1.0,https://creativecommons.org/publicdomain/zero/1.0/,river waterfall,1024,520,768,390,64.586,7e40224d12d677e0d308bd2dfd6d82a7e4e91684
0763.jpg,waterfall,5363da32-053d-4e71-b77c-37213ab43227,Varragill River Waterfall,geographorguk,John Allan,https://www.geograph.org.uk/photo/109132,https://s0.geograph.org.uk/photos/10/91/109132_1873aa38.jpg,by-sa,2.0,https://creativecommons.org/licenses/by-sa/2.0/,river waterfall,640,480,640,480,72.894,59c86efb582ae9043345a0f4a47518fcede1cee2
0758.jpg,waterfall,677c69b8-083f-4693-930f-4d31b0ff81f1,Double River Waterfall Hike,flickr,anaxmedia,https://www.flickr.com/photos/72547033@N06/54016657617,https://live.staticflickr.com/65535/54016657617_db45b724a5_b.jpg,by-sa,2.0,https://creativecommons.org/licenses/by-sa/2.0/,river waterfall,1024,956,768,717,68.921,1e782945269df3f4aa74d02be645b3afa25578f6
0853.jpg,waterfall,794e1862-bfd9-4d52-9848-dc8a9387fb72,Presque Isle River Waterfalls Trail,flickr,davidjlee,https://www.flickr.com/photos/46192164@N06/53437354512,https://live.staticflickr.com/65535/53437354512_325f4864de_b.jpg,by,2.0,https://creativecommons.org/licenses/by/2.0/,river waterfall,1024,683,768,512,49.68,3b4637e0f73c8d498234a5ec8e077eb37619f24d
0855.jpg,waterfall,2e1436be-6379-4dec-9555-4f311fd67e68,Presque Isle River Waterfalls Trail,flickr,davidjlee,https://www.flickr.com/photos/46192164@N06/53438697435,https://live.staticflickr.com/65535/53438697435_15449d9ac2_b.jpg,by,2.0,https://creativecommons.org/licenses/by/2.0/,river waterfall,819,1024,614,768,54.032,c39218c6518d3edfe5b0494b94ba4e52c2cde9fc
0856.jpg,waterfall,28350d48-7e48-44d6-a263-6611e3177a25,Presque Isle River Waterfalls Trail,flickr,davidjlee,https://www.flickr.com/photos/46192164@N06/53438595574,https://live.staticflickr.com/65535/53438595574_ff244febc4_b.jpg,by,2.0,https://creativecommons.org/licenses/by/2.0/,river waterfall,1024,683,768,512,58.633,d916bfb2967ef55370ebbb5cb61cfa9cb85ffc1b
0857.jpg,waterfall,0e5c79c4-eb63-4890-9a24-672bfc574ff9,Presque Isle River Waterfalls Trail,flickr,davidjlee,https://www.flickr.com/photos/46192164@N06/53438696220,https://live.staticflickr.com/65535/53438696220_751ea77392_b.jpg,by,2.0,https://creativecommons.org/licenses/by/2.0/,river waterfall,1024,683,768,512,51.74,e69e8cf61542837b1b0531accb75ffcde5e1f79c
0859.jpg,waterfall,66f5c721-56c2-4133-8e0b-a0a5b761d821,Presque Isle River Waterfalls Trail,flickr,davidjlee,https://www.flickr.com/photos/46192164@N06/53438696405,https://live.staticflickr.com/65535/53438696405_266cdfcee2_b.jpg,by,2.0,https://creativecommons.org/licenses/by/2.0/,river waterfall,1024,678,768,509,78.268,970dad4d731201b9f2cf6280807d6bed37bf1e4b
0860.jpg,waterfall,64598427-ffdb-4995-96c1-c46128de06a1,Presque Isle River Waterfalls Trail,flickr,davidjlee,https://www.flickr.com/photos/46192164@N06/53438696375,https://live.staticflickr.com/65535/53438696375_9ecb00730f_b.jpg,by,2.0,https://creativecommons.org/licenses/by/2.0/,river waterfall,683,1024,512,768,49.604,ab02e8fbd0c6fc93f08d84060a6d3a473d4e22d2
0862.jpg,waterfall,7e0cdbc7-d613-4554-b2bc-5cd5740a72fb,Presque Isle River Waterfalls Trail,flickr,davidjlee,https://www.flickr.com/photos/46192164@N06/53438280061,https://live.staticflickr.com/65535/53438280061_acebcf4bdd_b.jpg,by,2.0,https://creativecommons.org/licenses/by/2.0/,river waterfall,1024,683,768,512,68.702,10a473f2989d02c9796124b2a489cdc825109a11
0863.jpg,waterfall,4136840c-216a-4498-9f27-6e596b70605b,Cascades Waterfall,flickr,danielfarrell,https://www.flickr.com/photos/33963649@N00/15284979,https://live.staticflickr.com/9/15284979_7c4656f8c9_b.jpg,by,2.0,https://creativecommons.org/licenses/by/2.0/,cascade waterfall,1024,768,768,576,62.028,03cf1f7afe81de370cfa1fe1e2a78d75f8603325
0864.jpg,waterfall,cfd74900-bbc5-45f4-b22c-4b279e802788,Cascaded waterfalls,flickr,elminium,https://www.flickr.com/photos/59407191@N04/6311693657,https://live.staticflickr.com/6091/6311693657_29557b2676_b.jpg,by,2.0,https://creativecommons.org/licenses/by/2.0/,cascade waterfall,768,1024,576,768,61.599,ebcb6c83ef0a2bd26ee371bf52aeb1be4ae7b03e
0865.jpg,waterfall,6b1f7cf9-2cf7-426c-b268-f7a8291b3809,Cascaded waterfalls,flickr,elminium,https://www.flickr.com/photos/59407191@N04/6312216162,https://live.staticflickr.com/6113/6312216162_2e10e90d76_b.jpg,by,2.0,https://creativecommons.org/licenses/by/2.0/,cascade waterfall,768,1024,576,768,61.612,6e503770f0b85e3bd1d9c75a979bfa12be2be3ce
0866.jpg,waterfall,e0f8d811-bc66-4049-9dd0-216d239aa7c1,Cascaded waterfalls,flickr,elminium,https://www.flickr.com/photos/59407191@N04/6311693331,https://live.staticflickr.com/6110/6311693331_a3795bc195_b.jpg,by,2.0,https://creativecommons.org/licenses/by/2.0/,cascade waterfall,1024,768,768,576,67.415,94ed24867eadfed2e2b7e87e00eda6ec1fcccc1a
0867.jpg,waterfall,60ccab4e-9452-405d-9b1b-2e8b80b54316,Cascaded waterfalls,flickr,elminium,https://www.flickr.com/photos/59407191@N04/6311694015,https://live.staticflickr.com/6224/6311694015_8ee2247cf7_b.jpg,by,2.0,https://creativecommons.org/licenses/by/2.0/,cascade waterfall,768,1024,576,768,56.394,1c3edd9792c82cd1934d103eba01d5b1b17b087c
0868.jpg,waterfall,3fed7d4b-9b9b-4549-be07-11d713f468b7,Cascades Waterfall,flickr,thesongthatjesslikes,https://www.flickr.com/photos/86704630@N06/8510955897,https://live.staticflickr.com/8247/8510955897_6746508f8c_b.jpg,by,2.0,https://creativecommons.org/licenses/by/2.0/,cascade waterfall,766,1024,574,768,63.787,1c5fdd08259df1141f2677ec87e4fdd5fbd884b3
0869.jpg,waterfall,a0cf1be0-d749-4b24-a143-e0febc44daa9,"A cascading waterfall, flanked by flowers.",flickr,78eef409a9968e851e6e51ed337452fa,https://www.flickr.com/photos/58081445@N08/5504191288,https://live.staticflickr.com/5091/5504191288_83bb3ddcfc_b.jpg,by,2.0,https://creativecommons.org/licenses/by/2.0/,cascade waterfall,1024,768,768,576,67.15,ca283535d12f0daf855d3d2a1e580d6c31c60f82
0870.jpg,waterfall,c747f423-21a3-4124-9fcd-2a2ae495bb61,Yet Another Cascades Waterfall,flickr,pfly,https://www.flickr.com/photos/24934185@N00/60546197,https://live.staticflickr.com/29/60546197_832ec12b8c_b.jpg,by-sa,2.0,https://creativecommons.org/licenses/by-sa/2.0/,cascade waterfall,766,1024,574,768,55.907,86982491920151bdf9788305a125ec52f5cac1af
0872.jpg,waterfall,da0e9b11-96d8-4b40-80ef-645e270af7cd,Cascades Waterfall in winter,flickr,daveynin,https://www.flickr.com/photos/44124370018@N01/11763735103,https://live.staticflickr.com/2830/11763735103_d6c40d6ce6_b.jpg,by,2.0,https://creativecommons.org/licenses/by/2.0/,cascade waterfall,1024,683,768,512,72.573,06eca048ea652e03767829321455ef9712786088
0871.jpg,waterfall,65c19253-70f2-4d58-8cbd-23a9dca33206,Tidbinbilla Cascades Waterfall,flickr,SandwichCafe,https://www.flickr.com/photos/196014356@N04/52599177421,https://live.staticflickr.com/65535/52599177421_449a7de8a8_b.jpg,by,2.0,https://creativecommons.org/licenses/by/2.0/,cascade waterfall,1024,768,768,576,90.498,96e459094806cff8147179e7e162e0495d9a04c6
0875.jpg,waterfall,3c47d731-7ac6-4ec8-9755-c2a228a84da5,Fast flowing cascade waterfall along mountain highway,flickr,Horia Varlan,https://www.flickr.com/photos/10361931@N06/4269620234,https://live.staticflickr.com/2618/4269620234_b91e12d5d9_b.jpg,by,2.0,https://creativecommons.org/licenses/by/2.0/,cascade waterfall,683,1024,512,768,75.503,5606fcd4d999f89f36ca95f024dfd4572634ccbd
0876.jpg,waterfall,58421d0e-462a-4cf2-9447-df0664e302c5,West Malling Cascade Waterfall.,flickr,JOHN K THORNE,https://www.flickr.com/photos/89918055@N05/51416799835,https://live.staticflickr.com/65535/51416799835_863583eaf1_b.jpg,cc0,1.0,https://creativecommons.org/publicdomain/zero/1.0/,cascade waterfall,1023,658,768,494,83.132,afa79558a9e0f2274f41c9c83ce897a969083277
0877.jpg,waterfall,661e97d2-e6d7-40df-979d-94caff400e0d,The Cascade Waterfall West Malling Kent,flickr,JOHN K THORNE,https://www.flickr.com/photos/89918055@N05/51415676173,https://live.staticflickr.com/65535/51415676173_2d87efe41e_b.jpg,cc0,1.0,https://creativecommons.org/publicdomain/zero/1.0/,cascade waterfall,1024,683,768,512,75.963,da07702e69a1432f1de8230ff2c6b6d09b39772f
0878.jpg,waterfall,984f546d-2204-44cf-adb4-ac0801e67cfd,Large Mosaic Fountain with theater masks and cascading waterfall in the House of the Large Fountain Pompeii Walk,flickr,mharrsch,https://www.flickr.com/photos/44124324682@N01/51507783742,https://live.staticflickr.com/65535/51507783742_d5a85d986b_b.jpg,by-sa,2.0,https://creativecommons.org/licenses/by-sa/2.0/,cascade waterfall,972,615,768,486,86.427,aaaaf25b710abb0fa5c5632a8423b021d15d866c
0879.jpg,waterfall,1a26e270-ef8c-48a3-b297-da1db2c35220,"A cascading waterfall, flanked by flowers.",flickr,marianfpower,https://www.flickr.com/photos/125936930@N03/14634413843,https://live.staticflickr.com/3844/14634413843_253e87f535_b.jpg,by,2.0,https://creativecommons.org/licenses/by/2.0/,cascade waterfall,1024,768,768,576,67.15,981fd97e5208a5ac6a54c57307680e986a2d3dec
0882.jpg,waterfall,19a026bd-f3aa-43d0-8dc5-8433a294e01b,Cascade Waterfalls HDR,flickr,CAPADOUCA Photography,https://www.flickr.com/photos/15521309@N05/17103200497,https://live.staticflickr.com/8791/17103200497_b1764665ba_b.jpg,by,2.0,https://creativecommons.org/licenses/by/2.0/,cascade waterfall,1024,683,768,512,82.036,60036df23dd55680fbb28b101c4c8f28aa979352
0880.jpg,waterfall,2f3c1b29-2a6c-4510-beab-2cb3936b9aa3,Cascades Waterfall Wide,flickr,KJ Holiday,https://www.flickr.com/photos/52151716@N00/4678552792,https://live.staticflickr.com/4072/4678552792_80ea6952b9_b.jpg,by,2.0,https://creativecommons.org/licenses/by/2.0/,cascade waterfall,819,1024,614,768,22.407,9a70b74bf206c1a925697dbed02f036822586329
0883.jpg,waterfall,6e8adb94-dc36-4bf3-9f34-2df8d29f5458,Cavern Cascade Waterfall,flickr,Eric Kilby,https://www.flickr.com/photos/8749778@N06/48034361263,https://live.staticflickr.com/65535/48034361263_45f43db58a_b.jpg,by-sa,2.0,https://creativecommons.org/licenses/by-sa/2.0/,cascade waterfall,683,1024,512,768,49.106,8b5a597646951d246593f84d24bdbe4e1b9fdd8f
0884.jpg,waterfall,bea406a9-a052-415c-9821-dfe2ad6e37e2,Cascading Waterfall along Icefields Parkway,flickr,keepitsurreal,https://www.flickr.com/photos/14558526@N03/1883785589,https://live.staticflickr.com/2173/1883785589_3db905895e.jpg,by-sa,2.0,https://creativecommons.org/licenses/by-sa/2.0/,cascade waterfall,375,500,375,500,75.397,63cb908a23a3032cb9a415ccdf120ed80094591c
0885.jpg,waterfall,434481e0-fb07-42f4-aa77-b7e57f7d958a,Meridian Hill Park Cascading Waterfall,flickr,districtinroads,https://www.flickr.com/photos/76796234@N07/14690711367,https://live.staticflickr.com/3886/14690711367_0120cedfb5_b.jpg,by-sa,2.0,https://creativecommons.org/licenses/by-sa/2.0/,cascade waterfall,1024,499,768,374,73.776,d70e183dd75f4e53c7b704de6ff91632e989f9eb
0888.jpg,waterfall,29145340-7383-4f0f-b053-e79e4f3059c9,Cascades Waterfall Tall,flickr,KJ Holiday,https://www.flickr.com/photos/52151716@N00/4678552788,https://live.staticflickr.com/4019/4678552788_331f4bf4b4_b.jpg,by,2.0,https://creativecommons.org/licenses/by/2.0/,cascade waterfall,683,1024,512,768,26.695,ca6923e6cf86c2c3dd79827609eaf0704f3d7a57
0889.jpg,waterfall,4640ba1f-6cbc-43aa-a4b3-4aee5b61af5e,Cascading Waterfall Under Old Mill By Sixmile Creek,flickr,paul_houle,https://www.flickr.com/photos/34940164@N05/4011356533,https://live.staticflickr.com/2504/4011356533_171d961dc9_b.jpg,by-sa,2.0,https://creativecommons.org/licenses/by-sa/2.0/,cascade waterfall,1024,684,768,513,56.032,b1eacc1e5e1aec5a6aae54e4b53c84830dfce28b
0890.jpg,waterfall,c5b9bf61-d7e5-4ebd-be2a-07ec243819ff,cascading waterfall in meridian hill park,flickr,districtinroads,https://www.flickr.com/photos/76796234@N07/7294745608,https://live.staticflickr.com/7227/7294745608_1a8a388836_b.jpg,by-sa,2.0,https://creativecommons.org/licenses/by-sa/2.0/,cascade waterfall,949,949,768,768,57.219,534095dd0dd5556a3458b723598d83f7e69b016c
0891.jpg,waterfall,aebd7281-f10e-44f0-b19e-4f753e00c25d,Meridian Hill / Malcolm X Park cascade waterfall fountain would be unimproved by a filter today.,flickr,William Beutler,https://www.flickr.com/photos/23993156@N00/18057770121,https://live.staticflickr.com/7743/18057770121_631c70314c.jpg,by,2.0,https://creativecommons.org/licenses/by/2.0/,cascade waterfall,500,500,500,500,59.685,75ba36bf24ff4f666b11581828b8c94bc652ccb3
0892.jpg,waterfall,4363fc40-3c8f-4f28-92fe-40f4d076f5bf,The Cascades waterfall in Yosemite,flickr,Sergiy Galyonkin,https://www.flickr.com/photos/22974618@N00/52854419490,https://live.staticflickr.com/65535/52854419490_15738bf66d_b.jpg,by-sa,2.0,https://creativecommons.org/licenses/by-sa/2.0/,cascade waterfall,693,1024,520,768,36.461,fe51a255bd88418cda39f08544dd1e6ef2dc9421
0893.jpg,waterfall,df34705d-1b1c-49c8-81ce-9ca494350628,Cascading Waterfall : Yellowstone,flickr,grtaylor2,https://www.flickr.com/photos/34443398@N08/3872732429,https://live.staticflickr.com/2509/3872732429_f8bbff81b0_b.jpg,by,2.0,https://creativecommons.org/licenses/by/2.0/,cascade waterfall,683,1024,512,768,56.826,25487bcff6bb05b384aca6155f6e21d9d4d662f0
0894.jpg,waterfall,422d46d2-61a4-4b14-9942-f3c5ea52e534,Cascading Waterfall in Cascadilla Creek Gorge Near Collegetown,flickr,paul_houle,https://www.flickr.com/photos/34940164@N05/3597940997,https://live.staticflickr.com/2436/3597940997_1a0f8a34d4_b.jpg,by-sa,2.0,https://creativecommons.org/licenses/by-sa/2.0/,cascade waterfall,952,1023,715,768,49.917,01034de3a674b4b176d95c54d6e6b6eafd51e817
0896.jpg,waterfall,b933bf2e-8e01-4711-a801-5715bedef0f5,At bottom of big gorge with cascading waterfalls,flickr,austinsdkeyscouter,https://www.flickr.com/photos/30153066@N00/2645832991,https://live.staticflickr.com/3080/2645832991_3458926c42.jpg,by,2.0,https://creativecommons.org/licenses/by/2.0/,cascade waterfall,375,500,375,500,46.064,fed8c053b572089c2ea001949de976377b826bab
0895.jpg,waterfall,015e1175-6319-444c-8d9c-cb84c4e1d26d,Leura Cascades waterfall,flickr,Suzy Byrnes,https://www.flickr.com/photos/75126459@N07/6773044674,https://live.staticflickr.com/7208/6773044674_9012d045cc_b.jpg,by,2.0,https://creativecommons.org/licenses/by/2.0/,cascade waterfall,612,1024,459,768,83.615,d50dce7496198592cafa4dc4b645e2078cfc282b
0897.jpg,waterfall,9e30c770-41ed-44e0-9d7b-e3f8e88f30ee,Abstract- Waterfalls #cymru #wales #cascade #waterfall #sketch #abstract #surreal42 #artistic #art,flickr,jez.atkinson,https://www.flickr.com/photos/70098060@N00/14917140491,https://live.staticflickr.com/3903/14917140491_ab549a58a1.jpg,by,2.0,https://creativecommons.org/licenses/by/2.0/,cascade waterfall,500,500,500,500,76.923,0599e1a58a37221bde8f43874d8537bdabe8c931
0898.jpg,waterfall,7b42eefb-271a-4d5e-91f7-c1cd2a8bbd37,Abstract- Waterfalls #cymru #wales #cascade #waterfall #sketch #abstract #surreal42 #artistic #art,flickr,jez.atkinson,https://www.flickr.com/photos/70098060@N00/14897328176,https://live.staticflickr.com/3875/14897328176_0e8cc7945e.jpg,by,2.0,https://creativecommons.org/licenses/by/2.0/,cascade waterfall,500,500,500,500,76.923,e339c77dafea675ce9998c2f7a8eedaf0d166150
0899.jpg,waterfall,1c8734aa-e9aa-4391-804f-e612fed13504,A cascading waterfall,flickr,mmechtley,https://www.flickr.com/photos/34085067@N00/539517529,https://live.staticflickr.com/1312/539517529_39cf886127_b.jpg,by-sa,2.0,https://creativecommons.org/licenses/by-sa/2.0/,cascade waterfall,768,1024,576,768,45.704,96340329ffb2b10336b515c73c944735b1ecf9f7
0900.jpg,waterfall,f2f87fc2-38dc-457d-ba5e-8d75778d0c88,Tidbinbilla Cascades Waterfall boardwalk,flickr,SandwichCafe,https://www.flickr.com/photos/196014356@N04/52599605815,https://live.staticflickr.com/65535/52599605815_a1541fbbed_b.jpg,by,2.0,https://creativecommons.org/licenses/by/2.0/,cascade waterfall,1024,768,768,576,92.065,58e55835c467489f8602addf6249214ff3a76a80
0901.jpg,waterfall,c32d09d6-6f0f-4861-adc4-7d79d913b948,Cascading Waterfall,flickr,plancooltrips,https://www.flickr.com/photos/99775553@N08/22783059853,https://live.staticflickr.com/5659/22783059853_f54183f25b_b.jpg,by,2.0,https://creativecommons.org/licenses/by/2.0/,cascade waterfall,685,1023,514,768,83.442,132f5ae115336c0e1890325bf0fb5a79def29cb8
0902.jpg,waterfall,c885557a-69b2-40a6-b53a-300596ad4447,Tidbinbilla Cascades waterfall (vertical),flickr,SandwichCafe,https://www.flickr.com/photos/196014356@N04/52754414064,https://live.staticflickr.com/65535/52754414064_28f95f8a5c_b.jpg,by,2.0,https://creativecommons.org/licenses/by/2.0/,cascade waterfall,768,1024,576,768,80.804,06040b5c5078d113b3b647c9f1055293ba23da10
0903.jpg,waterfall,426d0735-fbd5-4ae8-98a1-1b6c341caaa0,View of another cascade waterfall,flickr,daveynin,https://www.flickr.com/photos/44124370018@N01/54560696610,https://live.staticflickr.com/65535/54560696610_84cba98dcf_b.jpg,by,2.0,https://creativecommons.org/licenses/by/2.0/,cascade waterfall,1024,768,768,576,85.822,f39fdcbcb43096638006998ab83abe95c647061f
0904.jpg,waterfall,64d2f76e-de1a-4701-a9f5-0144a79354bb,"Cascade waterfall, sulphur spa, Saturnia",rawpixel,,https://www.rawpixel.com/image/11189281/cascade-waterfall-sulphur-spa-saturnia,https://images.rawpixel.com/editor_1024/cHJpdmF0ZS9sci9pbWFnZXMvd2Vic2l0ZS8yMDIyLTEyL2ZsNTIyMzMzMDcxNTMtaW1hZ2UuanBn.jpg,cc0,1.0,https://creativecommons.org/publicdomain/zero/1.0/,cascade waterfall,1024,683,768,512,74.425,bba032623fbff87d3068f564db1fad45450bee38
0905.jpg,waterfall,1ebeffd0-40e5-4f6a-982c-705c7773821c,series cascades waterfall pouring rocky,rawpixel,,https://www.rawpixel.com/image/3282315/free-photo-image-waterfall-river-water,https://images.rawpixel.com/editor_1024/cHJpdmF0ZS9sci9pbWFnZXMvd2Vic2l0ZS8yMDIyLTA1L3Vwd2s2MTgyNDI5OC13aWtpbWVkaWEtaW1hZ2Uta293YXplcmEuanBn.jpg,cc0,1.0,https://creativecommons.org/publicdomain/zero/1.0/,cascade waterfall,1024,683,768,512,71.046,f591fc979ae8d463f338491e1c17b14594467b49
0908.jpg,waterfall,621725d4-a818-4e69-9499-ce075ea8e273,Serene cascading waterfall rocks,rawpixel,,https://www.rawpixel.com/image/6072955/waterfall,https://images.rawpixel.com/editor_1024/czNmcy1wcml2YXRlL3Jhd3BpeGVsX2ltYWdlcy93ZWJzaXRlX2NvbnRlbnQvbHIvZmw4MTM0MTU0NjI0LWltYWdlLWt5Y2lndHp6LmpwZw.jpg,cc0,1.0,https://creativecommons.org/publicdomain/zero/1.0/,cascade waterfall,683,1024,512,768,33.717,565fb329c6498d3f2c0fda192767d09173c9092d
0909.jpg,waterfall,83e2103f-d6bc-4162-9ca6-bc2a23e61d8e,Fantastic Rocks Cascading Waterfall; Fishing,rawpixel,themet,https://www.rawpixel.com/image/8087484/fantastic-rocks-with-cascading-waterfall-fishing-boats-lake-hamlet,https://images.rawpixel.com/editor_1024/cHJpdmF0ZS9sci9pbWFnZXMvd2Vic2l0ZS8yMDIyLTA5L21ldDY3MDg4My1pbWFnZS5qcGc.jpg,cc0,1.0,https://creativecommons.org/publicdomain/zero/1.0/,cascade waterfall,740,1024,555,768,42.038,783764b1a4dcf159d09deb9215b0afdf266efaba
0906.jpg,waterfall,ef00b3fd-b483-474a-9dd7-4d27a58131c9,"A tranquil cascading waterfall surrounded by lush greenery and illuminated with calming purple lights, creating a serene and peaceful ambiance. Located within the Jewel Changi Airport, Singapore, this beautiful water feature complements the indoor garden’s natural aesthetic.",wordpress,Makarand Mane,https://wordpress.org/photos/photo/15267cebf5/,https://pd.w.org/2025/03/15267cebf5c415436.97735253-1152x2048.jpg,cc0,1.0,https://creativecommons.org/publicdomain/zero/1.0/,cascade waterfall,1152,2048,432,768,51.588,80bd1561f765702e9d14b54416098bc4cdba3091
0910.jpg,waterfall,e7f9651d-1e27-4b48-97cd-9bb1d80dd2b1,split cascading waterfall center framed,rawpixel,,https://www.rawpixel.com/image/7459507/split-cascading-waterfall-center-framed-blackened-cliffs-either-side,https://images.rawpixel.com/editor_1024/cHJpdmF0ZS9sci9pbWFnZXMvd2Vic2l0ZS8yMDIyLTA3L21pYTEyMjA0MS1pbWFnZS5qcGc.jpg,cc0,1.0,https://creativecommons.org/publicdomain/zero/1.0/,cascade waterfall,1024,813,768,610,53.306,b6517d7f3a70f3720de03cae8e3af496e2ad639f
0907.jpg,waterfall,1d8ee452-b8db-45dd-9dff-c872cb85c1fb,"A cascading waterfall flows down a steep, rocky cliffside covered with lush green vegetation.",wordpress,Yam B Chhetri,https://wordpress.org/photos/photo/769030196d/,https://pd.w.org/2025/10/769030196d42307.84131166-1536x2048.jpg,cc0,1.0,https://creativecommons.org/publicdomain/zero/1.0/,cascade waterfall,1536,2048,576,768,67.063,4e3f62c463d6954cdd6c73527bb1b9cc0c2e20cf
0914.jpg,waterfall,413961f2-3dc5-437a-8201-51c852a462e1,"A lush, green landscape featuring multiple cascading waterfalls surrounded by dense foliage.",wordpress,Shernna Lauriend Corrales Cárdenas,https://wordpress.org/photos/photo/46169dbbd7/,https://pd.w.org/2026/04/46169dbbd7a6dcbb2.70024215-2048x1536.jpg,cc0,1.0,https://creativecommons.org/publicdomain/zero/1.0/,cascade waterfall,2048,1536,768,576,78.59,bcda82df3f9e8cba36d734531f2881875be297b6
0911.jpg,waterfall,56729568-47b9-4a79-adc5-c160ac07bf34,"A cascading waterfall tumbles down a steep, rocky cliff surrounded by lush greenery and trees.",wordpress,Shernna Lauriend Corrales Cárdenas,https://wordpress.org/photos/photo/77469d7f81/,https://pd.w.org/2026/04/77469d7f8188836f5.84913336-1536x2048.jpg,cc0,1.0,https://creativecommons.org/publicdomain/zero/1.0/,cascade waterfall,1536,2048,576,768,58.921,d190192c041078191666b1a4e56dc3661bae525c
0913.jpg,waterfall,410d2ff8-d932-4316-89a6-d7e351fd9835,"A cascading waterfall flows down a rocky cliff surrounded by dry, golden grasses and patches of green foliage.",wordpress,Md Rashed Hossain,https://wordpress.org/photos/photo/58469c960b/,https://pd.w.org/2026/03/58469c960bd951344.14510741-1536x2048.jpg,cc0,1.0,https://creativecommons.org/publicdomain/zero/1.0/,cascade waterfall,1536,2048,576,768,65.758,7942da230382a02550a0fe2ef1638638162f3096
0912.jpg,waterfall,6161f1f2-8178-4e3a-82c7-e135fc95a818,A tranquil scene featuring a cascading waterfall surrounded by lush green foliage.,wordpress,Fabián Araya Marchena,https://wordpress.org/photos/photo/30069e2a6c/,https://pd.w.org/2026/04/30069e2a6c83f88b7.13452264-1536x2048.jpg,cc0,1.0,https://creativecommons.org/publicdomain/zero/1.0/,cascade waterfall,1536,2048,576,768,78.843,80a50a810a18d6897043ab46a44ac0978fc055da
0915.jpg,waterfall,eb8e5089-8e9e-4f3e-80d1-5b5391d6a17a,A cascading waterfall flows down a rocky cliff surrounded by lush green vegetation and trees under a cloudy sky.,wordpress,mujuonly,https://wordpress.org/photos/photo/39367e11a2/,https://pd.w.org/2025/03/39367e11a27dd5b01.86692013-2048x1536.jpg,cc0,1.0,https://creativecommons.org/publicdomain/zero/1.0/,cascade waterfall,2048,1536,768,576,63.667,e3b1486f9d939d479b756c52a0f839e531b04680
0916.jpg,waterfall,a00ee335-8af5-4c45-adab-74cae03e4e55,"A cascading waterfall flows down a rocky cliff, surrounded by lush greenery and dense tropical foliage.",wordpress,Austin Vargas Madrigal,https://wordpress.org/photos/photo/58169e4315/,https://pd.w.org/2026/04/58169e4315eca3fd4.39265389-1536x2048.jpeg,cc0,1.0,https://creativecommons.org/publicdomain/zero/1.0/,cascade waterfall,1536,2048,576,768,74.197,ace6afe925a56489a8f70267fa6c809c5f629610
0917.jpg,waterfall,17a6aaee-0f69-4b9a-be93-fcef23f2e036,A cascading waterfall flowing over rocks surrounded by lush green trees and foliage in Rainy Season.,wordpress,Dheeraj Bhosale,https://wordpress.org/photos/photo/26067f803e/,https://pd.w.org/2025/04/26067f803e49386b8.42077441-1151x2048.jpg,cc0,1.0,https://creativecommons.org/publicdomain/zero/1.0/,cascade waterfall,1151,2048,432,768,50.504,d2df49463702389301cc53866b32db19e4b85acd
0918.jpg,waterfall,998009de-329e-4935-ae8d-b151629c673b,A cascading waterfall flows down a rocky cliff surrounded by lush green trees and foliage.,wordpress,Shernna Lauriend Corrales Cárdenas,https://wordpress.org/photos/photo/87169dd069/,https://pd.w.org/2026/04/87169dd0696a9cda2.48341456-1536x2048.jpg,cc0,1.0,https://creativecommons.org/publicdomain/zero/1.0/,cascade waterfall,1536,2048,576,768,72.965,8cceced4a45cd1e70bd0ae25b7b377a07f93c024
0919.jpg,waterfall,b08953b0-d344-4972-a469-2c78a6d6d9b0,"A lush, green landscape featuring a cascading waterfall. The water flows down a rocky surface surrounded by dense vegetation, including shrubs and grasses.",wordpress,Manjil Aryal,https://wordpress.org/photos/photo/4156820d16/,https://pd.w.org/2025/05/4156820d162698cc7.53158833-2048x1536.jpeg,cc0,1.0,https://creativecommons.org/publicdomain/zero/1.0/,cascade waterfall,2048,1536,768,576,69.924,1691c5e71d304aee86faeb4c6c21e7a70487f450
0921.jpg,waterfall,624f0007-47b1-495b-9a39-9825f495fd3e,"A cascading waterfall flows over dark rocks, surrounded by lush greenery and dense foliage",wordpress,Nilesh Shiragave,https://wordpress.org/photos/photo/368687737f/,https://pd.w.org/2025/07/368687737fd7099e9.55449923-2048x1152.jpg,cc0,1.0,https://creativecommons.org/publicdomain/zero/1.0/,cascade waterfall,2048,1152,768,432,73.486,086c83d74bf3a95d050ce98d42458b3b4a8a1bc9
0922.jpg,waterfall,75090ee5-2439-48dd-b1b8-235e82807979,"A cascading waterfall flows over large, rugged rocks surrounded by lush greenery.",wordpress,Yam B Chhetri,https://wordpress.org/photos/photo/3486903002/,https://pd.w.org/2025/10/3486903002b2237b9.69225084-1536x2048.jpg,cc0,1.0,https://creativecommons.org/publicdomain/zero/1.0/,cascade waterfall,1536,2048,576,768,75.741,feaff7867b9119ae3171091fbe9120784d35cea9
0920.jpg,waterfall,f6f5e7db-1178-4b54-898b-00d584df72ee,A cascading waterfall flows down a rocky cliff surrounded by lush greenery and dense foliage,wordpress,shirishpoudel07,https://wordpress.org/photos/photo/8636991830/,https://pd.w.org/2026/02/8636991830b06bc43.44632619-1536x2048.jpg,cc0,1.0,https://creativecommons.org/publicdomain/zero/1.0/,cascade waterfall,1536,2048,576,768,83.994,3b5582434022aecc82f29fa475f2e32aa455a288
0924.jpg,waterfall,a0a46cac-0fb4-45cf-b9b1-0a8b9e0f4e5d,Silver Cascade Waterfalls,flickr,Ashwin Kumar,https://www.flickr.com/photos/34501870@N00/53795833892,https://live.staticflickr.com/65535/53795833892_6982857767_b.jpg,by-sa,2.0,https://creativecommons.org/licenses/by-sa/2.0/,cascade waterfall,683,1024,512,768,60.886,51eb1f0573a378e3274add79ba997077ea605b8c
0926.jpg,waterfall,8dbd7108-be54-496a-9628-6d7b4e80d662,Silver Cascade Waterfalls,flickr,Ashwin Kumar,https://www.flickr.com/photos/34501870@N00/53796777546,https://live.staticflickr.com/65535/53796777546_cd4cfaf18c_b.jpg,by-sa,2.0,https://creativecommons.org/licenses/by-sa/2.0/,cascade waterfall,1024,957,768,718,50.586,782a04b6b135843dc02361e4b361cc60f72b5fea
0923.jpg,waterfall,b5c2dbaf-2a41-4eb7-b048-44ed6bb80884,"A cascading waterfall flowing down a rocky cliff surrounded by lush greenery,",wordpress,appealdahal,https://wordpress.org/photos/photo/743697b883/,https://pd.w.org/2026/01/743697b883969ace2.68842243-1586x2048.jpg,cc0,1.0,https://creativecommons.org/publicdomain/zero/1.0/,cascade waterfall,1586,2048,595,768,86.776,c69e56be3373875310ee42c509716526f42d8896
0929.jpg,waterfall,d33fd204-454e-442f-9bc8-a096b2a88915,Silver Cascade Waterfalls,flickr,Ashwin Kumar,https://www.flickr.com/photos/34501870@N00/53796777656,https://live.staticflickr.com/65535/53796777656_a5d56d5487_b.jpg,by-sa,2.0,https://creativecommons.org/licenses/by-sa/2.0/,cascade waterfall,683,1024,512,768,59.539,90ef630a44491dc13295f4e9099bb36b44bbecbf
0925.jpg,waterfall,3156be66-8575-483f-8c8f-2b4e621d92d4,A breathtaking mountainous landscape featuring steep green hills and a cascading waterfall,wordpress,Yam B Chhetri,https://wordpress.org/photos/photo/135690340b/,https://pd.w.org/2025/10/135690340b08c54b5.16460138-1536x2048.jpg,cc0,1.0,https://creativecommons.org/publicdomain/zero/1.0/,cascade waterfall,1536,2048,576,768,56.71,8b5536aedf992c01f0a3503cfac86c8fb95b6f4b
0930.jpg,waterfall,11724ce9-6a78-434c-ba43-545bdd3c38b9,Silver Cascade Waterfalls,flickr,Ashwin Kumar,https://www.flickr.com/photos/34501870@N00/53797002468,https://live.staticflickr.com/65535/53797002468_703abc0987_b.jpg,by-sa,2.0,https://creativecommons.org/licenses/by-sa/2.0/,cascade waterfall,676,1024,507,768,61.953,25db2a6876caf44cb13bb1f7ab2e36c58ec429e4
0931.jpg,waterfall,fc9549ac-1676-4a91-9c69-ee96d25c674a,Silver Cascade Waterfalls,flickr,Ashwin Kumar,https://www.flickr.com/photos/34501870@N00/53797002548,https://live.staticflickr.com/65535/53797002548_20f0c5b1f5_b.jpg,by-sa,2.0,https://creativecommons.org/licenses/by-sa/2.0/,cascade waterfall,768,1024,576,768,97.593,bce3729af8c979420375aa66492b085c2ad418a5
0927.jpg,waterfall,56fa5c27-5d50-427b-909d-26db23521067,"A cascading waterfall flows down a lush green hillside, surrounded by dense vegetation and trees.",wordpress,season321,https://wordpress.org/photos/photo/34468d3a63/,https://pd.w.org/2025/09/34468d3a6392cb088.44180165-1152x2048.jpeg,cc0,1.0,https://creativecommons.org/publicdomain/zero/1.0/,cascade waterfall,1152,2048,432,768,96.571,e4e39374c8b7688f2525f24726d713c6be87bff8
0928.jpg,waterfall,c115cbce-cd29-48b5-b982-0e28fd8b8a51,A cascading waterfall flows down a rocky cliff surrounded by lush green vegetation and tall trees.,wordpress,Yam B Chhetri,https://wordpress.org/photos/photo/389690306a/,https://pd.w.org/2025/10/389690306a2501a17.69416601-1536x2048.jpg,cc0,1.0,https://creativecommons.org/publicdomain/zero/1.0/,cascade waterfall,1536,2048,576,768,86.589,0c17ca44b10c2097e02aa7080c788b569d9054fa
0932.jpg,waterfall,807201c9-2c16-4fb5-b518-73c233b13717,"A small,cascading waterfall tumbles down a series of dark,mossy rocks into a shadowy pool below.The scene is set in a lush,forested area,with dense green foliage and large trees framing the upper part of the falls.The lighting is dim,giving the scene a cool,tranquil,and slightly moody atmosphere.",wordpress,ritanjeri,https://wordpress.org/photos/photo/24068ffc6d/,https://pd.w.org/2025/10/24068ffc6d29d6d07.56965600-1536x2048.jpg,cc0,1.0,https://creativecommons.org/publicdomain/zero/1.0/,cascade waterfall,1536,2048,576,768,55.675,1960faadcae73ec389ceee184a1c50af57df65d0
0934.jpg,waterfall,34cd5701-58d4-4767-9960-3cf3554e1acf,"A cascading waterfall flows down a rocky cliff face, surrounded by patches of green vegetation.",wordpress,Yam B Chhetri,https://wordpress.org/photos/photo/7906902fdf/,https://pd.w.org/2025/10/7906902fdffe35cb6.74309807-1536x2048.jpg,cc0,1.0,https://creativecommons.org/publicdomain/zero/1.0/,cascade waterfall,1536,2048,576,768,62.731,13b5edab184d4b95acf8eae6ab9f3b4751da7a9c
0933.jpg,waterfall,6440b4ef-cd28-4e03-9bef-c69444ffc4d1,"A scenic view of Benson Bridge peeking through lush green trees above a cascading waterfall. Captured in the Columbia River Gorge National Scenic Area, Oregon.",wordpress,Bigul Malayi,https://wordpress.org/photos/photo/79668d0574/,https://pd.w.org/2025/09/79668d05744879827.50319909-1536x2048.jpg,cc0,1.0,https://creativecommons.org/publicdomain/zero/1.0/,cascade waterfall,1536,2048,576,768,95.71,8c3d0809eee878854e75d7b73a5fdefdc67947b7
0935.jpg,waterfall,1d10eece-6cac-4d08-a3df-2fe6b6dcac46,"A picturesque coastal scene featuring cascading waterfalls flowing over rocky cliffs into a serene, blue sea.",wordpress,Srishty Lamichhane,https://wordpress.org/photos/photo/140697309e/,https://pd.w.org/2026/01/140697309e10d2f17.43403719-2048x1172.jpg,cc0,1.0,https://creativecommons.org/publicdomain/zero/1.0/,cascade waterfall,2048,1172,768,440,64.574,4bd0b06a94f8d751e46f436b714d9cac5cc479fc
0936.jpg,waterfall,51e4de3d-ec95-4383-b17d-ff40495b69fb,"A cascading waterfall flows down a rocky hillside, surrounded by lush green foliage and dense vegetation with clear view of blue sky.",wordpress,Yam B Chhetri,https://wordpress.org/photos/photo/8096902ff1/,https://pd.w.org/2025/10/8096902ff1c95a797.11626466-1536x2048.jpg,cc0,1.0,https://creativecommons.org/publicdomain/zero/1.0/,cascade waterfall,1536,2048,576,768,85.987,fc8c3696576853431165afaeb45d48c2fc457808
0937.jpg,waterfall,251a3365-d3ff-417e-944e-99b767b17fcc,Fantastic Rocks with Cascading Waterfall; Fishing Boats by a Lake Hamlet,met,Aiseki,https://www.metmuseum.org/art/collection/search/670883,https://images.metmuseum.org/CRDImages/as/original/DP-12232-203.jpg,cc0,1.0,https://creativecommons.org/publicdomain/zero/1.0/,cascade waterfall,1613,3923,316,768,37.222,57f4f89336c87f01469601d7aa69384f311cf8f5
0941.jpg,waterfall,d94f2efd-2f9d-4b36-a8cb-00851f472fc8,Fantastic Rocks with Cascading Waterfall; Fishing Boats by a Lake Hamlet,met,Aiseki,https://www.metmuseum.org/art/collection/search/670883,https://images.metmuseum.org/CRDImages/as/original/2015_300_172ab_D2_Burke.jpg,cc0,1.0,https://creativecommons.org/publicdomain/zero/1.0/,cascade waterfall,2044,3980,394,768,33.586,2533c630a6b39551569c188d8aebae8877a57c75
0942.jpg,waterfall,9f1fc997-a27a-4827-ae19-0afe4fa3268d,Fantastic Rocks with Cascading Waterfall; Fishing Boats by a Lake Hamlet,met,Aiseki,https://www.metmuseum.org/art/collection/search/670883,https://images.metmuseum.org/CRDImages/as/original/DP-12232-201.jpg,cc0,1.0,https://creativecommons.org/publicdomain/zero/1.0/,cascade waterfall,1592,3924,312,768,41.22,cb58877a154786f75e3215373c75a0cc30202b1a
0940.jpg,waterfall,3842b627-8855-4da7-b924-35c7397565a3,Fantastic Rocks with Cascading Waterfall; Fishing Boats by a Lake Hamlet,met,Aiseki,https://www.metmuseum.org/art/collection/search/670883,https://images.metmuseum.org/CRDImages/as/original/DP-12232-202.jpg,cc0,1.0,https://creativecommons.org/publicdomain/zero/1.0/,cascade waterfall,2998,4000,576,768,44.257,e743948a38236ba7c684c5ea02639032f6013bec
0950.jpg,waterfall,8fec9cc3-1aaf-48af-92a8-5860486b6dca,"A serene landscape featuring a small cascading waterfall surrounded by lush green foliage and large, moss-covered rocks.",wordpress,Sakshyam Sapkota,https://wordpress.org/photos/photo/792692ee8c/,https://pd.w.org/2025/12/792692ee8c226bbd0.50616911-1536x2048.jpeg,cc0,1.0,https://creativecommons.org/publicdomain/zero/1.0/,cascade waterfall,1536,2048,576,768,80.782,e5573fc7bc2671bd2795b01e7187ee0f015bd6f1
0952.jpg,waterfall,813e70d2-f752-41f7-8fd2-b40471ae0394,"A serene natural pool with vibrant blue water fed by two small cascading waterfalls, surrounded by rocky terrain, tall grass, and dense green vegetation, creating a peaceful outdoor setting.",wordpress,loren11fide,https://wordpress.org/photos/photo/84569c16a8/,https://pd.w.org/2026/03/84569c16a82ec5112.71569402-1536x2048.jpeg,cc0,1.0,https://creativecommons.org/publicdomain/zero/1.0/,cascade waterfall,1536,2048,576,768,80.953,b518e70cfb27b9e6dffae6a17ea0d83127a18b98
0955.jpg,waterfall,24673094-b18d-4cf3-b250-76dc71e20412,"The Wayanad Ghat Road is a winding road that winds its way through the Western Ghats mountains in Kerala, India. The road is known for its stunning scenery, with lush green forests, cascading waterfalls, and dramatic mountain views. #WPPhotoFestival #WordPressKerala",wordpress,Ajay M Aravind,https://wordpress.org/photos/photo/9616533c81/,https://pd.w.org/2023/10/9616533c81a6d1d13.81696920-1533x2048.jpg,cc0,1.0,https://creativecommons.org/publicdomain/zero/1.0/,cascade waterfall,1533,2048,575,768,30.932,8fc53e11be5d1c1ca2246b58c63187bd85b2dbed
0957.jpg,waterfall,47e35362-d50c-488b-be32-6218fb30be56,Waterfall,flickr,oatsy40,https://www.flickr.com/photos/68089229@N06/14478421425,https://live.staticflickr.com/5489/14478421425_800c588146_b.jpg,by,2.0,https://creativecommons.org/licenses/by/2.0/,cascade waterfall,1024,576,768,432,14.575,533e0db4ac7185b3621f60abe096352ea7a20144
0956.jpg,waterfall,38c5c14b-c5c9-418b-ba27-be73ad6929cd,"A cascading waterfall flows down a rocky cliff, surrounded by lush greenery.",wordpress,Barsha Panthi,https://wordpress.org/photos/photo/3186971dfe/,https://pd.w.org/2026/01/3186971dfe889ae09.87016012-1536x2048.jpeg,cc0,1.0,https://creativecommons.org/publicdomain/zero/1.0/,cascade waterfall,1536,2048,576,768,79.782,0947d5d448afe8d270471b6d460ffe14b8515be1
0958.jpg,waterfall,11d819a9-e480-4855-95b0-2ddc8b11d6f4,Rheinfall near Schaffhausen,flickr,michelsimeonidis,https://www.flickr.com/photos/138357330@N05/25179028742,https://live.staticflickr.com/1491/25179028742_fef2245ae5_b.jpg,pdm,1.0,https://creativecommons.org/publicdomain/mark/1.0/,cascade waterfall,1024,683,768,512,61.748,eff22ec648d6f16eeb61bf7fce5e4721741eb20b
0960.jpg,waterfall,c4082ef2-d9de-4f59-9256-df7424d3d649,waterfall,flickr,Sean MacEntee,https://www.flickr.com/photos/18090920@N07/5791764696,https://live.staticflickr.com/3461/5791764696_1b0f616739_b.jpg,by,2.0,https://creativecommons.org/licenses/by/2.0/,cascade waterfall,1024,768,768,576,59.219,be9a5451156486b69373d011db9b63aacc72d41e
0959.jpg,waterfall,ad2ccfb6-0b72-47b4-bdb8-a19f9aff594b,"Lake Creek Falls pool, Oregon",flickr,Bonnie Moreland (free images),https://www.flickr.com/photos/66741228@N05/51638133807,https://live.staticflickr.com/65535/51638133807_c4db0d4588_b.jpg,pdm,1.0,https://creativecommons.org/publicdomain/mark/1.0/,cascade waterfall,1024,682,768,512,69.947,c60984658cc24d8192ee747fbd941429373da1b8
0961.jpg,waterfall,b2b619a1-c938-4ace-97eb-91795cf453e0,Cascade at Katoomba,flickr,"Blue Mountains Library, Local Studies",https://www.flickr.com/photos/26602074@N06/23967589614,https://live.staticflickr.com/1584/23967589614_68147e2227_b.jpg,by-sa,2.0,https://creativecommons.org/licenses/by-sa/2.0/,cascade waterfall,1024,759,768,569,61.202,a9d9159639c120b98bdb5251b5bb8d319e6e8e6e
0962.jpg,waterfall,69ac971a-0d19-4b26-b77e-b49b61b5b4f3,Texter Mountain Nature Preserve (Revisited) (5),flickr,Nicholas_T,https://www.flickr.com/photos/14922165@N00/9384973953,https://live.staticflickr.com/5324/9384973953_d49f9c106f_b.jpg,by,2.0,https://creativecommons.org/licenses/by/2.0/,cascade waterfall,683,1024,512,768,62.3,16e28a08d11bab7eaf3c5bf670892d68e60c6deb
0963.jpg,waterfall,3008a9ad-649e-4651-8528-f0efd26fb7be,Far Away Waterfall,flickr,Charlie From Bristol,https://www.flickr.com/photos/100915417@N07/51297747745,https://live.staticflickr.com/65535/51297747745_39156502c1_b.jpg,by,2.0,https://creativecommons.org/licenses/by/2.0/,cascade waterfall,683,1024,512,768,48.949,d7bed824ec0eb9a3e073bb2e45963a2c486b7d41
0964.jpg,waterfall,f49ff7ef-2418-47b6-98ad-890d42de6ce4,"The waterfall Sweet Sixteen, Sundarijal, Nepal",flickr,dhilung,https://www.flickr.com/photos/7236858@N07/3729403856,https://live.staticflickr.com/2534/3729403856_fa599d2b93_b.jpg,by,2.0,https://creativecommons.org/licenses/by/2.0/,cascade waterfall,1005,1024,754,768,63.898,34590e10dfc79a55c24ac174c8f9047c2b5faa6c
0965.jpg,waterfall,cfd794e2-900d-4fad-9afc-4746d5059f7f,waterfall,flickr,cluczkow,https://www.flickr.com/photos/19429821@N00/7687835366,https://live.staticflickr.com/7274/7687835366_f8596a33d5_b.jpg,by,2.0,https://creativecommons.org/licenses/by/2.0/,cascade waterfall,685,1023,514,768,30.902,b7e7ed884e48aa76a477645aa8a64dbe489c9c2f
0966.jpg,waterfall,b4d799d5-3a99-451e-af72-d50bd090475c,Cherry Run Game Lands (Revisited) (1),flickr,Nicholas_T,https://www.flickr.com/photos/14922165@N00/8154500155,https://live.staticflickr.com/8060/8154500155_5e9157596d_b.jpg,by,2.0,https://creativecommons.org/licenses/by/2.0/,cascade waterfall,1024,768,768,576,27.554,b3aa14ccfeef99868261cc615470cef22b67cf9b
0967.jpg,waterfall,489643be-3c6c-4f14-8e89-00633398ac69,Cascades du Parc de Sceaux,flickr,gadl,https://www.flickr.com/photos/24183489@N00/420831363,https://live.staticflickr.com/154/420831363_4318a7b50a_b.jpg,by-sa,2.0,https://creativecommons.org/licenses/by-sa/2.0/,cascade waterfall,1024,683,768,512,67.154,cdcf813d370e6e78b0098a362c0a4a6fa7a095ed
0968.jpg,waterfall,5a2902c1-6bc9-4725-82b9-9684e45d2850,Spring Runoff,flickr,Ian Sane,https://www.flickr.com/photos/31246066@N04/4620052369,https://live.staticflickr.com/4024/4620052369_9fa45b1f35_b.jpg,by,2.0,https://creativecommons.org/licenses/by/2.0/,cascade waterfall,1024,819,768,614,49.587,4dc98fedba239fdf6d925b9a2e48ac97376d7d3e
0969.jpg,waterfall,4affd56a-06cd-48b1-afff-25dc22e1d869,"Long exposure shot of a small cascade on the Virgin River, Zion National Park",flickr,Alaskan Dude,https://www.flickr.com/photos/72213316@N00/3169593212,https://live.staticflickr.com/3265/3169593212_cc58252c3e_b.jpg,by,2.0,https://creativecommons.org/licenses/by/2.0/,cascade waterfall,1024,683,768,512,36.478,f098f3a5b837ec7010ccd023833e1bc1734b9ea3
0970.jpg,waterfall,c0e33279-cdc6-4380-845d-b68a5f2641e1,Spirit of Water (3) - Marsyangdi Waterfall - Nepal,flickr,dhilung,https://www.flickr.com/photos/7236858@N07/3768536114,https://live.staticflickr.com/2510/3768536114_bbb0ab0212_b.jpg,by,2.0,https://creativecommons.org/licenses/by/2.0/,cascade waterfall,764,1023,574,768,47.156,add638b81d40240f7ef84cd10359e3998b86f08d
0943.jpg,waterfall,70a65d11-5b6a-4fed-91cb-5197a634eea5,Fantastic Rocks with Cascading Waterfall; Fishing Boats by a Lake Hamlet,met,Aiseki,https://www.metmuseum.org/art/collection/search/670883,https://images.metmuseum.org/CRDImages/as/original/2015_300_172ab_D1_Burke.jpg,cc0,1.0,https://creativecommons.org/publicdomain/zero/1.0/,cascade waterfall,1955,3449,435,768,37.76,40cf34b401d8a63c06e56fe0543215c59b0623c3
0971.jpg,waterfall,de73da38-9375-41b7-8a06-060d6b77f98d,waterfall,flickr,cluczkow,https://www.flickr.com/photos/19429821@N00/7687832548,https://live.staticflickr.com/8016/7687832548_94bd05a46a_b.jpg,by,2.0,https://creativecommons.org/licenses/by/2.0/,cascade waterfall,685,1023,514,768,45.118,db76aa0c0ffffd9462d7bd884155db59ada6e8c6
0972.jpg,waterfall,f9e516f0-49fd-4f55-b4c3-fe4da754ef4f,Waterfalls Along the Aqueduct - Attraction,flickr,Onasill - Bill Badzo - 149 Million Views - Thank Y,https://www.flickr.com/photos/7156765@N05/51391784788,https://live.staticflickr.com/65535/51391784788_b825e00ac4_b.jpg,pdm,1.0,https://creativecommons.org/publicdomain/mark/1.0/,cascade waterfall,1023,682,768,512,84.247,138f7dfbdd1d6f5863610e344625484593a25c38
0973.jpg,waterfall,1fe210e0-df1a-43d4-8176-a93f60e83356,NORWAY,flickr,Michael Gwyther-Jones,https://www.flickr.com/photos/12587661@N06/2302372357,https://live.staticflickr.com/3136/2302372357_9df810cf04_b.jpg,by,2.0,https://creativecommons.org/licenses/by/2.0/,cascade waterfall,1024,768,768,576,56.536,f73e53c7a3c683280165d5093ba82433f7f7506b
0974.jpg,waterfall,46fc06d0-be44-4a82-9784-091b3276e661,waves,flickr,andymag,https://www.flickr.com/photos/92855856@N00/11757056706,https://live.staticflickr.com/3683/11757056706_0274d1bf3c.jpg,by,2.0,https://creativecommons.org/licenses/by/2.0/,cascade waterfall,500,500,500,500,46.169,660ea4e67f1f877dc77bb6cf3e0faa39cf4d6201
0975.jpg,waterfall,b704f304-4ebf-487d-b0dc-24fcad959d53,Kumgang Mountains,flickr,D-Stanley,https://www.flickr.com/photos/79721788@N00/5063895076,https://live.staticflickr.com/4152/5063895076_b809ae1200_b.jpg,by,2.0,https://creativecommons.org/licenses/by/2.0/,cascade waterfall,768,1024,576,768,60.736,21419785c143c0563b09cf6ebfa80abdd47df107
0976.jpg,waterfall,2c233077-ed2a-470e-9808-d24709fd71b7,Duden Waterfall,flickr,zolakoma,https://www.flickr.com/photos/15164743@N05/6029617537,https://live.staticflickr.com/6083/6029617537_993f5127eb_b.jpg,by,2.0,https://creativecommons.org/licenses/by/2.0/,cascade waterfall,1024,686,768,515,60.306,b12dfc8ce8df7da5f2bfca7b678b6a76cdfddfc6
0977.jpg,waterfall,f888298d-922b-40dc-92ce-f6bc1d4ebc8e,Green and water,flickr,cudipeich,https://www.flickr.com/photos/80096763@N00/13640207153,https://live.staticflickr.com/3749/13640207153_53c33ac9ac_b.jpg,by,2.0,https://creativecommons.org/licenses/by/2.0/,cascade waterfall,1024,680,768,510,36.237,25e721d6319ab7a36450fd27edc81e0d26ecdd7e
0978.jpg,waterfall,99336a36-2533-41c3-a51a-274389f24cc6,Low pressure system over the eastern United States,nasa,NASA Goddard Photo and Video,https://www.flickr.com/photos/24662369@N07/6188946512,https://live.staticflickr.com/6173/6188946512_f76bf578f6_b.jpg,by,2.0,https://creativecommons.org/licenses/by/2.0/,cascade waterfall,791,1024,593,768,67.152,ed7ab1046d07225355b01bdc973a8170053429b0
0979.jpg,waterfall,937dd4c5-6a1f-4dad-b909-d27dff8fdded,Frothy,flickr,Nicholas_T,https://www.flickr.com/photos/14922165@N00/2841962862,https://live.staticflickr.com/3215/2841962862_181eaffc69_b.jpg,by,2.0,https://creativecommons.org/licenses/by/2.0/,cascade waterfall,1024,768,768,576,60.954,1faf89e5acb0e81d5ed916ac6a0fe3d9902881d3
0980.jpg,waterfall,2e3d428f-9aac-4007-ba6a-392ffd18abff,victoria_fall,flickr,Zest-pk,https://www.flickr.com/photos/10573648@N05/923931009,https://live.staticflickr.com/1421/923931009_941c3cb248.jpg,by,2.0,https://creativecommons.org/licenses/by/2.0/,cascade waterfall,499,330,499,330,67.733,929103fef8b17bb88792aaf86ed0a2cf591c07c8
0981.jpg,waterfall,4615217b-0526-4d8c-8230-9abeb3728943,Waterfall,flickr,Jan Tik,https://www.flickr.com/photos/15363357@N00/6180383,https://live.staticflickr.com/3/6180383_2bd7676c9b_b.jpg,by,2.0,https://creativecommons.org/licenses/by/2.0/,cascade waterfall,1024,768,768,576,60.81,138033d33063b5bf2e960fe4a5b41ffa0650a385
0982.jpg,waterfall,514fe5ba-df1b-4f93-8735-0962971438f7,"Fairy Dell, Leura",flickr,"Blue Mountains Library, Local Studies",https://www.flickr.com/photos/26602074@N06/2889073746,https://live.staticflickr.com/3295/2889073746_34553eac40_b.jpg,by-sa,2.0,https://creativecommons.org/licenses/by-sa/2.0/,cascade waterfall,1024,841,768,631,74.404,65e4f3802ad058ea3c0e37ff78f4b87da8e72177
0986.jpg,waterfall,ff26d4d3-5621-4ef3-94f2-7b529aab7489,Falling Spring (2),flickr,Nicholas_T,https://www.flickr.com/photos/14922165@N00/9525645741,https://live.staticflickr.com/5534/9525645741_26bb221cc7_b.jpg,by,2.0,https://creativecommons.org/licenses/by/2.0/,cascade waterfall,730,1024,547,768,73.448,50ae657a43273ce3dd00249511c4958d2c774d02
0984.jpg,waterfall,e73f965d-c720-401b-9d0e-ac8205f8a1f8,The Sound of Pounding Water,flickr,Schneidersphotography,https://www.flickr.com/photos/124918242@N04/18131007896,https://live.staticflickr.com/7753/18131007896_799e61ae9f_b.jpg,by,2.0,https://creativecommons.org/licenses/by/2.0/,cascade waterfall,1023,683,768,513,48.124,f4374987e1d31c446ed51ca7173a8055f3627dcb
0983.jpg,waterfall,e21b3316-10a9-482d-ac05-1ffbfc8c2874,Waterfall,flickr,ahisgett,https://www.flickr.com/photos/37804979@N00/422399097,https://live.staticflickr.com/177/422399097_4cffa4fd7f_b.jpg,by,2.0,https://creativecommons.org/licenses/by/2.0/,cascade waterfall,683,1024,512,768,49.575,31580dee028c65843b47b98c22c4d33311e8745f
0985.jpg,waterfall,a4905bd7-07d9-4174-8dae-7bf42e49c60d,Waterfall,flickr,Wagner T. Cassimiro 'Aranha',https://www.flickr.com/photos/38469672@N00/3859197192,https://live.staticflickr.com/3522/3859197192_ed4bcebaf2_b.jpg,by,2.0,https://creativecommons.org/licenses/by/2.0/,cascade waterfall,1024,680,768,510,47.136,6689c79c7d91898443220b6c36a3dcef28fc536e
0987.jpg,waterfall,00d24691-0d86-4b72-9e60-d41a0b83b0b9,long exposure water,flickr,Ben Mortimer Photography,https://www.flickr.com/photos/71768083@N07/7489256044,https://live.staticflickr.com/8014/7489256044_28da5214ed_b.jpg,by,2.0,https://creativecommons.org/licenses/by/2.0/,cascade waterfall,1024,678,768,509,49.002,e255b27af3e021bb66ad767c8b7d88af1c293455
0988.jpg,waterfall,0f50dbfa-13c7-41ae-aaea-2122f38534e9,Cumberland falls,flickr,SeeMidTN.com (aka Brent),https://www.flickr.com/photos/94502827@N00/166201992,https://live.staticflickr.com/48/166201992_f3f2660650_b.jpg,by,2.0,https://creativecommons.org/licenses/by/2.0/,cascade waterfall,1024,768,768,576,26.19,1e0d77885c64a85798b06cb33c8c10f5679fcd11
0989.jpg,waterfall,1d52921a-bf67-44be-bbe2-481dd271cd97,kemenuh waterfall view,flickr,ῨᾂῄὐἄṜ™,https://www.flickr.com/photos/68801626@N00/2669481523,https://live.staticflickr.com/3234/2669481523_1debc97967_b.jpg,by,2.0,https://creativecommons.org/licenses/by/2.0/,cascade waterfall,679,1024,509,768,50.653,6ae1bb2ef923ec392cd1e6e07242c26d8ad0b6df
0990.jpg,waterfall,b8670097-491f-4925-a52c-91db707300f0,Luckiamute Falls,flickr,Ian Sane,https://www.flickr.com/photos/31246066@N04/4377035185,https://live.staticflickr.com/2769/4377035185_c05b3965cb_b.jpg,by,2.0,https://creativecommons.org/licenses/by/2.0/,cascade waterfall,1024,819,768,614,46.095,314581ac38d7fd9a4de7467c8337d498cbbdce84
0991.jpg,waterfall,aafe8c59-4376-424c-93e2-57900651c4f7,Chutes du Diable Waterfall,flickr,Bold Frontiers,https://www.flickr.com/photos/82955120@N05/15953332725,https://live.staticflickr.com/65535/15953332725_621e8b9431_b.jpg,by,2.0,https://creativecommons.org/licenses/by/2.0/,cascade waterfall,1024,683,768,512,49.357,73d8f61067dc36d519b6602d022a626c5d6eb6de
0992.jpg,waterfall,98b06c07-e21f-4328-aa9c-d19bf1120bd4,Refreshing,flickr,Tiomax80,https://www.flickr.com/photos/69062568@N02/29015422097,https://live.staticflickr.com/1775/29015422097_eae92b6319_b.jpg,by,2.0,https://creativecommons.org/licenses/by/2.0/,cascade waterfall,1024,684,768,513,80.07,9724fc0a2d6309948b69110fbb1f891151ca060c
0993.jpg,waterfall,833271ed-a49b-4cdd-a3bb-896fa3e6e52f,Stamp River Provincial Park,flickr,D-Stanley,https://www.flickr.com/photos/79721788@N00/14437232405,https://live.staticflickr.com/3895/14437232405_21603215ce_b.jpg,by,2.0,https://creativecommons.org/licenses/by/2.0/,cascade waterfall,1024,768,768,576,52.921,6dac10c87d5fab24132879991784750a534ae479
0994.jpg,waterfall,872ad23c-0a58-408e-8e4e-fb701ac49a43,Autumn Cascade,flickr,charlieishere@btinternet.com,https://www.flickr.com/photos/100915417@N07/49020566307,https://live.staticflickr.com/65535/49020566307_104b7bb8c4_b.jpg,by,2.0,https://creativecommons.org/licenses/by/2.0/,cascade waterfall,1024,683,768,512,41.311,db8b11200526c16dd680acf5d9f3275ba8272f3f
0995.jpg,waterfall,2fbd9f28-6414-4b9c-a4a1-0523130baef6,"Waterfall in Donegal, Ireland",flickr,atomicpuppy68,https://www.flickr.com/photos/76669273@N00/529534282,https://live.staticflickr.com/1166/529534282_eea8ad2d97_b.jpg,by,2.0,https://creativecommons.org/licenses/by/2.0/,cascade waterfall,683,1024,512,768,76.081,f016497b9bc443ee3f9022d16098cae85f624975
0997.jpg,waterfall,58c6490d-d7ca-4cd2-a664-d31b32d160f4,Rio Magdalena (Los Dinamos),flickr,Esparta,https://www.flickr.com/photos/66208256@N00/405205410,https://live.staticflickr.com/182/405205410_80336fffe6_b.jpg,by,2.0,https://creativecommons.org/licenses/by/2.0/,cascade waterfall,1024,683,768,512,35.219,01a5aa3dce2bcbb6d64ba8d6b8788464eeb16dd3
0996.jpg,waterfall,a1891bb4-df9d-4717-8825-8d591850c09b,Cascade du hérisson,flickr,@ S@ndrine,https://www.flickr.com/photos/133835212@N03/51753655054,https://live.staticflickr.com/65535/51753655054_a2ea081946_b.jpg,by,2.0,https://creativecommons.org/licenses/by/2.0/,cascade waterfall,683,1024,512,768,73.902,10cc8f362cd55eb54cbc16f0a0ae79c1d625cb83
0998.jpg,waterfall,052ac386-bf37-47e3-96bf-a7af66800cfc,The Small Waterfall in The Small Gathering,flickr,Hamed Saber,https://www.flickr.com/photos/44124425616@N01/462658709,https://live.staticflickr.com/192/462658709_58ffa36f3b_b.jpg,by,2.0,https://creativecommons.org/licenses/by/2.0/,cascade waterfall,788,1024,591,768,65.153,b8a8cd4b1a3e38e8d78b6b10e30271339253851f
1000.jpg,waterfall,6aa1f1f8-a904-4b4a-921f-13ebd28d6ae2,Grand Canyon: Bright Angel Creek - Cottonwood Campground 0171,flickr,Grand Canyon NPS,https://www.flickr.com/photos/50693818@N08/5965930756,https://live.staticflickr.com/6146/5965930756_08f923f512_b.jpg,by,2.0,https://creativecommons.org/licenses/by/2.0/,cascade waterfall,1024,768,768,576,65.342,7224fe5c9db6a77b21ea1487ff3df0eb47943a86
0999.jpg,waterfall,ac08e955-be5e-4649-a38c-13409d9749ae,Jeans Run Gorge (3),flickr,Nicholas_T,https://www.flickr.com/photos/14922165@N00/13923659618,https://live.staticflickr.com/2902/13923659618_85774d758f_b.jpg,by,2.0,https://creativecommons.org/licenses/by/2.0/,cascade waterfall,1024,683,768,512,63.059,793e1f0e677147df979ec35241a61a1af28c9332
1001.jpg,waterfall,8e474058-6a17-41bd-a5fc-b57271bcfe55,Grand Canyon: Cottonwood Campground 0170,flickr,Grand Canyon NPS,https://www.flickr.com/photos/50693818@N08/5965931312,https://live.staticflickr.com/6123/5965931312_ef2999eee6_b.jpg,by,2.0,https://creativecommons.org/licenses/by/2.0/,cascade waterfall,768,1024,576,768,62.902,eeeca0c1f2b452888e41e5e700fa62b087680e73
1002.jpg,waterfall,db40f423-1517-4310-832b-3aa390fdae51,rockbottom,flickr,paul bica,https://www.flickr.com/photos/99771506@N00/4703163740,https://live.staticflickr.com/4006/4703163740_a1b2ec46c3_b.jpg,by,2.0,https://creativecommons.org/licenses/by/2.0/,cascade waterfall,1024,768,768,576,66.033,be3ccadbf35151a912f94ed25bd2547abe349808
1004.jpg,waterfall,c8c2b5b2-2071-4008-8138-8e1a58a1c608,waterfall,flickr,Steven Polunsky,https://www.flickr.com/photos/22161109@N02/5535719593,https://live.staticflickr.com/5297/5535719593_10203aa53a_b.jpg,by,2.0,https://creativecommons.org/licenses/by/2.0/,cascade waterfall,1024,768,768,576,40.401,cf7decbe9fbc5ad827b3df55c3a48b1f90b4dfe3
1003.jpg,waterfall,6dd782af-3edd-4361-8b47-82bad83726a2,Small waterfall in Palenque,flickr,mdanys,https://www.flickr.com/photos/91883096@N00/3417679088,https://live.staticflickr.com/3334/3417679088_02cd4004ea_b.jpg,by,2.0,https://creativecommons.org/licenses/by/2.0/,cascade waterfall,1024,768,768,576,60.054,6859f917ab1d21bd8c15286ac2f5507c8bb0238b
1005.jpg,waterfall,80f9194b-00fc-4056-88a4-00c391511659,Avalon Falls,flickr,Bold Frontiers,https://www.flickr.com/photos/82955120@N05/15791550085,https://live.staticflickr.com/5609/15791550085_f8a1a0eb4d_b.jpg,by,2.0,https://creativecommons.org/licenses/by/2.0/,cascade waterfall,683,1024,512,768,52.374,1529ba18cf625a241da1ab23e6864f31cc8091f3
1007.jpg,waterfall,1785888b-e5b5-4e67-a8d0-e55367b852cc,Tolliver Falls,flickr,Bold Frontiers,https://www.flickr.com/photos/82955120@N05/15621017957,https://live.staticflickr.com/5610/15621017957_670c93d44f_b.jpg,by,2.0,https://creativecommons.org/licenses/by/2.0/,cascade waterfall,1024,683,768,512,80.488,51e0624eac6557acc8e8b1948b8644ecc52fb1b3
1008.jpg,waterfall,69df7aca-9065-481c-98d3-6ad9d8d85fb6,Pooled,flickr,Nicholas_T,https://www.flickr.com/photos/14922165@N00/3544231241,https://live.staticflickr.com/2482/3544231241_183ac43031_b.jpg,by,2.0,https://creativecommons.org/licenses/by/2.0/,cascade waterfall,924,1024,693,768,58.146,d106733b234d75ddd0d10d0d020f9df5f7517167
1009.jpg,waterfall,ff195d00-e2a6-4615-ac1c-84e48c85c430,2049-Fervenza de San Estevo do Ermo en Barreiros (Lugo),flickr,jl.cernadas,https://www.flickr.com/photos/38035878@N07/5762139311,https://live.staticflickr.com/2254/5762139311_3798e99595_b.jpg,by,2.0,https://creativecommons.org/licenses/by/2.0/,cascade waterfall,1024,779,768,584,96.312,0f2abd3f496b264ed0b492e0b6d28ce9fa7134ba
1010.jpg,waterfall,8226c17a-dc09-459b-9bfe-a314c82cee02,Neidong Waterfall,flickr,Li-Ji,https://www.flickr.com/photos/35785765@N00/2317098389,https://live.staticflickr.com/2223/2317098389_716d1f5d55_b.jpg,by,2.0,https://creativecommons.org/licenses/by/2.0/,cascade waterfall,1024,768,768,576,57.972,e3efe5c80b2f4e5845d3014606e11b7a73096f1d
1006.jpg,waterfall,4b4921bb-aadd-4a70-8c96-59b34cbbc550,Waterfalls,flickr,NH53,https://www.flickr.com/photos/33143388@N04/9560154071,https://live.staticflickr.com/5463/9560154071_5826a44193_b.jpg,by,2.0,https://creativecommons.org/licenses/by/2.0/,cascade waterfall,1024,683,768,512,58.763,425a69861875b60e69f93b8d9768dba510555815
1011.jpg,waterfall,2217ce83-17b7-463f-b905-f3791d708ae4,Waterfall Virginia Water,flickr,Ben124.,https://www.flickr.com/photos/9298216@N08/7365934364,https://live.staticflickr.com/5080/7365934364_2fb14db59d_b.jpg,by,2.0,https://creativecommons.org/licenses/by/2.0/,cascade waterfall,1023,685,768,514,63.488,003601ccaa91178b21cae7fd84c9ffb29c498592
1012.jpg,waterfall,96e4ffe4-09dc-4fee-8c7b-a1024a2e05ba,Bald River Falls 12-2014_edited-1,flickr,wildrosetn39,https://www.flickr.com/photos/24295111@N07/16004032039,https://live.staticflickr.com/7461/16004032039_e3c0ceab29_b.jpg,by,2.0,https://creativecommons.org/licenses/by/2.0/,cascade waterfall,1024,819,768,614,69.928,cae589b0415ec3ec866fa0c772bd0ef1d9caaebd
1013.jpg,waterfall,2b4f8ea6-f05a-465f-887e-c682f354a395,Spirit of water,flickr,dhilung,https://www.flickr.com/photos/7236858@N07/2799802239,https://live.staticflickr.com/3064/2799802239_617857cd79_b.jpg,by,2.0,https://creativecommons.org/licenses/by/2.0/,cascade waterfall,1024,693,768,520,61.15,f1f67399f9bcee574f0932e485a07c9096d35277
1015.jpg,waterfall,6bf994ce-8f76-4fa2-9274-7b76c2b4133b,Blue Ridge Mountain Waterfalls,flickr,ForestWander.com,https://www.flickr.com/photos/10922353@N03/5971942351,https://live.staticflickr.com/6125/5971942351_4b1d932124.jpg,by-sa,2.0,https://creativecommons.org/licenses/by-sa/2.0/,mountain waterfall,500,334,500,334,49.27,1bcce3fec0e7e52ccb28867f64154d549ba98f1d
1014.jpg,waterfall,ba9fede7-922d-433f-b036-2110615bf002,Impressive waterfall at our turnaround point on the Upper Winner Creek trail,flickr,Alaskan Dude,https://www.flickr.com/photos/72213316@N00/3823673642,https://live.staticflickr.com/2635/3823673642_debc77a476_b.jpg,by,2.0,https://creativecommons.org/licenses/by/2.0/,cascade waterfall,683,1024,512,768,30.406,36470c21c76fda636cbc73c66cffdb90742f0d29
1016.jpg,waterfall,d6c11541-2846-45a1-adfe-c46ac6442ad7,Buderim Mountain waterfall,flickr,Aussie~mobs,https://www.flickr.com/photos/70994841@N07/7573951284,https://live.staticflickr.com/8290/7573951284_1aa2727295_b.jpg,pdm,1.0,https://creativecommons.org/publicdomain/mark/1.0/,mountain waterfall,1024,671,768,503,61.785,e4990945b49089d431cd89e45f875e6a002a9cf6
1017.jpg,waterfall,40b706e3-d033-4fd2-b750-0e4d6a17cd1f,Blue Mountains Waterfall,flickr,Theo Crazzolara,https://www.flickr.com/photos/141324643@N05/30987456898,https://live.staticflickr.com/1950/30987456898_a7234435f8_b.jpg,by,2.0,https://creativecommons.org/licenses/by/2.0/,mountain waterfall,1024,683,768,512,59.736,bccfc9cf951763a8f26ef0eedf76045163911540
1018.jpg,waterfall,5e370b5d-6946-4bc1-b31b-46b239917cac,"Atlas Mountains, Waterfall",flickr,frankdouwes,https://www.flickr.com/photos/26209626@N05/3539820653,https://live.staticflickr.com/3540/3539820653_141718e1a4_b.jpg,by,2.0,https://creativecommons.org/licenses/by/2.0/,mountain waterfall,683,1024,512,768,79.333,61b5b57aa32a4ae7bed66941baa24df965eabceb
1019.jpg,waterfall,05805243-0815-471f-81e5-aa0de64e28b6,Mountain waterfall.,flickr,sandro349,https://www.flickr.com/photos/186236561@N02/49658526001,https://live.staticflickr.com/65535/49658526001_4a52a0fef9_b.jpg,cc0,1.0,https://creativecommons.org/publicdomain/zero/1.0/,mountain waterfall,1024,686,768,515,39.538,a8cac0c86911cb9cbc73687137d8d4e9746a5fcd
1021.jpg,waterfall,48d8177d-114e-44c6-838d-de319e60c329,Mountain waterfall. Best viewed large.,flickr,sandro349,https://www.flickr.com/photos/186236561@N02/49657991203,https://live.staticflickr.com/65535/49657991203_469580621c_b.jpg,cc0,1.0,https://creativecommons.org/publicdomain/zero/1.0/,mountain waterfall,1024,686,768,515,53.929,fd87c730a79b60b382f0e73ec30dd1e5ec7897e5
1020.jpg,waterfall,02452281-4b37-443b-af0a-a513345df00e,Three Sables Mountain Waterfall 2,flickr,taiwaneers.com,https://www.flickr.com/photos/38317686@N08/3519455452,https://live.staticflickr.com/3637/3519455452_38131bacaf_b.jpg,by,2.0,https://creativecommons.org/licenses/by/2.0/,mountain waterfall,1023,1017,768,763,46.34,3039de94f985e1d369d5442a617a7a0cf93dd7fe
1022.jpg,waterfall,dbebf885-96ad-4a2a-8335-3099d4afa683,Smoky Mountain waterfall,flickr,CJ Sugg,https://www.flickr.com/photos/40349635@N08/3716934155,https://live.staticflickr.com/2581/3716934155_7e2a45349d.jpg,by-sa,2.0,https://creativecommons.org/licenses/by-sa/2.0/,mountain waterfall,375,500,375,500,51.994,c181f582c6d0e282ce5cd564767a150ef9aafc6d
1023.jpg,waterfall,0ae4d41d-1343-424f-a1ef-ba7278566498,Mountain waterfall. Best viewed large.,flickr,sandro349,https://www.flickr.com/photos/186236561@N02/49657979038,https://live.staticflickr.com/65535/49657979038_8b8e925718_b.jpg,cc0,1.0,https://creativecommons.org/publicdomain/zero/1.0/,mountain waterfall,1024,686,768,515,42.29,79ade1e1be9912f70c3e819d308f1a1428597fef
1024.jpg,waterfall,d99bd6fc-f8b6-47f1-8ed9-7aa0649696f9,Beautiful mountain waterfall,flickr,Saucy Salad,https://www.flickr.com/photos/34048699@N07/4516050290,https://live.staticflickr.com/2803/4516050290_d70051b8bf_b.jpg,by,2.0,https://creativecommons.org/licenses/by/2.0/,mountain waterfall,681,1024,511,768,73.276,54aa06350e1140dea3879c4c56ba14fc93ef3327
1025.jpg,waterfall,f84cf71a-7bcf-4e0d-9c03-dd028783eb62,I'm swiming in a cold mountain waterfall!,flickr,peretzp,https://www.flickr.com/photos/68877611@N00/3846231801,https://live.staticflickr.com/3497/3846231801_dc66dc3d32_b.jpg,by-sa,2.0,https://creativecommons.org/licenses/by-sa/2.0/,mountain waterfall,768,1024,576,768,49.054,211f7157d4fd286d4184190b0cf93c30c1579a32
1027.jpg,waterfall,1949d168-ad05-4dc5-a523-1f85e8cecb97,Floating Mountain & Waterfall area from Flight of Passage Queue,flickr,elisfkc,https://www.flickr.com/photos/127662106@N04/34554856362,https://live.staticflickr.com/4193/34554856362_931461878b_b.jpg,by-sa,2.0,https://creativecommons.org/licenses/by-sa/2.0/,mountain waterfall,768,1024,576,768,81.923,fb116d24c68e1bef435358f88b524a8a51cc1b2d
1028.jpg,waterfall,65341e4b-352d-4a3e-8fc8-70ef1c593d61,Mountain Waterfall,flickr,Intermountain Region US Forest Service,https://www.flickr.com/photos/107640324@N05/29927964871,https://live.staticflickr.com/8049/29927964871_4d67d399f4_b.jpg,pdm,1.0,https://creativecommons.org/publicdomain/mark/1.0/,mountain waterfall,683,1024,512,768,64.997,ef79cead2f6eee7737b67fa3b2714ce41937b688
1026.jpg,waterfall,1be40f4e-5039-42a2-9a08-0864f9eb36c7,"Flåmsbana - The Flam Railway, one of the steepest trainlines in the world through fantastic nature, steep mountains, waterfalls, and through 20 tunnels._",flickr,Jorge Lascar,https://www.flickr.com/photos/8721758@N06/31250218233,https://live.staticflickr.com/5611/31250218233_9b1a42012d_b.jpg,by,2.0,https://creativecommons.org/licenses/by/2.0/,mountain waterfall,1024,683,768,512,65.098,7a59092356fecd8f3a0567dce9ae2e0257926a79
1029.jpg,waterfall,7d06fb6b-87bf-4179-a236-95b73661f44f,Mountain Waterfall,flickr,Bods,https://www.flickr.com/photos/54741099@N00/270021523,https://live.staticflickr.com/114/270021523_1a32c01940_b.jpg,by-sa,2.0,https://creativecommons.org/licenses/by-sa/2.0/,mountain waterfall,768,1024,576,768,70.932,0fb15f0c27e0fda776b6f70ab901e792498b326d
1030.jpg,waterfall,807d2586-66ed-4b0e-8443-5a016dc9388f,Mountain Waterfall,flickr,Bods,https://www.flickr.com/photos/54741099@N00/248541604,https://live.staticflickr.com/96/248541604_c898399c23_b.jpg,by-sa,2.0,https://creativecommons.org/licenses/by-sa/2.0/,mountain waterfall,768,1024,576,768,56.874,658811683ce47f40fdef87bd0ab23280ec7e3d02
1031.jpg,waterfall,c7a6c0e7-1a8a-482c-afdf-e4a35501203a,Another Mountain Waterfall,flickr,Bods,https://www.flickr.com/photos/54741099@N00/269322014,https://live.staticflickr.com/91/269322014_1e1b032ce4_b.jpg,by-sa,2.0,https://creativecommons.org/licenses/by-sa/2.0/,mountain waterfall,768,1024,576,768,62.164,7ccd1aa52f060e92fb5e6589a011175f27c5241a
1032.jpg,waterfall,0ea36f2a-4144-49ed-9f2c-1422e1494592,Mountain Waterfall,flickr,Bods,https://www.flickr.com/photos/54741099@N00/269319367,https://live.staticflickr.com/81/269319367_269fa0fbc9_b.jpg,by-sa,2.0,https://creativecommons.org/licenses/by-sa/2.0/,mountain waterfall,768,1024,576,768,51.44,65f07413752a43c90c4bdb4d06a93d487703f192
1033.jpg,waterfall,a2470e2f-6f14-4b16-847a-de5d684fb16d,Mountain waterfall,flickr,Bods,https://www.flickr.com/photos/54741099@N00/2803042438,https://live.staticflickr.com/3249/2803042438_e2eb13f603_b.jpg,by-sa,2.0,https://creativecommons.org/licenses/by-sa/2.0/,mountain waterfall,768,1024,576,768,34.428,e8ccb7074f43b995323f5dc55c59b10b7d8a6ce1
1035.jpg,waterfall,fb5f5300-9bba-4c95-9587-2eaa63286e08,Beautiful Mountain Waterfall,flickr,misterstorey,https://www.flickr.com/photos/80682694@N05/7492888082,https://live.staticflickr.com/7253/7492888082_5b86869878_b.jpg,by,2.0,https://creativecommons.org/licenses/by/2.0/,mountain waterfall,1024,768,768,576,14.294,5993823210dca6e03c08864b79955bcaa11b2dfb
1034.jpg,waterfall,ad13367b-7cfd-4366-b080-c3ce19d06693,Stark Rocky Mountain Waterfall,flickr,nateeag,https://www.flickr.com/photos/27734890@N07/4744590187,https://live.staticflickr.com/4134/4744590187_d4a46f28e5_b.jpg,by,2.0,https://creativecommons.org/licenses/by/2.0/,mountain waterfall,768,1024,576,768,61.161,23dd9012bf054ee9e79fe73dfd9b40a724e44801
1037.jpg,waterfall,63212190-d8e2-4e5e-a2ae-352e5db9038d,mountain waterfall,flickr,marneejill,https://www.flickr.com/photos/7675787@N06/50051141528,https://live.staticflickr.com/65535/50051141528_11743f0dea_b.jpg,by-sa,2.0,https://creativecommons.org/licenses/by-sa/2.0/,mountain waterfall,732,1024,549,768,88.594,91194b37cfeee40aed287be13ffb49695aa3babb
1036.jpg,waterfall,b55a33fd-e82c-4b44-9220-4251f3d87cd3,"Mountain Waterfall, B.C.",flickr,minniemouseaunt,https://www.flickr.com/photos/43931507@N00/4757889065,https://live.staticflickr.com/4074/4757889065_a001b0ae19_b.jpg,by,2.0,https://creativecommons.org/licenses/by/2.0/,mountain waterfall,1024,982,768,737,71.245,f3ed6efdfa954e83a98c1171e5fae92dff45be74
1041.jpg,waterfall,a396bab7-aa56-4d91-8b6a-9486f56e6e3e,stone mountain waterfall,flickr,james.rintamaki,https://www.flickr.com/photos/16434424@N05/2288074365,https://live.staticflickr.com/2111/2288074365_aec2df223e_b.jpg,by-sa,2.0,https://creativecommons.org/licenses/by-sa/2.0/,mountain waterfall,1024,768,768,576,11.888,6fba82fa1c0f3779cadd6685d8489f1930dca596
1040.jpg,waterfall,f8c4cfd5-a1f0-4444-9d15-26afd44855cc,"Great Smoky Mountains, Waterfall Microcosim 2006",flickr,radioactv915,https://www.flickr.com/photos/99806738@N00/166055961,https://live.staticflickr.com/58/166055961_638bb9bc2e_b.jpg,by,2.0,https://creativecommons.org/licenses/by/2.0/,mountain waterfall,1024,768,768,576,54.869,e4a562faf12cb89bc770aba3655c204842a106f3
1043.jpg,waterfall,a112734a-8a65-4577-a659-df88da2c5c85,Sorry East Coast peeps 🌴 #Washington #state #PNW #forest #sunshine #days #explore #experience #appreciate #nature #vivid #hiking #backpacking #adventure #livewashington #lifeofadventure #mountain #waterfall #morning #light #phanstagram,flickr,Jametiks,https://www.flickr.com/photos/14247646@N00/15759597894,https://live.staticflickr.com/7291/15759597894_5dce19634d.jpg,by,2.0,https://creativecommons.org/licenses/by/2.0/,mountain waterfall,500,500,500,500,70.73,5c0dc19d66ce5b71cb578801c1e1ed1260af0553
1042.jpg,waterfall,22e024c3-d242-4859-a0f5-3c45b9790b27,"Rocky mountain waterfall, Telluride. 2",flickr,simonallardice,https://www.flickr.com/photos/98723527@N00/5969154374,https://live.staticflickr.com/6141/5969154374_c7abd66206_b.jpg,by,2.0,https://creativecommons.org/licenses/by/2.0/,mountain waterfall,768,1024,576,768,39.137,a2548b9e8ca97cb59ea7c50fc24027ecabb3143d
1044.jpg,waterfall,53d32722-1beb-4699-b1d9-155b61a40293,"Rocky mountain waterfall, Telluride.",flickr,simonallardice,https://www.flickr.com/photos/98723527@N00/5969121830,https://live.staticflickr.com/6010/5969121830_f615670626_b.jpg,by,2.0,https://creativecommons.org/licenses/by/2.0/,mountain waterfall,768,1024,576,768,39.072,f8430c057ab4504ec18da6db1799317f6efbc9cb
1045.jpg,waterfall,7e024984-873b-4ac6-ace7-fe237df71471,Mountain waterfall,flickr,Bods,https://www.flickr.com/photos/54741099@N00/1092106756,https://live.staticflickr.com/1201/1092106756_45c4296f22_b.jpg,by-sa,2.0,https://creativecommons.org/licenses/by-sa/2.0/,mountain waterfall,768,1024,576,768,79.761,24e366044f1cfca5cbe7791a9c010347d2077e2b
1046.jpg,waterfall,1979023d-1713-4db8-a48b-772447cc622b,Mountain Waterfall,flickr,nick.amoscato,https://www.flickr.com/photos/91374488@N07/35433571610,https://live.staticflickr.com/4212/35433571610_dc2017431b_b.jpg,by,2.0,https://creativecommons.org/licenses/by/2.0/,mountain waterfall,682,1023,512,768,65.329,47a64af58edfa10b68f920062fa663f838930901
1047.jpg,waterfall,e2bf6c4b-13fa-40bf-a249-e703efc9e850,Cold Mountain Waterfall,flickr,Cassi G,https://www.flickr.com/photos/38778886@N05/6060085057,https://live.staticflickr.com/6203/6060085057_f2f11467a3_b.jpg,by,2.0,https://creativecommons.org/licenses/by/2.0/,mountain waterfall,683,1024,512,768,63.493,bbaec249561f90f726545270944fca1a19a2a5af
1048.jpg,waterfall,77ded6a3-015f-41e3-84e2-7d753fa8b50e,Mountain Waterfall,stocksnap,Joe deSousa,https://stocksnap.io/photo/mountain-waterfall-ON8ZPWSOAI,https://cdn.stocksnap.io/img-thumbs/960w/ON8ZPWSOAI.jpg,cc0,1.0,https://creativecommons.org/publicdomain/zero/1.0/,mountain waterfall,960,641,768,513,51.8,fba013f5dc125f6c5ddf869f11470e5d22e3c4b9
1049.jpg,waterfall,5377642d-daa6-4ba1-a356-9e55c7d50c39,Mountain waterfall,flickr,pixelthing,https://www.flickr.com/photos/80424201@N00/4400925670,https://live.staticflickr.com/4036/4400925670_b68beafaf5_b.jpg,by-sa,2.0,https://creativecommons.org/licenses/by-sa/2.0/,mountain waterfall,680,1024,510,768,80.318,43ae178d567e3e731ec25ef1c739b1eabf03ce4d
1051.jpg,waterfall,9b4a3948-ad2e-4fa1-b83b-d016256ea97b,"Case Mountain Waterfall with X-Mas Wreath - Manchester, CT - Dec 11, 2010",flickr,morrowlong,https://www.flickr.com/photos/47117014@N02/5281174276,https://live.staticflickr.com/5245/5281174276_fe3fb4a9fa_b.jpg,by-sa,2.0,https://creativecommons.org/licenses/by-sa/2.0/,mountain waterfall,765,1024,574,768,50.397,9287177fd3aa63bc9d82fc58e4f9fdbf2c1915d3
1050.jpg,waterfall,225c0f64-da69-45f1-b5a7-16369e4943e2,Mountain Waterfall,flickr,daryl_mitchell,https://www.flickr.com/photos/49169223@N00/25735045904,https://live.staticflickr.com/1620/25735045904_9bb4526099_b.jpg,by-sa,2.0,https://creativecommons.org/licenses/by-sa/2.0/,mountain waterfall,1024,768,768,576,33.427,95a6cf76784c5a889d1a01f22e7f7da01aa8b8bd
1052.jpg,waterfall,84dadc8b-960c-40a7-8779-aed135ecfdab,"Case Mountain Waterfall with X-Mas Wreath - Manchester, CT - Dec 11, 2010",flickr,morrowlong,https://www.flickr.com/photos/47117014@N02/5281173598,https://live.staticflickr.com/5204/5281173598_76e9e2f6a6_b.jpg,by-sa,2.0,https://creativecommons.org/licenses/by-sa/2.0/,mountain waterfall,765,1024,574,768,50.484,23fb64980c1eb221e1d3deac669c9e71bd80d8da
1053.jpg,waterfall,ece72f25-beed-45e2-ae7b-438ff56b26e4,Blue Mountains Waterfall,flickr,helmi099,https://www.flickr.com/photos/80663670@N03/14296840021,https://live.staticflickr.com/5585/14296840021_b1652270f9_b.jpg,by-sa,2.0,https://creativecommons.org/licenses/by-sa/2.0/,mountain waterfall,683,1024,512,768,60.641,23d1596bde383ffd40da73a5f29fdd6e6f94f662
1054.jpg,waterfall,9abdfecc-e176-4abb-b8f9-0f62367383ba,"Case Mountain Waterfall with X-Mas wreath - Manchester, CT - Dec 11, 2010",flickr,morrowlong,https://www.flickr.com/photos/47117014@N02/5281173980,https://live.staticflickr.com/5246/5281173980_9bc7fdfc88_b.jpg,by-sa,2.0,https://creativecommons.org/licenses/by-sa/2.0/,mountain waterfall,765,1024,574,768,60.499,c17c21d6f14c93d01bd0db4fc8d24ecb56b4a5fd
1055.jpg,waterfall,3d986ede-26f5-4289-8fa0-4d9bfa947e17,"Case Mountain Waterfall with X-Mas Wreath - Manchester, CT - Dec 11, 2010",flickr,morrowlong,https://www.flickr.com/photos/47117014@N02/5281174702,https://live.staticflickr.com/5286/5281174702_65c524502b_b.jpg,by-sa,2.0,https://creativecommons.org/licenses/by-sa/2.0/,mountain waterfall,765,1024,574,768,60.966,6c97e7cb3fe3d648e0bb385d6593b92a8adbaed0
1056.jpg,waterfall,e0b4e7ef-b205-4232-b938-e94e56f7eff6,Mountain waterfall,flickr,christinejwarner,https://www.flickr.com/photos/9987846@N08/33352194373,https://live.staticflickr.com/2924/33352194373_ddb5b60ef3_b.jpg,by,2.0,https://creativecommons.org/licenses/by/2.0/,mountain waterfall,1024,768,768,576,61.929,54273abd35c27dcd921afe50c40d3a1b79161564
1057.jpg,waterfall,8ecf7d4c-da16-414d-b779-6f7b3a09b738,Simien Mountains Waterfall 10,flickr,CMoravec,https://www.flickr.com/photos/21822583@N08/28502914525,https://live.staticflickr.com/8509/28502914525_cd3d3c5a06_b.jpg,by,2.0,https://creativecommons.org/licenses/by/2.0/,mountain waterfall,1024,768,768,576,59.22,a42da0d393be75d974dc29f752fd8d8f71247111
1058.jpg,waterfall,4350c4d2-e9ae-4ab7-89c7-e628c78c00a5,Mountain Waterfall,flickr,AndreiRosca,https://www.flickr.com/photos/46267107@N00/3804326597,https://live.staticflickr.com/2433/3804326597_97c8474a7b_b.jpg,by,2.0,https://creativecommons.org/licenses/by/2.0/,mountain waterfall,791,1024,593,768,64.401,f05439624eaf16921925dc0e3d052c00a072d3b1
1059.jpg,waterfall,650dee9a-bff9-4788-a970-48c7220fe7a4,Mountain Waterfall,flickr,AndreiRosca,https://www.flickr.com/photos/46267107@N00/3804328239,https://live.staticflickr.com/3494/3804328239_1c718deed0_b.jpg,by,2.0,https://creativecommons.org/licenses/by/2.0/,mountain waterfall,1024,768,768,576,66.541,9b7b63dafc745a83504639e32c07718b61c1d4b7
1060.jpg,waterfall,0cab0ee6-2cb4-4aba-b84f-0a249485fd70,Simien Mountains Waterfall 3,flickr,CMoravec,https://www.flickr.com/photos/21822583@N08/28471035136,https://live.staticflickr.com/8828/28471035136_0bf145798a_b.jpg,by,2.0,https://creativecommons.org/licenses/by/2.0/,mountain waterfall,1024,768,768,576,45.092,7d94ae1790db32865a6684070bb8c3e7fbbb5bef
1061.jpg,waterfall,86eff31d-a903-479a-bd2a-80f44706f214,Simien Mountains Waterfall 2,flickr,CMoravec,https://www.flickr.com/photos/21822583@N08/27886337594,https://live.staticflickr.com/7528/27886337594_83d3fa4fff_b.jpg,by,2.0,https://creativecommons.org/licenses/by/2.0/,mountain waterfall,1024,768,768,576,48.592,90ff7b986dd2ab5159d799651148f23c61c8fff4
1062.jpg,waterfall,9796e8e0-6429-465b-bffb-e7c6b8f56089,White Tank Mountains - Waterfall Trail,flickr,Aaron Liston,https://www.flickr.com/photos/97191628@N08/33466290841,https://live.staticflickr.com/2928/33466290841_d2bccd09f1_b.jpg,by-sa,2.0,https://creativecommons.org/licenses/by-sa/2.0/,mountain waterfall,1024,768,768,576,14.461,e348e7d81663d5ce17add077a1baa9f6dad47304
1063.jpg,waterfall,b34fb582-2c01-46df-814b-61d93be757a4,Simien Mountains Waterfall 1,flickr,CMoravec,https://www.flickr.com/photos/21822583@N08/28471035956,https://live.staticflickr.com/7770/28471035956_1f45a0a618_b.jpg,by,2.0,https://creativecommons.org/licenses/by/2.0/,mountain waterfall,768,1024,576,768,49.838,6e39243c8bd0b3349ae94fb2b1f06b68345c7e5a
1064.jpg,waterfall,b5cfa498-0b36-423f-a741-82e9f4b2267e,White Tank Mountains - Waterfall Trail,flickr,Aaron Liston,https://www.flickr.com/photos/97191628@N08/33595107665,https://live.staticflickr.com/3933/33595107665_16ed0cf930_b.jpg,by-sa,2.0,https://creativecommons.org/licenses/by-sa/2.0/,mountain waterfall,1024,768,768,576,11.881,5f3169a7ab54074157833e09672716b434658b42
1065.jpg,waterfall,314ab407-51a6-43f2-99c8-a30c43e9b4c0,White Tank Mountains - Waterfall Trail,flickr,Aaron Liston,https://www.flickr.com/photos/97191628@N08/33595081785,https://live.staticflickr.com/3829/33595081785_b481d9e811_b.jpg,by-sa,2.0,https://creativecommons.org/licenses/by-sa/2.0/,mountain waterfall,1024,768,768,576,30.454,bbbc88bcf8c031ea1d7f42004c819c210446ec14
1066.jpg,waterfall,24cf66b2-405f-46d3-bd18-d57295282fa9,White Tank Mountains - Waterfall Trail,flickr,Aaron Liston,https://www.flickr.com/photos/97191628@N08/33554784556,https://live.staticflickr.com/2949/33554784556_b94e31acb6_b.jpg,by-sa,2.0,https://creativecommons.org/licenses/by-sa/2.0/,mountain waterfall,1024,768,768,576,15.67,d9290d1744552edec87b67c6bc085447a7b1f814
1067.jpg,waterfall,c068726f-d62a-40b8-b59c-762bd8d47766,White Tank Mountains - Waterfall Trail,flickr,Aaron Liston,https://www.flickr.com/photos/97191628@N08/32752596194,https://live.staticflickr.com/3848/32752596194_ba380a603a_b.jpg,by-sa,2.0,https://creativecommons.org/licenses/by-sa/2.0/,mountain waterfall,1024,768,768,576,12.971,bc0d73617cbe620164aa0c85564172610c2481f2
1069.jpg,waterfall,398a8a1f-56a6-4abb-b641-e3dccb7fe8e3,White Tank Mountains - Waterfall Trail,flickr,Aaron Liston,https://www.flickr.com/photos/97191628@N08/32752550274,https://live.staticflickr.com/2872/32752550274_3931829baf_b.jpg,by-sa,2.0,https://creativecommons.org/licenses/by-sa/2.0/,mountain waterfall,1024,768,768,576,12.912,6d5cd9e3d1d51909f3b70666689e329577fd860f
1068.jpg,waterfall,74b9738c-1726-47af-94a8-3f3edbfcbea4,White Tank Mountains - Waterfall Trail,flickr,Aaron Liston,https://www.flickr.com/photos/97191628@N08/32781327203,https://live.staticflickr.com/2912/32781327203_f25e9d74ec_b.jpg,by-sa,2.0,https://creativecommons.org/licenses/by-sa/2.0/,mountain waterfall,1024,768,768,576,74.978,8fb4d401348f9853942bf77e0c1d731ccccf0e83
1070.jpg,waterfall,8647a466-5b0c-485d-a089-3138aacc0ee6,Simien Mountains Waterfall 12,flickr,CMoravec,https://www.flickr.com/photos/21822583@N08/28471027416,https://live.staticflickr.com/8885/28471027416_857551d8d4_b.jpg,by,2.0,https://creativecommons.org/licenses/by/2.0/,mountain waterfall,768,1024,576,768,43.24,fad1188b3cc37fbc08393a553ddc80f77a79433e
1071.jpg,waterfall,769fbeff-7263-48c9-b256-f9d6ef8c0c63,White Tank Mountains - Waterfall Trail,flickr,Aaron Liston,https://www.flickr.com/photos/97191628@N08/33439039222,https://live.staticflickr.com/3952/33439039222_2c498fedc2_b.jpg,by-sa,2.0,https://creativecommons.org/licenses/by-sa/2.0/,mountain waterfall,1024,768,768,576,57.566,3aa1cdaae391ac8f2bc9144d91a456ddca2dfe72
1073.jpg,waterfall,68da6bec-b464-4800-9140-b64a61a9e3d6,Blue Mountain Waterfall,flickr,live_free_or_die_77,https://www.flickr.com/photos/11988491@N06/8958091198,https://live.staticflickr.com/5457/8958091198_db8b3762c5_b.jpg,by,2.0,https://creativecommons.org/licenses/by/2.0/,mountain waterfall,1023,825,768,619,60.88,5e7739faa98e9ac03fd8b9293e31943cc33f4e9d
1072.jpg,waterfall,5717d83e-746b-4d74-a7f1-3f721a014872,White Tank Mountains - Waterfall Trail,flickr,Aaron Liston,https://www.flickr.com/photos/97191628@N08/32781331853,https://live.staticflickr.com/3754/32781331853_e8a6339494_b.jpg,by-sa,2.0,https://creativecommons.org/licenses/by-sa/2.0/,mountain waterfall,1024,768,768,576,18.984,2806b4f254c96e7a271fa243dabdfee5d01529d5
1075.jpg,waterfall,0c8807ff-95c0-4ead-bae0-65c3b4e29ae3,Simien Mountains Waterfall 5,flickr,CMoravec,https://www.flickr.com/photos/21822583@N08/27886333964,https://live.staticflickr.com/8651/27886333964_122346b112_b.jpg,by,2.0,https://creativecommons.org/licenses/by/2.0/,mountain waterfall,1024,768,768,576,40.91,056ab5f9dc16ee6afb9e45ac8748838785c2183a
1074.jpg,waterfall,451624d4-f5c8-4d77-b346-4c6d1336eb07,White Tank Mountains - Waterfall Trail,flickr,Aaron Liston,https://www.flickr.com/photos/97191628@N08/33438697472,https://live.staticflickr.com/2893/33438697472_e81755d958_b.jpg,by-sa,2.0,https://creativecommons.org/licenses/by-sa/2.0/,mountain waterfall,1024,768,768,576,78.829,404ebe53fb2ffa33613fccf352f7dcfe5834bd7c
1076.jpg,waterfall,83fb499f-8dd6-41e9-8962-9b689d80eb18,White Tank Mountains - Waterfall Trail,flickr,Aaron Liston,https://www.flickr.com/photos/97191628@N08/33466299401,https://live.staticflickr.com/2848/33466299401_4e8f4931c0_b.jpg,by-sa,2.0,https://creativecommons.org/licenses/by-sa/2.0/,mountain waterfall,1024,768,768,576,13.959,27c3f560d8f25ea5a131de29550e772f0df618b1
1077.jpg,waterfall,874c9450-f572-458b-b04f-64cad6dfa56d,Simien Mountains Waterfall 11,flickr,CMoravec,https://www.flickr.com/photos/21822583@N08/28502912635,https://live.staticflickr.com/8136/28502912635_e426b19001_b.jpg,by,2.0,https://creativecommons.org/licenses/by/2.0/,mountain waterfall,1024,768,768,576,44.623,36bba0cacec04c246c5749c822e0b41b233a857a
1078.jpg,waterfall,fa6f6474-7339-4823-b884-c286223b255a,White Tank Mountains - Waterfall Trail,flickr,Aaron Liston,https://www.flickr.com/photos/97191628@N08/33554890826,https://live.staticflickr.com/2936/33554890826_a0f8f0f2c3_b.jpg,by-sa,2.0,https://creativecommons.org/licenses/by-sa/2.0/,mountain waterfall,1024,768,768,576,74.427,5b6dbc4a1a16cb67bdd14aae07246918e6e6cf4c
1079.jpg,waterfall,5539b83e-0c8d-4099-ac45-bd4757ccd465,Simien Mountains Waterfall 4,flickr,CMoravec,https://www.flickr.com/photos/21822583@N08/28502922625,https://live.staticflickr.com/8833/28502922625_13f1340571_b.jpg,by,2.0,https://creativecommons.org/licenses/by/2.0/,mountain waterfall,768,1024,576,768,50.432,b6b0337f5b94a977c5c7e7d811c2f9460a5dda0a
1080.jpg,waterfall,16c0fe62-566a-4c93-9efd-89496dab4cf8,Simien Mountains Waterfall 8,flickr,CMoravec,https://www.flickr.com/photos/21822583@N08/28502917095,https://live.staticflickr.com/8823/28502917095_7dd8cabd47_b.jpg,by,2.0,https://creativecommons.org/licenses/by/2.0/,mountain waterfall,1024,768,768,576,45.776,7a08d0b612a8c37d36cec4c331d0b0d9ae05b301
1081.jpg,waterfall,6441d8a9-ea57-4420-a00e-13d2cff165fd,LP--smoky-mountains-waterfall-fun,flickr,louisepython,https://www.flickr.com/photos/128134424@N04/15854142362,https://live.staticflickr.com/7569/15854142362_27809a5d99_b.jpg,by,2.0,https://creativecommons.org/licenses/by/2.0/,mountain waterfall,674,931,556,768,66.46,190f7efb26997a68352f6a170ea77cfa1c88aed5
1082.jpg,waterfall,dbdad28d-4dd2-4957-b533-0054ecab9db4,White Tank Mountains - Waterfall Trail,flickr,Aaron Liston,https://www.flickr.com/photos/97191628@N08/33554764806,https://live.staticflickr.com/3846/33554764806_3b95e0e90c_b.jpg,by-sa,2.0,https://creativecommons.org/licenses/by-sa/2.0/,mountain waterfall,1024,768,768,576,19.366,8b6a77f8588783762b6ce7f92270405760857af4
1083.jpg,waterfall,124ee5f9-a2d1-4aed-add0-18b56a120380,Blue Mountains waterfalls,flickr,V. S. Krasavtsev,https://www.flickr.com/photos/161055370@N04/31012803837,https://live.staticflickr.com/4890/31012803837_6702402821_b.jpg,by-sa,2.0,https://creativecommons.org/licenses/by-sa/2.0/,mountain waterfall,768,1024,576,768,52.649,5a48e19982490e57031b691d06e6034d23f56d57
1084.jpg,waterfall,33c45bff-3e62-4b89-a8e0-4fad966660db,mountain waterfall,flickr,alifayre,https://www.flickr.com/photos/36637429@N07/3614102517,https://live.staticflickr.com/3403/3614102517_8f7158f996_b.jpg,by,2.0,https://creativecommons.org/licenses/by/2.0/,mountain waterfall,1024,683,768,512,32.061,a99076d1ba1565804dffabd48a6412d36622bd26
1085.jpg,waterfall,c15f2c85-c87e-4970-8ccd-42d25b59bb8f,White Tank Mountains - Waterfall Trail,flickr,Aaron Liston,https://www.flickr.com/photos/97191628@N08/32753538664,https://live.staticflickr.com/2853/32753538664_41340046a9_b.jpg,by-sa,2.0,https://creativecommons.org/licenses/by-sa/2.0/,mountain waterfall,1024,768,768,576,72.915,f6f9b14623de094a068d12e5771ff0c7ea5e54b5
1086.jpg,waterfall,1177e484-1b0c-4ae2-b8bc-bb1d9cbdad26,White Tank Mountains - Waterfall Trail,flickr,Aaron Liston,https://www.flickr.com/photos/97191628@N08/33554777806,https://live.staticflickr.com/2877/33554777806_5a1b5e349a_b.jpg,by-sa,2.0,https://creativecommons.org/licenses/by-sa/2.0/,mountain waterfall,1024,768,768,576,18.088,c75cb1e9a22d784cd7ebfa48c4a9eb30e20d2c45
1087.jpg,waterfall,9d0a10e1-ccdd-4839-811b-f54b4355df5e,White Tank Mountains - Waterfall Trail,flickr,Aaron Liston,https://www.flickr.com/photos/97191628@N08/33212204020,https://live.staticflickr.com/3753/33212204020_f010c32b6a_b.jpg,by-sa,2.0,https://creativecommons.org/licenses/by-sa/2.0/,mountain waterfall,1024,768,768,576,46.666,d1ad4958631e9311d49153586f3bcc3217132844
1088.jpg,waterfall,02e8cb36-3f66-4069-918d-485a8e789538,White Tank Mountains - Waterfall Trail,flickr,Aaron Liston,https://www.flickr.com/photos/97191628@N08/32753280774,https://live.staticflickr.com/3856/32753280774_f95acf8198_b.jpg,by-sa,2.0,https://creativecommons.org/licenses/by-sa/2.0/,mountain waterfall,1024,768,768,576,70.617,f5b4291a1a69c29be1456269af74e05e11920425
1089.jpg,waterfall,797e53ae-3a21-4911-8283-d9fc34613ef4,Simien Mountains Waterfall 7,flickr,CMoravec,https://www.flickr.com/photos/21822583@N08/28397829212,https://live.staticflickr.com/8076/28397829212_c84b93c10b_b.jpg,by,2.0,https://creativecommons.org/licenses/by/2.0/,mountain waterfall,1024,768,768,576,53.684,22b7ff9330998b0ea06289b01e07fa3e8f9f29bb
1091.jpg,waterfall,29b6cad8-539d-4cfc-ba30-86f663cc9e07,White Tank Mountains - Waterfall Trail,flickr,Aaron Liston,https://www.flickr.com/photos/97191628@N08/32752410794,https://live.staticflickr.com/2819/32752410794_d5d4126e62_b.jpg,by-sa,2.0,https://creativecommons.org/licenses/by-sa/2.0/,mountain waterfall,1024,768,768,576,53.113,ba2341f07dfa5390ddb2902e3dc8ad13ab95ae6a
1090.jpg,waterfall,63ef7365-b14a-4386-8376-77ae952ca547,White Tank Mountains - Waterfall Trail,flickr,Aaron Liston,https://www.flickr.com/photos/97191628@N08/32781363853,https://live.staticflickr.com/2822/32781363853_994a3ba560_b.jpg,by-sa,2.0,https://creativecommons.org/licenses/by-sa/2.0/,mountain waterfall,1024,768,768,576,44.654,2e5dfa40c1f9194efb759026218b2b5eedb60c88
1092.jpg,waterfall,3b3f325f-c419-4d7b-8a5a-3c796ed6abc7,White Tank Mountains - Waterfall Trail,flickr,Aaron Liston,https://www.flickr.com/photos/97191628@N08/32752601824,https://live.staticflickr.com/3817/32752601824_5baa99ea4d_b.jpg,by-sa,2.0,https://creativecommons.org/licenses/by-sa/2.0/,mountain waterfall,768,1024,576,768,79.976,7289512abe228ef4aa0760dd5b11f5a661e0aab7
1093.jpg,waterfall,f108d7a8-6d85-4f64-9719-5957d8cada3a,White Tank Mountains - Waterfall Trail,flickr,Aaron Liston,https://www.flickr.com/photos/97191628@N08/33554739886,https://live.staticflickr.com/2829/33554739886_65bce61299_b.jpg,by-sa,2.0,https://creativecommons.org/licenses/by-sa/2.0/,mountain waterfall,768,1024,576,768,15.235,8bd56137e15364ccd918c61df8719b68c9fb490b
1094.jpg,waterfall,7bd5c5f1-5f53-4835-91e0-75f72f9f4a85,White Tank Mountains - Waterfall Trail,flickr,Aaron Liston,https://www.flickr.com/photos/97191628@N08/33595085735,https://live.staticflickr.com/2808/33595085735_d92486233d_b.jpg,by-sa,2.0,https://creativecommons.org/licenses/by-sa/2.0/,mountain waterfall,1024,768,768,576,55.79,e510e25f20ccf8158eee2b8f7ebbf603c5125ea7
1095.jpg,waterfall,8d993050-9c36-41ad-a16b-41052f28d779,White Tank Mountains - Waterfall Trail,flickr,Aaron Liston,https://www.flickr.com/photos/97191628@N08/32752619844,https://live.staticflickr.com/2906/32752619844_edf95c2e91_b.jpg,by-sa,2.0,https://creativecommons.org/licenses/by-sa/2.0/,mountain waterfall,1024,768,768,576,59.022,6d9c889a34f1da7dc35cbb663cc3663668e53c49
1096.jpg,waterfall,3b0023d7-67f3-48d2-93e8-6d629a3d1355,White Tank Mountains - Waterfall Trail,flickr,Aaron Liston,https://www.flickr.com/photos/97191628@N08/32752533224,https://live.staticflickr.com/3944/32752533224_38b7f4d25f_b.jpg,by-sa,2.0,https://creativecommons.org/licenses/by-sa/2.0/,mountain waterfall,1024,768,768,576,62.265,eb3f1e414baf55f861195657973ceb685e047903
1097.jpg,waterfall,d440e58a-0e5d-4160-bfe7-d7b52248e9b4,White Tank Mountains - Waterfall Trail,flickr,Aaron Liston,https://www.flickr.com/photos/97191628@N08/32781351083,https://live.staticflickr.com/3736/32781351083_f1f07b32f7_b.jpg,by-sa,2.0,https://creativecommons.org/licenses/by-sa/2.0/,mountain waterfall,768,1024,576,768,82.807,b28b78e7c22318cd0c77999afeda1e1e7d011da6
1098.jpg,waterfall,6f6ba2ef-ef90-4434-af55-b8d4e64080dc,White Tank Mountains - Waterfall Trail,flickr,Aaron Liston,https://www.flickr.com/photos/97191628@N08/33438661032,https://live.staticflickr.com/3955/33438661032_6e4e75a868_b.jpg,by-sa,2.0,https://creativecommons.org/licenses/by-sa/2.0/,mountain waterfall,1024,768,768,576,84.548,713463fc097a7b1a32e2a6d3e1830b4499698824
1099.jpg,waterfall,966c10f2-a7a7-406c-ada9-6ee2b5f26f2c,White Tank Mountains - Waterfall Trail,flickr,Aaron Liston,https://www.flickr.com/photos/97191628@N08/32781346413,https://live.staticflickr.com/2866/32781346413_fba6fc6373_b.jpg,by-sa,2.0,https://creativecommons.org/licenses/by-sa/2.0/,mountain waterfall,1024,768,768,576,45.423,366058145e74204bc8d5462224509e86fadd825a
1100.jpg,waterfall,e1a72a85-52fc-4d3f-aa6c-d848bd26e2e4,White Tank Mountains - Waterfall Trail,flickr,Aaron Liston,https://www.flickr.com/photos/97191628@N08/33212084760,https://live.staticflickr.com/3934/33212084760_077679fdbf_b.jpg,by-sa,2.0,https://creativecommons.org/licenses/by-sa/2.0/,mountain waterfall,1024,768,768,576,21.366,f75c714a659317ec173a6ea33673670cc922c921
1101.jpg,waterfall,683f0e76-ceaf-4d84-bc6d-72b8bc16d3b6,Simien Mountains Waterfall 6,flickr,CMoravec,https://www.flickr.com/photos/21822583@N08/28502920465,https://live.staticflickr.com/8668/28502920465_b6c9e5010a_b.jpg,by,2.0,https://creativecommons.org/licenses/by/2.0/,mountain waterfall,1024,768,768,576,38.267,f5cd639d99ca6b5cbb5999ffe678919c7d0c31c4
1102.jpg,waterfall,1d4c85fd-9502-4a37-b33d-e960bdb9846d,Mountain Waterfall,stocksnap,Ezra Jeffrey,https://stocksnap.io/photo/mountain-waterfall-85V84SS7HF,https://cdn.stocksnap.io/img-thumbs/960w/85V84SS7HF.jpg,cc0,1.0,https://creativecommons.org/publicdomain/zero/1.0/,mountain waterfall,960,1445,510,768,74.532,054d229935a08fff8c01e16f33a78ff2eb72fa01
1103.jpg,waterfall,620f2771-4f33-4808-9317-bcfa698fd284,White Tank Mountains - Waterfall Trail,flickr,Aaron Liston,https://www.flickr.com/photos/97191628@N08/33554733056,https://live.staticflickr.com/2856/33554733056_eaac12c747_b.jpg,by-sa,2.0,https://creativecommons.org/licenses/by-sa/2.0/,mountain waterfall,768,1024,576,768,84.891,28c959d8b3868b4ed30c98bf4cc76d3b13260086
1104.jpg,waterfall,2bc8d74d-5e3e-4951-aec3-61e83582ba2f,White Tank Mountains - Waterfall Trail,flickr,Aaron Liston,https://www.flickr.com/photos/97191628@N08/32781360393,https://live.staticflickr.com/3671/32781360393_2f3b5c22a1_b.jpg,by-sa,2.0,https://creativecommons.org/licenses/by-sa/2.0/,mountain waterfall,1024,768,768,576,41.512,6096f2c3943e6cdc1f3441742318609a4e5ac218
1105.jpg,waterfall,9d9b3689-8cbb-44ac-a6fa-af89c93f74e7,White Tank Mountains - Waterfall Trail,flickr,Aaron Liston,https://www.flickr.com/photos/97191628@N08/32781421583,https://live.staticflickr.com/2948/32781421583_c972d3c36d_b.jpg,by-sa,2.0,https://creativecommons.org/licenses/by-sa/2.0/,mountain waterfall,1024,768,768,576,17.104,201fcdac4ee6d905cab58967ca08c1645c59cf5b
1106.jpg,waterfall,160cc8b5-2404-42e9-b1b9-3eefd7b8c943,White Tank Mountains - Waterfall Trail,flickr,Aaron Liston,https://www.flickr.com/photos/97191628@N08/33438675282,https://live.staticflickr.com/3947/33438675282_1c47598a12_b.jpg,by-sa,2.0,https://creativecommons.org/licenses/by-sa/2.0/,mountain waterfall,1024,768,768,576,14.836,1df5e76c3d655d70f84b4bb725414392105de9f7
1107.jpg,waterfall,036b3c4f-dd88-4518-b6b6-6c916af2b683,White Tank Mountains - Waterfall Trail,flickr,Aaron Liston,https://www.flickr.com/photos/97191628@N08/33595126795,https://live.staticflickr.com/2875/33595126795_382944722e_b.jpg,by-sa,2.0,https://creativecommons.org/licenses/by-sa/2.0/,mountain waterfall,1024,768,768,576,68.023,f8eaa97300b0279a85a0b5715169201a8da3acc1
1108.jpg,waterfall,b558344d-dd67-4151-8f12-8e0c655b8eda,White Tank Mountains - Waterfall Trail,flickr,Aaron Liston,https://www.flickr.com/photos/97191628@N08/33595100665,https://live.staticflickr.com/3810/33595100665_97c94ea1e6_b.jpg,by-sa,2.0,https://creativecommons.org/licenses/by-sa/2.0/,mountain waterfall,1024,768,768,576,75.312,05f286a1735d62b1bd9c7b5c6d6e9749ab9d5e49
1111.jpg,waterfall,54acd596-72a1-4fb4-aed5-b25146d16b39,White Tank Mountains - Waterfall Trail,flickr,Aaron Liston,https://www.flickr.com/photos/97191628@N08/33595103365,https://live.staticflickr.com/3781/33595103365_f93be77e80_b.jpg,by-sa,2.0,https://creativecommons.org/licenses/by-sa/2.0/,mountain waterfall,1024,768,768,576,14.365,d1f4d7ca2ebcf8c75fbcfaa2b0c0ba1222eabe70
1110.jpg,waterfall,ae50f435-f2b9-49d0-9a59-7a09970a0d76,White Tank Mountains - Waterfall Trail,flickr,Aaron Liston,https://www.flickr.com/photos/97191628@N08/32752659254,https://live.staticflickr.com/3927/32752659254_4e53fcb10c_b.jpg,by-sa,2.0,https://creativecommons.org/licenses/by-sa/2.0/,mountain waterfall,1024,768,768,576,32.653,5559484968af74e19af7b28773633a192e1d36c7
1109.jpg,waterfall,3e3d10db-5c38-45c3-b1d4-dfe4a254ead2,White Tank Mountains - Waterfall Trail,flickr,Aaron Liston,https://www.flickr.com/photos/97191628@N08/33555515756,https://live.staticflickr.com/2933/33555515756_58a3497ed6_b.jpg,by-sa,2.0,https://creativecommons.org/licenses/by-sa/2.0/,mountain waterfall,1024,768,768,576,88.283,1fa05f17e782401e1be27acaa63a2a234d706906
1112.jpg,waterfall,2abbde5c-57b5-40c6-803c-4cd383b2ca02,White Tank Mountains - Waterfall Trail,flickr,Aaron Liston,https://www.flickr.com/photos/97191628@N08/33466764031,https://live.staticflickr.com/2897/33466764031_61fbb4db63_b.jpg,by-sa,2.0,https://creativecommons.org/licenses/by-sa/2.0/,mountain waterfall,1024,768,768,576,19.436,87fdfbb50044694d4c7aab232900b675b86568a1
1113.jpg,waterfall,35f9ddd4-8d3a-4a30-8f03-26c2b48497e1,White Tank Mountains - Waterfall Trail,flickr,Aaron Liston,https://www.flickr.com/photos/97191628@N08/32781431013,https://live.staticflickr.com/2870/32781431013_64c1c0a06c_b.jpg,by-sa,2.0,https://creativecommons.org/licenses/by-sa/2.0/,mountain waterfall,1024,768,768,576,65.028,533e775413d9089871ea04cd41e280cfb8ca7cab
1114.jpg,waterfall,c02c7264-9220-410e-84bb-0ec0d7666c6c,White Tank Mountains - Waterfall Trail,flickr,Aaron Liston,https://www.flickr.com/photos/97191628@N08/33595152065,https://live.staticflickr.com/3937/33595152065_fedf1219c6_b.jpg,by-sa,2.0,https://creativecommons.org/licenses/by-sa/2.0/,mountain waterfall,1024,768,768,576,27.902,519bc58ffef90120497747bab110f4c17a2c6ba5
1115.jpg,waterfall,dc68deff-99bc-4817-9a7c-f6341bd67037,White Tank Mountains - Waterfall Trail,flickr,Aaron Liston,https://www.flickr.com/photos/97191628@N08/33595123025,https://live.staticflickr.com/3954/33595123025_8a72109ce9_b.jpg,by-sa,2.0,https://creativecommons.org/licenses/by-sa/2.0/,mountain waterfall,768,1024,576,768,77.28,77a5a39c83270e3c5d61bbe0b2d4013ab8e810d5
1116.jpg,waterfall,2e140d22-301b-4202-b3d1-ccd4affc6677,White Tank Mountains - Waterfall Trail,flickr,Aaron Liston,https://www.flickr.com/photos/97191628@N08/33595138095,https://live.staticflickr.com/2844/33595138095_5c4cafd9f5_b.jpg,by-sa,2.0,https://creativecommons.org/licenses/by-sa/2.0/,mountain waterfall,1024,768,768,576,79.344,745b7981a975014043d3bcd269e0828d0fc50a7e
1117.jpg,waterfall,ffcf6ff6-a384-48d0-b4f0-0861763c9ddc,White Tank Mountains - Waterfall Trail,flickr,Aaron Liston,https://www.flickr.com/photos/97191628@N08/33595136115,https://live.staticflickr.com/2910/33595136115_5676e07b3a_b.jpg,by-sa,2.0,https://creativecommons.org/licenses/by-sa/2.0/,mountain waterfall,1024,768,768,576,82.393,ea6fd4cfb1f4e1ec052b4f2548c9a92a653f39cb
1118.jpg,waterfall,623b05b6-a5e7-4b91-a889-a45a8a2da226,White Tank Mountains - Waterfall Trail,flickr,Aaron Liston,https://www.flickr.com/photos/97191628@N08/33595146635,https://live.staticflickr.com/3945/33595146635_68ba518842_b.jpg,by-sa,2.0,https://creativecommons.org/licenses/by-sa/2.0/,mountain waterfall,1024,768,768,576,84.848,68f6cd24867014784c71ef30c78475368c4e8510
1120.jpg,waterfall,0c8efa3a-2eb6-482e-9115-0799c5bfb875,White Tank Mountains - Waterfall Trail,flickr,Aaron Liston,https://www.flickr.com/photos/97191628@N08/33595174045,https://live.staticflickr.com/2837/33595174045_2790dab73b_b.jpg,by-sa,2.0,https://creativecommons.org/licenses/by-sa/2.0/,mountain waterfall,1024,768,768,576,49.289,3b865764f076b92a3515283391c65650d01122b1
1119.jpg,waterfall,e67a0ec4-13d7-49b5-b197-c59e62eac503,White Tank Mountains - Waterfall Trail,flickr,Aaron Liston,https://www.flickr.com/photos/97191628@N08/33595131005,https://live.staticflickr.com/3839/33595131005_0bbbc21ac0_b.jpg,by-sa,2.0,https://creativecommons.org/licenses/by-sa/2.0/,mountain waterfall,1024,768,768,576,68.055,ae2d2c5eb3dd3d8552e48c7f6c6f732619cf4aae
1121.jpg,waterfall,1fd836e0-1d98-416b-856e-97fe71ce98bd,White Tank Mountains - Waterfall Trail,flickr,Aaron Liston,https://www.flickr.com/photos/97191628@N08/32752667884,https://live.staticflickr.com/2950/32752667884_0fd2eefa6b_b.jpg,by-sa,2.0,https://creativecommons.org/licenses/by-sa/2.0/,mountain waterfall,1024,768,768,576,21.521,47239bfe48fe3f86401948e8b18eecfb04ce4222
1122.jpg,waterfall,460b1b1a-3ca3-466c-908e-073ed946c72c,White Tank Mountains - Waterfall Trail,flickr,Aaron Liston,https://www.flickr.com/photos/97191628@N08/33212182020,https://live.staticflickr.com/3854/33212182020_be01c2455c_b.jpg,by-sa,2.0,https://creativecommons.org/licenses/by-sa/2.0/,mountain waterfall,1024,768,768,576,37.469,6248d25a5306c09e4ef778460543331837e713d1
1123.jpg,waterfall,65a9059f-1a7c-4591-bbba-2a66f102f74d,White Tank Mountains - Waterfall Trail,flickr,Aaron Liston,https://www.flickr.com/photos/97191628@N08/33212191290,https://live.staticflickr.com/3669/33212191290_0fabb55337_b.jpg,by-sa,2.0,https://creativecommons.org/licenses/by-sa/2.0/,mountain waterfall,1024,768,768,576,72.178,bfeb1668830692218a8171b0ebd201b62ba7f1d3
1124.jpg,waterfall,d73fff05-60cf-4e13-b345-4244b5554b2c,White Tank Mountains - Waterfall Trail,flickr,Aaron Liston,https://www.flickr.com/photos/97191628@N08/33595359025,https://live.staticflickr.com/2816/33595359025_472441b630_b.jpg,by-sa,2.0,https://creativecommons.org/licenses/by-sa/2.0/,mountain waterfall,1024,768,768,576,21.668,8ad46bb6b0ad9bd701a24831ad3c697b9c4efe3d
1126.jpg,waterfall,b8821c2b-7838-47d3-bc46-bf6e32c07587,White Tank Mountains - Waterfall Trail,flickr,Aaron Liston,https://www.flickr.com/photos/97191628@N08/33466767451,https://live.staticflickr.com/2821/33466767451_4deede7b7d_b.jpg,by-sa,2.0,https://creativecommons.org/licenses/by-sa/2.0/,mountain waterfall,1024,768,768,576,22.115,bdb57e8893eab744da78a2f5d416624e1434793b
1125.jpg,waterfall,ec0d240e-2b45-466c-9c63-be8a979e45fc,White Tank Mountains - Waterfall Trail,flickr,Aaron Liston,https://www.flickr.com/photos/97191628@N08/32781417413,https://live.staticflickr.com/3692/32781417413_f1d6ec0afd_b.jpg,by-sa,2.0,https://creativecommons.org/licenses/by-sa/2.0/,mountain waterfall,1024,768,768,576,16.357,a97b709dcec5416306c025071a00e6f1fd4bde7f
1127.jpg,waterfall,367a78b7-cacb-4c17-a83a-94bd1e4f1c00,White Tank Mountains - Waterfall Trail,flickr,Aaron Liston,https://www.flickr.com/photos/97191628@N08/32753611294,https://live.staticflickr.com/2868/32753611294_c46c259f64_b.jpg,by-sa,2.0,https://creativecommons.org/licenses/by-sa/2.0/,mountain waterfall,1024,768,768,576,23.039,b4a4c416fc108c3e24d341841cea8c0710ec4ecf
1128.jpg,waterfall,cced928d-74d6-4a83-bb91-b8cb0a34e47b,White Tank Mountains - Waterfall Trail,flickr,Aaron Liston,https://www.flickr.com/photos/97191628@N08/33439847822,https://live.staticflickr.com/2897/33439847822_78e2207284_b.jpg,by-sa,2.0,https://creativecommons.org/licenses/by-sa/2.0/,mountain waterfall,1024,768,768,576,43.444,94f795c7f0997a8fef0031fd6e9d31c3bd1d3140
1131.jpg,waterfall,056b6e6e-bdf1-44f3-8222-f9ebec59c677,White Tank Mountains - Waterfall Trail,flickr,Aaron Liston,https://www.flickr.com/photos/97191628@N08/33595307855,https://live.staticflickr.com/2831/33595307855_6e8c4b66c9_b.jpg,by-sa,2.0,https://creativecommons.org/licenses/by-sa/2.0/,mountain waterfall,1024,768,768,576,37.333,ae75340a759e4afa572ef63c7bc8d1c681521b38
1129.jpg,waterfall,3680e678-a486-4001-b349-0759bc7bd2fe,White Tank Mountains - Waterfall Trail,flickr,Aaron Liston,https://www.flickr.com/photos/97191628@N08/32782203003,https://live.staticflickr.com/2939/32782203003_390b434f14_b.jpg,by-sa,2.0,https://creativecommons.org/licenses/by-sa/2.0/,mountain waterfall,1024,768,768,576,19.92,4e37a8539480e538a7423ff40e9af302c25433ee
1132.jpg,waterfall,c9556b6f-a467-4f80-9782-36be8e930e3d,White Tank Mountains - Waterfall Trail,flickr,Aaron Liston,https://www.flickr.com/photos/97191628@N08/32752807594,https://live.staticflickr.com/2838/32752807594_25b9c4970e_b.jpg,by-sa,2.0,https://creativecommons.org/licenses/by-sa/2.0/,mountain waterfall,1024,768,768,576,17.19,c34dfce655b1c3522f1e296df4aaba1ed7a3b2c8
1130.jpg,waterfall,4adbb0db-ed7d-4e99-9a79-f0db1a3afde9,White Tank Mountains - Waterfall Trail,flickr,Aaron Liston,https://www.flickr.com/photos/97191628@N08/33212557910,https://live.staticflickr.com/2883/33212557910_b776ba599c_b.jpg,by-sa,2.0,https://creativecommons.org/licenses/by-sa/2.0/,mountain waterfall,1024,768,768,576,85.169,24ff503727d602c87d9f445e4a00a8b3b92d17dd
1133.jpg,waterfall,02fa78a6-37e1-4669-90c0-5eeafd253a95,White Tank Mountains - Waterfall Trail,flickr,Aaron Liston,https://www.flickr.com/photos/97191628@N08/32752677274,https://live.staticflickr.com/2811/32752677274_e2e5eabe56_b.jpg,by-sa,2.0,https://creativecommons.org/licenses/by-sa/2.0/,mountain waterfall,1024,768,768,576,87.72,de3a7b538d6ce48156c3218e184731dcfb9d36d9
1134.jpg,waterfall,53b0bb14-7ab7-472e-8a54-74fb7b028443,White Tank Mountains - Waterfall Trail,flickr,Aaron Liston,https://www.flickr.com/photos/97191628@N08/32782559523,https://live.staticflickr.com/3696/32782559523_dca457723d_b.jpg,by-sa,2.0,https://creativecommons.org/licenses/by-sa/2.0/,mountain waterfall,1024,768,768,576,15.089,a015da9fd488f87a8f503d03dc110dbde9ee954b
1135.jpg,waterfall,b00d70f6-eb7a-42ac-af46-1d72f09bd0bb,White Tank Mountains - Waterfall Trail,flickr,Aaron Liston,https://www.flickr.com/photos/97191628@N08/33438800222,https://live.staticflickr.com/2813/33438800222_3fabf30667_b.jpg,by-sa,2.0,https://creativecommons.org/licenses/by-sa/2.0/,mountain waterfall,1024,768,768,576,74.579,8701a1a92d633d1021dddef87afa4df26465af69
1136.jpg,waterfall,7ccafb61-7dae-4919-9338-6ea9906c99a6,White Tank Mountains - Waterfall Trail,flickr,Aaron Liston,https://www.flickr.com/photos/97191628@N08/33466489151,https://live.staticflickr.com/3817/33466489151_378edfe2a1_b.jpg,by-sa,2.0,https://creativecommons.org/licenses/by-sa/2.0/,mountain waterfall,1024,768,768,576,79.734,8c44866ecc0d629c1f26e8cd2648105193c8c81e
1137.jpg,waterfall,7d544e8c-b32d-4765-be2c-9da8e12ab49f,White Tank Mountains - Waterfall Trail,flickr,Aaron Liston,https://www.flickr.com/photos/97191628@N08/33467470791,https://live.staticflickr.com/2895/33467470791_18c1e37da9_b.jpg,by-sa,2.0,https://creativecommons.org/licenses/by-sa/2.0/,mountain waterfall,1024,768,768,576,55.269,c7c94dd5a7340d721f47b1515f6ff8f7a0e8f68e
1138.jpg,waterfall,d44095bc-4e23-4bc3-8faa-3c0349ca90b7,White Tank Mountains - Waterfall Trail,flickr,Aaron Liston,https://www.flickr.com/photos/97191628@N08/33467518931,https://live.staticflickr.com/3940/33467518931_bfbc24ec6b_b.jpg,by-sa,2.0,https://creativecommons.org/licenses/by-sa/2.0/,mountain waterfall,1024,768,768,576,73.298,43ea0dffe158a971396bb8e584069b0c5f834ec6
1139.jpg,waterfall,50c48230-f679-4bcc-b95a-ef67f9efa3d8,White Tank Mountains - Waterfall Trail,flickr,Aaron Liston,https://www.flickr.com/photos/97191628@N08/33555347756,https://live.staticflickr.com/2857/33555347756_19e54e504f_b.jpg,by-sa,2.0,https://creativecommons.org/licenses/by-sa/2.0/,mountain waterfall,1024,768,768,576,64.204,9836a3a4edea129f77ce9b01014aca106701f70a
1140.jpg,waterfall,cb45451b-8d2d-461e-9645-602239da2c39,White Tank Mountains - Waterfall Trail,flickr,Aaron Liston,https://www.flickr.com/photos/97191628@N08/33554917926,https://live.staticflickr.com/3927/33554917926_8d503fb6ac_b.jpg,by-sa,2.0,https://creativecommons.org/licenses/by-sa/2.0/,mountain waterfall,1024,768,768,576,91.987,e5c12d3d0676d2ac181fd0f00d21185b5a18d584
1141.jpg,waterfall,f835429b-d6ac-4eb8-9ed2-b5b82bb8f13f,White Tank Mountains - Waterfall Trail,flickr,Aaron Liston,https://www.flickr.com/photos/97191628@N08/33554833296,https://live.staticflickr.com/3855/33554833296_859bb0f829_b.jpg,by-sa,2.0,https://creativecommons.org/licenses/by-sa/2.0/,mountain waterfall,1024,768,768,576,74.353,8d5bef2b5584ab3290a742ebba475f19fa97be81
1142.jpg,waterfall,3c7f20e3-ded8-4543-8e8f-f366a14487cd,White Tank Mountains - Waterfall Trail,flickr,Aaron Liston,https://www.flickr.com/photos/97191628@N08/32752688994,https://live.staticflickr.com/2888/32752688994_12f356c452_b.jpg,by-sa,2.0,https://creativecommons.org/licenses/by-sa/2.0/,mountain waterfall,1024,768,768,576,53.836,4eb840659d425066f5ca19d276d0426ec02183e0
1143.jpg,waterfall,878d3fcc-1b4f-40bc-b849-54ddc084c6a9,White Tank Mountains - Waterfall Trail,flickr,Aaron Liston,https://www.flickr.com/photos/97191628@N08/32752682454,https://live.staticflickr.com/3948/32752682454_83c927983d_b.jpg,by-sa,2.0,https://creativecommons.org/licenses/by-sa/2.0/,mountain waterfall,1024,768,768,576,56.785,3e987a7e831a58a269114f21b315bb3cb3c6ac4f
1144.jpg,waterfall,2a5e167c-6239-428d-9477-121fb5c6b113,White Tank Mountains - Waterfall Trail,flickr,Aaron Liston,https://www.flickr.com/photos/97191628@N08/32752745284,https://live.staticflickr.com/2875/32752745284_da4d179534_b.jpg,by-sa,2.0,https://creativecommons.org/licenses/by-sa/2.0/,mountain waterfall,1024,768,768,576,81.44,1b8601388e22b1c211184fdcb4fc55b7b73b9e14
1145.jpg,waterfall,d9326dbd-da1b-4530-9db0-7c50328512c5,White Tank Mountains - Waterfall Trail,flickr,Aaron Liston,https://www.flickr.com/photos/97191628@N08/33211925670,https://live.staticflickr.com/2920/33211925670_122d048cfd_b.jpg,by-sa,2.0,https://creativecommons.org/licenses/by-sa/2.0/,mountain waterfall,768,1024,576,768,67.771,2d5830f1956dd273a261b2480383c558aeb9d544
1146.jpg,waterfall,1cbfd7c9-fd9a-4632-92f5-4475b2c3d6e7,White Tank Mountains - Waterfall Trail,flickr,Aaron Liston,https://www.flickr.com/photos/97191628@N08/33466797241,https://live.staticflickr.com/2873/33466797241_d5ac3b0870_b.jpg,by-sa,2.0,https://creativecommons.org/licenses/by-sa/2.0/,mountain waterfall,1024,768,768,576,51.104,a6a43a3c332898372d6e604bb5190152d9cbe258
1147.jpg,waterfall,6f2f174a-7c5d-46c1-8480-5f5772a6f3a1,White Tank Mountains - Waterfall Trail,flickr,Aaron Liston,https://www.flickr.com/photos/97191628@N08/33466605271,https://live.staticflickr.com/3757/33466605271_53446e8089_b.jpg,by-sa,2.0,https://creativecommons.org/licenses/by-sa/2.0/,mountain waterfall,1024,768,768,576,29.278,bc50dcf04ff247974f5df596fc482fb75c7596a5
1148.jpg,waterfall,cece9130-4942-4a50-9780-ebf0d3a9edff,White Tank Mountains - Waterfall Trail,flickr,Aaron Liston,https://www.flickr.com/photos/97191628@N08/33555836676,https://live.staticflickr.com/3933/33555836676_b5b50a63e6_b.jpg,by-sa,2.0,https://creativecommons.org/licenses/by-sa/2.0/,mountain waterfall,1024,768,768,576,62.645,88d173522b9735bc8dfd0097bd9d6a6c45d20e8f
1149.jpg,waterfall,0c95d174-f3e5-47d9-9953-ea16809924fa,White Tank Mountains - Waterfall Trail,flickr,Aaron Liston,https://www.flickr.com/photos/97191628@N08/32781512033,https://live.staticflickr.com/3792/32781512033_cced58ac40_b.jpg,by-sa,2.0,https://creativecommons.org/licenses/by-sa/2.0/,mountain waterfall,1024,768,768,576,80.246,c6e61dbb03693addfab43f14a2b6f651135a15da
1151.jpg,waterfall,9d3c9218-c046-4c39-b57f-25d019d87220,White Tank Mountains - Waterfall Trail,flickr,Aaron Liston,https://www.flickr.com/photos/97191628@N08/33554884656,https://live.staticflickr.com/2939/33554884656_a3cbd2e99e_b.jpg,by-sa,2.0,https://creativecommons.org/licenses/by-sa/2.0/,mountain waterfall,1024,768,768,576,67.961,b84a280de43230f18bf40cd4c259ae238936640c
1150.jpg,waterfall,2c9fba8e-9d44-4950-b11a-9825826f6062,White Tank Mountains - Waterfall Trail,flickr,Aaron Liston,https://www.flickr.com/photos/97191628@N08/33466948951,https://live.staticflickr.com/3790/33466948951_af05f529eb_b.jpg,by-sa,2.0,https://creativecommons.org/licenses/by-sa/2.0/,mountain waterfall,1024,768,768,576,75.688,9f15dd463371cfae42e961ee28885a8378777a67
1152.jpg,waterfall,b7907fd4-6566-4c4d-960a-1b9233e01fa5,White Tank Mountains - Waterfall Trail,flickr,Aaron Liston,https://www.flickr.com/photos/97191628@N08/33438836402,https://live.staticflickr.com/3935/33438836402_055252c411_b.jpg,by-sa,2.0,https://creativecommons.org/licenses/by-sa/2.0/,mountain waterfall,1024,768,768,576,88.758,68439053706a960234d3ca5308df042e072a8d74
1153.jpg,waterfall,8202d0a2-5baa-4b4f-8aab-3c6801e41451,White Tank Mountains - Waterfall Trail,flickr,Aaron Liston,https://www.flickr.com/photos/97191628@N08/33466430911,https://live.staticflickr.com/2873/33466430911_f4f31e1410_b.jpg,by-sa,2.0,https://creativecommons.org/licenses/by-sa/2.0/,mountain waterfall,1024,768,768,576,55.122,6cf427c87b997478765f6b7a7a5d0afc594ed145
1154.jpg,waterfall,f01c20c4-7227-4cc7-a3dd-167b94458f29,White Tank Mountains - Waterfall Trail,flickr,Aaron Liston,https://www.flickr.com/photos/97191628@N08/33438821872,https://live.staticflickr.com/2927/33438821872_f0faea9844_b.jpg,by-sa,2.0,https://creativecommons.org/licenses/by-sa/2.0/,mountain waterfall,1024,768,768,576,36.675,44a1f3e86136bd33e2e0595e499db73ea6a88580
1155.jpg,waterfall,384e6014-c164-4c4f-9558-5e08b1ea5f66,White Tank Mountains - Waterfall Trail,flickr,Aaron Liston,https://www.flickr.com/photos/97191628@N08/33595240695,https://live.staticflickr.com/2949/33595240695_34e8a26cd4_b.jpg,by-sa,2.0,https://creativecommons.org/licenses/by-sa/2.0/,mountain waterfall,1024,768,768,576,79.348,2b3d3e61312e6dc0f8dfa830dc8b181c7ba5140a
1157.jpg,waterfall,f2b2bc3b-23fd-444d-8bd8-c872081e1627,White Tank Mountains - Waterfall Trail,flickr,Aaron Liston,https://www.flickr.com/photos/97191628@N08/33555355586,https://live.staticflickr.com/3810/33555355586_d1c099e883_b.jpg,by-sa,2.0,https://creativecommons.org/licenses/by-sa/2.0/,mountain waterfall,1024,768,768,576,23.653,dc5742d8b6d7eb0a5443d218d6b428d1fbf24f0c
1156.jpg,waterfall,5eee9dcc-7d47-4838-ae3b-56feafd45a05,White Tank Mountains - Waterfall Trail,flickr,Aaron Liston,https://www.flickr.com/photos/97191628@N08/33212234850,https://live.staticflickr.com/3946/33212234850_0c90e3a319_b.jpg,by-sa,2.0,https://creativecommons.org/licenses/by-sa/2.0/,mountain waterfall,1024,768,768,576,83.151,ef3d8779e31da903423cc45a61a506f4b2a723e0
1159.jpg,waterfall,81c491fd-c0b3-4fda-a47e-810006c11b40,White Tank Mountains - Waterfall Trail,flickr,Aaron Liston,https://www.flickr.com/photos/97191628@N08/33439224542,https://live.staticflickr.com/3930/33439224542_f15a9d7165_b.jpg,by-sa,2.0,https://creativecommons.org/licenses/by-sa/2.0/,mountain waterfall,1024,768,768,576,51.368,12439704e6d28a23888749797198d333982d4ffc
1158.jpg,waterfall,70f17fc5-fa5d-456c-a803-34b07ca2b477,White Tank Mountains - Waterfall Trail,flickr,Aaron Liston,https://www.flickr.com/photos/97191628@N08/33212946070,https://live.staticflickr.com/3710/33212946070_96ce466714_b.jpg,by-sa,2.0,https://creativecommons.org/licenses/by-sa/2.0/,mountain waterfall,1024,768,768,576,20.549,63af6fef69f9ee8ccc5a200c39a2fdc000a8c962
1160.jpg,waterfall,fcfa3deb-e7c0-4c11-a910-eaec99fa9fce,White Tank Mountains - Waterfall Trail,flickr,Aaron Liston,https://www.flickr.com/photos/97191628@N08/32752729474,https://live.staticflickr.com/2899/32752729474_ede08470f2_b.jpg,by-sa,2.0,https://creativecommons.org/licenses/by-sa/2.0/,mountain waterfall,1024,768,768,576,76.101,54255f3dca62ca0906417ce185db6c1c97b2b9dc
1161.jpg,waterfall,44b4ffb0-90e1-4eb2-8d71-7624401ce2d2,White Tank Mountains - Waterfall Trail,flickr,Aaron Liston,https://www.flickr.com/photos/97191628@N08/32781506983,https://live.staticflickr.com/3871/32781506983_bc690223b2_b.jpg,by-sa,2.0,https://creativecommons.org/licenses/by-sa/2.0/,mountain waterfall,1024,768,768,576,55.081,149dd30f32a6cacdabe118f175d11ee3abf9586f
1163.jpg,waterfall,2d070297-0fcc-4677-a07a-6771821fcf63,White Tank Mountains - Waterfall Trail,flickr,Aaron Liston,https://www.flickr.com/photos/97191628@N08/33466441541,https://live.staticflickr.com/2856/33466441541_ae9b637254_b.jpg,by-sa,2.0,https://creativecommons.org/licenses/by-sa/2.0/,mountain waterfall,1024,768,768,576,68.519,ec335396efd3fcb10c385c9afa1969b9a23616c9
1162.jpg,waterfall,65459c9c-cbec-4b2c-b69a-19fd03c7e2f1,White Tank Mountains - Waterfall Trail,flickr,Aaron Liston,https://www.flickr.com/photos/97191628@N08/33595949775,https://live.staticflickr.com/3938/33595949775_96d284c2ed_b.jpg,by-sa,2.0,https://creativecommons.org/licenses/by-sa/2.0/,mountain waterfall,1024,768,768,576,75.524,12e7fb2aeb02b112b9ed5bde559fb424428af3ca
1166.jpg,waterfall,f5fc5008-d6a6-41b6-9131-4ae3b11bafd7,White Tank Mountains - Waterfall Trail,flickr,Aaron Liston,https://www.flickr.com/photos/97191628@N08/33595966355,https://live.staticflickr.com/2851/33595966355_34dd37a22b_b.jpg,by-sa,2.0,https://creativecommons.org/licenses/by-sa/2.0/,mountain waterfall,1024,768,768,576,17.08,30e17f8e08a88ad58b169ec61577abdcc53e81f6
1164.jpg,waterfall,b9f0cf3e-45b9-418c-84f6-56a6484fadf6,White Tank Mountains - Waterfall Trail,flickr,Aaron Liston,https://www.flickr.com/photos/97191628@N08/33438843192,https://live.staticflickr.com/2928/33438843192_92b65a9b32_b.jpg,by-sa,2.0,https://creativecommons.org/licenses/by-sa/2.0/,mountain waterfall,1024,768,768,576,78.684,887ab62ed427d004ccb5851b9123ba8b8cb206f9
1165.jpg,waterfall,f4cd7c2e-991c-4f26-b7fa-af9db4d285eb,White Tank Mountains - Waterfall Trail,flickr,Aaron Liston,https://www.flickr.com/photos/97191628@N08/33438907682,https://live.staticflickr.com/3720/33438907682_79f004002f_b.jpg,by-sa,2.0,https://creativecommons.org/licenses/by-sa/2.0/,mountain waterfall,1024,768,768,576,76.734,34fb5ad4cfe3ef43b69bad314d1e0889587e5302
1167.jpg,waterfall,33c1e387-66f0-479d-b6ae-edc0f6cd8148,White Tank Mountains - Waterfall Trail,flickr,Aaron Liston,https://www.flickr.com/photos/97191628@N08/33595245395,https://live.staticflickr.com/3792/33595245395_917783dd7e_b.jpg,by-sa,2.0,https://creativecommons.org/licenses/by-sa/2.0/,mountain waterfall,1024,768,768,576,63.505,415240a5b918099db022c527c91c5de447e613e2
0939.jpg,waterfall,db0176b1-6e64-403f-bea6-7c878d02d726,Fantastic Rocks with Cascading Waterfall; Fishing Boats by a Lake Hamlet,met,Aiseki,https://www.metmuseum.org/art/collection/search/670883,https://images.metmuseum.org/CRDImages/as/original/DP-12232-200.jpg,cc0,1.0,https://creativecommons.org/publicdomain/zero/1.0/,cascade waterfall,2837,3925,555,768,41.461,c433659f954886282fbfc521368e90de345f640c
1169.jpg,waterfall,c80fa060-588d-496f-830f-97330e5fa47e,White Tank Mountains - Waterfall Trail,flickr,Aaron Liston,https://www.flickr.com/photos/97191628@N08/33595312875,https://live.staticflickr.com/2858/33595312875_d2e5c7e6ec_b.jpg,by-sa,2.0,https://creativecommons.org/licenses/by-sa/2.0/,mountain waterfall,1024,768,768,576,54.708,b4028e55a1ead25bb73d6fc0b0c89e9a60ce2b97
1168.jpg,waterfall,6f1b7e1a-d1cd-40dc-8b34-57a8c8f7fdd0,White Tank Mountains - Waterfall Trail,flickr,Aaron Liston,https://www.flickr.com/photos/97191628@N08/32752791294,https://live.staticflickr.com/3846/32752791294_8ded1bf2e6_b.jpg,by-sa,2.0,https://creativecommons.org/licenses/by-sa/2.0/,mountain waterfall,1024,768,768,576,57.175,f3abf7c3bcd6bf81e94e5cd0173107f10cc7341d
1170.jpg,waterfall,5e2d64b8-2cba-4394-a669-a71f8a2415a0,White Tank Mountains - Waterfall Trail,flickr,Aaron Liston,https://www.flickr.com/photos/97191628@N08/33554898286,https://live.staticflickr.com/2933/33554898286_0d7fd96d39_b.jpg,by-sa,2.0,https://creativecommons.org/licenses/by-sa/2.0/,mountain waterfall,1024,768,768,576,82.43,b7339927256b5789b880ef73984172ab02a04971
1171.jpg,waterfall,1b355f8b-d505-4006-91e4-775f6625ba6c,White Tank Mountains - Waterfall Trail,flickr,Aaron Liston,https://www.flickr.com/photos/97191628@N08/33212602940,https://live.staticflickr.com/3780/33212602940_2e3ef8f951_b.jpg,by-sa,2.0,https://creativecommons.org/licenses/by-sa/2.0/,mountain waterfall,1024,768,768,576,82.178,dc9cd6eb0f43e656c61b57d0e391551051494a3e
1173.jpg,waterfall,14bcc0de-15b6-4a56-9822-5b716feae86f,White Tank Mountains - Waterfall Trail,flickr,Aaron Liston,https://www.flickr.com/photos/97191628@N08/32752731384,https://live.staticflickr.com/3734/32752731384_c90c5fe06f_b.jpg,by-sa,2.0,https://creativecommons.org/licenses/by-sa/2.0/,mountain waterfall,1024,768,768,576,90.182,ba0d21ce7969c22496e1ce979d8226f815c3b95c
1172.jpg,waterfall,790a0885-a78d-413a-8a12-a63530f5c37a,White Tank Mountains - Waterfall Trail,flickr,Aaron Liston,https://www.flickr.com/photos/97191628@N08/33438808652,https://live.staticflickr.com/2879/33438808652_d28c08e384_b.jpg,by-sa,2.0,https://creativecommons.org/licenses/by-sa/2.0/,mountain waterfall,1024,768,768,576,65.242,ac13da1e3314b8ff20cd5a33f48243b56c3d2685
1174.jpg,waterfall,00cd3875-dafd-4da9-a7b1-e6edce3035e1,White Tank Mountains - Waterfall Trail,flickr,Aaron Liston,https://www.flickr.com/photos/97191628@N08/33554904466,https://live.staticflickr.com/3764/33554904466_83f18aef57_b.jpg,by-sa,2.0,https://creativecommons.org/licenses/by-sa/2.0/,mountain waterfall,1024,768,768,576,85.945,647b8dbfcaa22d7f5d3acc90d30803ff672a942b
1175.jpg,waterfall,ce1b81e3-410a-4913-ade3-7b935cfde4c1,White Tank Mountains - Waterfall Trail,flickr,Aaron Liston,https://www.flickr.com/photos/97191628@N08/33466494821,https://live.staticflickr.com/3700/33466494821_1975edcc53_b.jpg,by-sa,2.0,https://creativecommons.org/licenses/by-sa/2.0/,mountain waterfall,1024,768,768,576,41.717,452db0b264ea5482e8d39f2056fcd89b4f521125
1176.jpg,waterfall,36c7c688-ee74-4467-beb5-8b569c5e0d3c,White Tank Mountains - Waterfall Trail,flickr,Aaron Liston,https://www.flickr.com/photos/97191628@N08/32753284734,https://live.staticflickr.com/2860/32753284734_2bf56cba6a_b.jpg,by-sa,2.0,https://creativecommons.org/licenses/by-sa/2.0/,mountain waterfall,1024,768,768,576,60.591,24d8380902ec28ed7ee902b3e5d958d616c3618d
1177.jpg,waterfall,dcc0c15e-24de-4d3a-92b0-7faba82c271e,White Tank Mountains - Waterfall Trail,flickr,Aaron Liston,https://www.flickr.com/photos/97191628@N08/33438894252,https://live.staticflickr.com/2895/33438894252_02aab6f32b_b.jpg,by-sa,2.0,https://creativecommons.org/licenses/by-sa/2.0/,mountain waterfall,1024,768,768,576,20.513,1ca3172fbfa11f6d9d3fb304205da07c0fe19abf
1178.jpg,waterfall,7fc9bc2b-c7fd-4ea8-9415-69cdecf57daf,White Tank Mountains - Waterfall Trail,flickr,Aaron Liston,https://www.flickr.com/photos/97191628@N08/33555872686,https://live.staticflickr.com/2869/33555872686_4bea260260_b.jpg,by-sa,2.0,https://creativecommons.org/licenses/by-sa/2.0/,mountain waterfall,1024,768,768,576,19.426,f15ae774d1a641eb15d2360832b9753b9f6898a3
1181.jpg,waterfall,a89ced14-56fa-41c7-90fa-7d2c787b5aaa,White Tank Mountains - Waterfall Trail,flickr,Aaron Liston,https://www.flickr.com/photos/97191628@N08/33595359495,https://live.staticflickr.com/2833/33595359495_9d9d7f23c8_b.jpg,by-sa,2.0,https://creativecommons.org/licenses/by-sa/2.0/,mountain waterfall,1024,768,768,576,16.741,13680a126146e5c32beed052ec4a9b091120ea21
1179.jpg,waterfall,36188e9f-4c53-4df1-9030-cf5f60535de2,White Tank Mountains - Waterfall Trail,flickr,Aaron Liston,https://www.flickr.com/photos/97191628@N08/33212304170,https://live.staticflickr.com/3857/33212304170_9e2e430b72_b.jpg,by-sa,2.0,https://creativecommons.org/licenses/by-sa/2.0/,mountain waterfall,1024,768,768,576,40.838,fd01eddcdbdaf6a2fef3fb232d4812080b42e2c3
1180.jpg,waterfall,0c8a4b4a-886d-440e-957a-e4827bca702f,White Tank Mountains - Waterfall Trail,flickr,Aaron Liston,https://www.flickr.com/photos/97191628@N08/33595232165,https://live.staticflickr.com/2810/33595232165_d7d91307e4_b.jpg,by-sa,2.0,https://creativecommons.org/licenses/by-sa/2.0/,mountain waterfall,1024,768,768,576,71.295,1ddfe5f9eb26763eefba7d9c3fecd3cc73805716
1182.jpg,waterfall,a578c9ca-35c2-44f5-98fe-b8ff53b8181e,White Tank Mountains - Waterfall Trail,flickr,Aaron Liston,https://www.flickr.com/photos/97191628@N08/33554880136,https://live.staticflickr.com/2872/33554880136_981c5b62d3_b.jpg,by-sa,2.0,https://creativecommons.org/licenses/by-sa/2.0/,mountain waterfall,1024,768,768,576,22.763,9ea6d488648fe8061996e3954093270526eca8d8
1183.jpg,waterfall,72208804-e0d8-46de-bf0c-a97e44ef3823,White Tank Mountains - Waterfall Trail,flickr,Aaron Liston,https://www.flickr.com/photos/97191628@N08/33595731125,https://live.staticflickr.com/3695/33595731125_8bbb3bf5f4_b.jpg,by-sa,2.0,https://creativecommons.org/licenses/by-sa/2.0/,mountain waterfall,1024,768,768,576,21.218,978232f84ba7ddfd98183d48ee569bb1674cd011
1184.jpg,waterfall,d19e1f10-ba69-46bb-8efe-ce228b77f755,White Tank Mountains - Waterfall Trail,flickr,Aaron Liston,https://www.flickr.com/photos/97191628@N08/32781564743,https://live.staticflickr.com/3673/32781564743_1e0e46f3df_b.jpg,by-sa,2.0,https://creativecommons.org/licenses/by-sa/2.0/,mountain waterfall,1024,768,768,576,48.173,441c555a1bbda6128f3ffe9538dfbecbeb37fb8c
1185.jpg,waterfall,60e101c9-897e-4188-8f77-30d5648e5247,White Tank Mountains - Waterfall Trail,flickr,Aaron Liston,https://www.flickr.com/photos/97191628@N08/33555575366,https://live.staticflickr.com/3755/33555575366_4032f6f2a4_b.jpg,by-sa,2.0,https://creativecommons.org/licenses/by-sa/2.0/,mountain waterfall,1024,768,768,576,15.011,976e0fe0238957b9741b7bfcdf590b9897a4d6d3
0938.jpg,waterfall,b0c4ba3b-b8c8-4933-b0c1-11e820e497dd,Fantastic Rocks with Cascading Waterfall; Fishing Boats by a Lake Hamlet,met,Aiseki,https://www.metmuseum.org/art/collection/search/670883,https://images.metmuseum.org/CRDImages/as/original/DP-12232-204.jpg,cc0,1.0,https://creativecommons.org/publicdomain/zero/1.0/,cascade waterfall,2998,4000,576,768,38.035,8ef56950ff782ecccb292f274e9a4b8823c3785b
1186.jpg,waterfall,f0b5be70-401d-4f2b-8719-eaf9a8ee0b02,White Tank Mountains - Waterfall Trail,flickr,Aaron Liston,https://www.flickr.com/photos/97191628@N08/32781693623,https://live.staticflickr.com/2903/32781693623_9993ccb02f_b.jpg,by-sa,2.0,https://creativecommons.org/licenses/by-sa/2.0/,mountain waterfall,1024,768,768,576,64.522,2d0073eaa77aab646154e836e03122fd41497cb2
1187.jpg,waterfall,b3b48687-7800-487a-ae57-f1b7c1896245,White Tank Mountains - Waterfall Trail,flickr,Aaron Liston,https://www.flickr.com/photos/97191628@N08/33555008246,https://live.staticflickr.com/2870/33555008246_b6328e4e25_b.jpg,by-sa,2.0,https://creativecommons.org/licenses/by-sa/2.0/,mountain waterfall,1024,768,768,576,37.835,4163d22edda4e3828037970bccab71bda749c5f7
1188.jpg,waterfall,94ad9191-8a71-4003-8ed1-f1f6846a1365,White Tank Mountains - Waterfall Trail,flickr,Aaron Liston,https://www.flickr.com/photos/97191628@N08/33555352556,https://live.staticflickr.com/3741/33555352556_3731690025_b.jpg,by-sa,2.0,https://creativecommons.org/licenses/by-sa/2.0/,mountain waterfall,1024,768,768,576,73.737,d5100b76f499c3798ba50beb3655aa5b2660664e
1189.jpg,waterfall,3fad26b8-d1c4-4600-a345-f08c34eb6b5f,White Tank Mountains - Waterfall Trail,flickr,Aaron Liston,https://www.flickr.com/photos/97191628@N08/32752416374,https://live.staticflickr.com/2840/32752416374_df0c59aab2_b.jpg,by-sa,2.0,https://creativecommons.org/licenses/by-sa/2.0/,mountain waterfall,768,1024,576,768,71.929,44e4a0ae4bbc129c141b86cab0119e777a42b104
1190.jpg,waterfall,16c5622e-a8ab-48c1-ac0f-41dbca407d2d,White Tank Mountains - Waterfall Trail,flickr,Aaron Liston,https://www.flickr.com/photos/97191628@N08/32781946953,https://live.staticflickr.com/3934/32781946953_d6949dca26_b.jpg,by-sa,2.0,https://creativecommons.org/licenses/by-sa/2.0/,mountain waterfall,768,1024,576,768,71.551,9464a49c05fd6cbdccf57ddab0dd0608329be8c6
1191.jpg,waterfall,374c6e77-70a4-4a40-94f2-d2ee2132241d,White Tank Mountains - Waterfall Trail,flickr,Aaron Liston,https://www.flickr.com/photos/97191628@N08/33596174205,https://live.staticflickr.com/2850/33596174205_7284457c87_b.jpg,by-sa,2.0,https://creativecommons.org/licenses/by-sa/2.0/,mountain waterfall,1024,768,768,576,74.832,4f70e43ff77c2012065d6cadc685c6fc7e3b6692
1192.jpg,waterfall,85a1e5c7-377f-495b-8096-d5e8d1d7e7b2,White Tank Mountains - Waterfall Trail,flickr,Aaron Liston,https://www.flickr.com/photos/97191628@N08/32753176584,https://live.staticflickr.com/2932/32753176584_ae59c8678d_b.jpg,by-sa,2.0,https://creativecommons.org/licenses/by-sa/2.0/,mountain waterfall,1024,768,768,576,51.313,9ecbe80d138a722f3e09fc5855e9cb43ab450d0a
1193.jpg,waterfall,ece0e063-56e9-4072-9855-333402639b8c,White Tank Mountains - Waterfall Trail,flickr,Aaron Liston,https://www.flickr.com/photos/97191628@N08/33596141855,https://live.staticflickr.com/3678/33596141855_eae84b0838_b.jpg,by-sa,2.0,https://creativecommons.org/licenses/by-sa/2.0/,mountain waterfall,1024,768,768,576,27.257,6c912266864f8585dfae413c8288a1b6d953db4b
1195.jpg,waterfall,c249f64c-b9fa-4b62-9708-ad9424e9173d,White Tank Mountains - Waterfall Trail,flickr,Aaron Liston,https://www.flickr.com/photos/97191628@N08/32752789364,https://live.staticflickr.com/3741/32752789364_b139e7eff3_b.jpg,by-sa,2.0,https://creativecommons.org/licenses/by-sa/2.0/,mountain waterfall,1024,768,768,576,49.038,cd50fbd0a574e15f2a8f18543cb6fc5525aff3bd
1196.jpg,waterfall,b3c50dff-af7f-4bba-ad80-97caa9c567ad,White Tank Mountains - Waterfall Trail,flickr,Aaron Liston,https://www.flickr.com/photos/97191628@N08/32752423324,https://live.staticflickr.com/2890/32752423324_12dd2fc68a_b.jpg,by-sa,2.0,https://creativecommons.org/licenses/by-sa/2.0/,mountain waterfall,1024,768,768,576,60.201,1ce1d8ac88f6f5b9043604baf48907099f687850
1194.jpg,waterfall,11f321cc-b716-4f83-822c-110b2dd98c0b,White Tank Mountains - Waterfall Trail,flickr,Aaron Liston,https://www.flickr.com/photos/97191628@N08/32781686013,https://live.staticflickr.com/2828/32781686013_0282b88748_b.jpg,by-sa,2.0,https://creativecommons.org/licenses/by-sa/2.0/,mountain waterfall,1024,768,768,576,77.881,ffd5ef841ff73ae98791e48e898c0197cf70de8f
1197.jpg,waterfall,600c93b5-0cd4-4f76-9eb2-ab7147335759,White Tank Mountains - Waterfall Trail,flickr,Aaron Liston,https://www.flickr.com/photos/97191628@N08/33555571906,https://live.staticflickr.com/3735/33555571906_9c927f4557_b.jpg,by-sa,2.0,https://creativecommons.org/licenses/by-sa/2.0/,mountain waterfall,1024,768,768,576,19.27,466c98049836a8dcc42c9aa39988db036da026e7
1198.jpg,waterfall,7f06b695-4ae1-410b-8002-229e1ac38841,White Tank Mountains - Waterfall Trail,flickr,Aaron Liston,https://www.flickr.com/photos/97191628@N08/33467255851,https://live.staticflickr.com/3946/33467255851_5e7af8891a_b.jpg,by-sa,2.0,https://creativecommons.org/licenses/by-sa/2.0/,mountain waterfall,1024,768,768,576,28.664,34f4b5d9c2bd6b670d737db183ee9465c723e277
1199.jpg,waterfall,b0c9cf60-4f72-4cf2-a1b0-643553d691ac,White Tank Mountains - Waterfall Trail,flickr,Aaron Liston,https://www.flickr.com/photos/97191628@N08/33554922206,https://live.staticflickr.com/3735/33554922206_5e0db22a41_b.jpg,by-sa,2.0,https://creativecommons.org/licenses/by-sa/2.0/,mountain waterfall,1024,768,768,576,44.613,1837ea11b3e4ae3ed52c90930b266681c9b8fe8c
1200.jpg,waterfall,79639e59-fe61-4538-a2a2-6b3426215a29,White Tank Mountains - Waterfall Trail,flickr,Aaron Liston,https://www.flickr.com/photos/97191628@N08/33466553801,https://live.staticflickr.com/2832/33466553801_73a7b0a019_b.jpg,by-sa,2.0,https://creativecommons.org/licenses/by-sa/2.0/,mountain waterfall,1024,768,768,576,62.174,78fdf66b19a56ce746e882e05ed8b7cc63e5f3e4
1201.jpg,waterfall,5fd6194a-e330-4d32-b27d-921d651bdc65,White Tank Mountains - Waterfall Trail,flickr,Aaron Liston,https://www.flickr.com/photos/97191628@N08/32753452484,https://live.staticflickr.com/3951/32753452484_94fcfef47f_b.jpg,by-sa,2.0,https://creativecommons.org/licenses/by-sa/2.0/,mountain waterfall,1024,768,768,576,26.398,f8235c9e837a31480c6b1ff6f7090e0753a5c2dd
1202.jpg,waterfall,4647b236-47cd-44a7-8146-76dff69ebb2d,White Tank Mountains - Waterfall Trail,flickr,Aaron Liston,https://www.flickr.com/photos/97191628@N08/32782502713,https://live.staticflickr.com/2912/32782502713_a502c0a0e3_b.jpg,by-sa,2.0,https://creativecommons.org/licenses/by-sa/2.0/,mountain waterfall,1024,768,768,576,60.35,53556a449640fe91cca073de71a528cd5c209405
1203.jpg,waterfall,8ffc2326-7334-4a14-b5a8-26be1839b697,White Tank Mountains - Waterfall Trail,flickr,Aaron Liston,https://www.flickr.com/photos/97191628@N08/33554973836,https://live.staticflickr.com/2860/33554973836_3b053eca0c_b.jpg,by-sa,2.0,https://creativecommons.org/licenses/by-sa/2.0/,mountain waterfall,1024,768,768,576,62.788,bbf132544f5c5bdfffd21316c08765f1847ce6fd
1204.jpg,waterfall,3dfcb749-642c-4ee3-a140-af2ecdcd1046,White Tank Mountains - Waterfall Trail,flickr,Aaron Liston,https://www.flickr.com/photos/97191628@N08/33467138861,https://live.staticflickr.com/3703/33467138861_117ca35b60_b.jpg,by-sa,2.0,https://creativecommons.org/licenses/by-sa/2.0/,mountain waterfall,1024,768,768,576,49.799,8090f72ddcee01b718ba68e787ba755d5130e95f
1206.jpg,waterfall,6c597016-5ce1-4f6e-99f0-e430adc41331,White Tank Mountains - Waterfall Trail,flickr,Aaron Liston,https://www.flickr.com/photos/97191628@N08/33595350865,https://live.staticflickr.com/3928/33595350865_622a56128c_b.jpg,by-sa,2.0,https://creativecommons.org/licenses/by-sa/2.0/,mountain waterfall,1024,768,768,576,85.514,7b675bc69c7feb476e668f4514a67d5a822e24c4
1205.jpg,waterfall,f61c1c04-4836-4631-9af0-2c1b3bcb9291,White Tank Mountains - Waterfall Trail,flickr,Aaron Liston,https://www.flickr.com/photos/97191628@N08/33212696020,https://live.staticflickr.com/2818/33212696020_466eda4a32_b.jpg,by-sa,2.0,https://creativecommons.org/licenses/by-sa/2.0/,mountain waterfall,1024,768,768,576,49.068,ead68189b26d6c6bfa82bb21b8210b476edccf2a
1208.jpg,waterfall,134cf2f7-218c-43c7-a2e7-2452f77045fe,White Tank Mountains - Waterfall Trail,flickr,Aaron Liston,https://www.flickr.com/photos/97191628@N08/33439810752,https://live.staticflickr.com/3782/33439810752_2970d9810f_b.jpg,by-sa,2.0,https://creativecommons.org/licenses/by-sa/2.0/,mountain waterfall,1024,768,768,576,41.027,cd31c2d845191d662edf0e9bf5debea7512d1801
1207.jpg,waterfall,83ab332c-d19f-420b-bf9d-cb69142be09d,White Tank Mountains - Waterfall Trail,flickr,Aaron Liston,https://www.flickr.com/photos/97191628@N08/33467292111,https://live.staticflickr.com/2838/33467292111_d5d6e262cd_b.jpg,by-sa,2.0,https://creativecommons.org/licenses/by-sa/2.0/,mountain waterfall,1024,768,768,576,71.245,73132464bb5ebc9335613d5f7df093f070fdef55
1209.jpg,waterfall,d633e0a1-9b40-4b76-bedb-a499a458ee1d,White Tank Mountains - Waterfall Trail,flickr,Aaron Liston,https://www.flickr.com/photos/97191628@N08/33438940122,https://live.staticflickr.com/2836/33438940122_8ca63fc1ee_b.jpg,by-sa,2.0,https://creativecommons.org/licenses/by-sa/2.0/,mountain waterfall,1024,768,768,576,82.641,3913c9866302a556727e6ad778fd153852420412
1212.jpg,waterfall,33ce67ae-10e4-492e-b738-7dfa4cdad18c,White Tank Mountains - Waterfall Trail,flickr,Aaron Liston,https://www.flickr.com/photos/97191628@N08/32781586393,https://live.staticflickr.com/2907/32781586393_c447f52e5c_b.jpg,by-sa,2.0,https://creativecommons.org/licenses/by-sa/2.0/,mountain waterfall,1024,768,768,576,21.56,8cc37c7f5831470d3d5452c34080c541ae40594e
1211.jpg,waterfall,9b25fe64-e5ae-4b7c-a0a5-1564b1079259,White Tank Mountains - Waterfall Trail,flickr,Aaron Liston,https://www.flickr.com/photos/97191628@N08/32781930673,https://live.staticflickr.com/3933/32781930673_b61db0daa8_b.jpg,by-sa,2.0,https://creativecommons.org/licenses/by-sa/2.0/,mountain waterfall,1024,768,768,576,80.882,62b89332ce5fdab5c43409595ce01f891811be3c
1214.jpg,waterfall,d0727ab4-f385-4e91-8949-bf73227366da,White Tank Mountains - Waterfall Trail,flickr,Aaron Liston,https://www.flickr.com/photos/97191628@N08/32752911114,https://live.staticflickr.com/2820/32752911114_29881b7c56_b.jpg,by-sa,2.0,https://creativecommons.org/licenses/by-sa/2.0/,mountain waterfall,1024,768,768,576,24.152,eec8cbc73544b8a96f8ceddc123d63e1f5d430e1
1213.jpg,waterfall,74c676b7-efe8-434b-9fa5-393707f01452,White Tank Mountains - Waterfall Trail,flickr,Aaron Liston,https://www.flickr.com/photos/97191628@N08/33466544651,https://live.staticflickr.com/2840/33466544651_859daa3b4f_b.jpg,by-sa,2.0,https://creativecommons.org/licenses/by-sa/2.0/,mountain waterfall,1024,768,768,576,58.376,0203f622710f95de24b3cda0788062a2bd91e547
1215.jpg,waterfall,cf58ff3c-5de5-4c9d-aeae-75dd3c855e5d,White Tank Mountains - Waterfall Trail,flickr,Aaron Liston,https://www.flickr.com/photos/97191628@N08/33213267460,https://live.staticflickr.com/3938/33213267460_5f05e9f583_b.jpg,by-sa,2.0,https://creativecommons.org/licenses/by-sa/2.0/,mountain waterfall,1024,768,768,576,15.745,f424113fe887e77dad7624eef5182d380c2b6bcc
1216.jpg,waterfall,9ca73110-9fd4-4dd7-8a35-112e26e78968,White Tank Mountains - Waterfall Trail,flickr,Aaron Liston,https://www.flickr.com/photos/97191628@N08/33438921362,https://live.staticflickr.com/3836/33438921362_d4e2caa703_b.jpg,by-sa,2.0,https://creativecommons.org/licenses/by-sa/2.0/,mountain waterfall,1024,768,768,576,70.991,20a422f8b41169a0d506e51bc730fa0bfae02a76
1217.jpg,waterfall,a0fd80bf-b8bb-4c5e-9866-cdbdbb8179bb,White Tank Mountains - Waterfall Trail,flickr,Aaron Liston,https://www.flickr.com/photos/97191628@N08/32781616113,https://live.staticflickr.com/2853/32781616113_cbd263076c_b.jpg,by-sa,2.0,https://creativecommons.org/licenses/by-sa/2.0/,mountain waterfall,1024,768,768,576,62.482,f63ffe0533c76529e023beca5fc6520db0f799c3
1218.jpg,waterfall,8c95edf9-b5e6-4aea-88cb-7910bf8420ec,White Tank Mountains - Waterfall Trail,flickr,Aaron Liston,https://www.flickr.com/photos/97191628@N08/33439312402,https://live.staticflickr.com/3941/33439312402_bfde2028b8_b.jpg,by-sa,2.0,https://creativecommons.org/licenses/by-sa/2.0/,mountain waterfall,1024,768,768,576,21.223,e02fbf6932d6b575afcdd5493fd9410a1f4a560b
1210.jpg,waterfall,e5dc7f55-0bc8-4eda-a563-027c87a95d74,White Tank Mountains - Waterfall Trail,flickr,Aaron Liston,https://www.flickr.com/photos/97191628@N08/33555724716,https://live.staticflickr.com/3788/33555724716_73f32d6bc0_b.jpg,by-sa,2.0,https://creativecommons.org/licenses/by-sa/2.0/,mountain waterfall,1024,768,768,576,23.894,8eaacd69dc761095c87291918801c129da3166c9
1220.jpg,waterfall,79676bec-1072-4a29-b408-358ca4bab734,White Tank Mountains - Waterfall Trail,flickr,Aaron Liston,https://www.flickr.com/photos/97191628@N08/33595356955,https://live.staticflickr.com/2814/33595356955_133797bbb1_b.jpg,by-sa,2.0,https://creativecommons.org/licenses/by-sa/2.0/,mountain waterfall,1024,768,768,576,31.477,384d4163c1bb91b09f908b956603177edf590227
1221.jpg,waterfall,ada102f0-9e3f-4fb7-abea-536e042cdde7,White Tank Mountains - Waterfall Trail,flickr,Aaron Liston,https://www.flickr.com/photos/97191628@N08/33555847286,https://live.staticflickr.com/3942/33555847286_d948488ed2_b.jpg,by-sa,2.0,https://creativecommons.org/licenses/by-sa/2.0/,mountain waterfall,1024,768,768,576,18.335,2407af710c7552ef43983294ec4e446bc143933c
1219.jpg,waterfall,d5b0091e-4639-4fd6-bc40-a12aaa4965f3,White Tank Mountains - Waterfall Trail,flickr,Aaron Liston,https://www.flickr.com/photos/97191628@N08/33555257896,https://live.staticflickr.com/2828/33555257896_2fc1004521_b.jpg,by-sa,2.0,https://creativecommons.org/licenses/by-sa/2.0/,mountain waterfall,1024,768,768,576,72.465,6fa93f5b2bc862718077a0d14b433a0417f5fb4e
1222.jpg,waterfall,26b7d7e8-2689-4417-adaf-ccd0bd11605c,White Tank Mountains - Waterfall Trail,flickr,Aaron Liston,https://www.flickr.com/photos/97191628@N08/33466518501,https://live.staticflickr.com/2862/33466518501_fa477fc993_b.jpg,by-sa,2.0,https://creativecommons.org/licenses/by-sa/2.0/,mountain waterfall,1024,768,768,576,68.377,79c84ae4d5784b11ee74fda97eb36af40bf2bf24
1223.jpg,waterfall,05c6e1b6-e43f-46e9-afae-cf3a02aa226b,White Tank Mountains - Waterfall Trail,flickr,Aaron Liston,https://www.flickr.com/photos/97191628@N08/32781599763,https://live.staticflickr.com/3741/32781599763_671d8ba2f0_b.jpg,by-sa,2.0,https://creativecommons.org/licenses/by-sa/2.0/,mountain waterfall,1024,768,768,576,55.795,eca62840d8ed10717bd9226e8a2b39bd14d01b5e
1224.jpg,waterfall,c0d7a1d4-3736-453e-b452-eb6850ac59d3,White Tank Mountains - Waterfall Trail,flickr,Aaron Liston,https://www.flickr.com/photos/97191628@N08/33466549591,https://live.staticflickr.com/3841/33466549591_6a1bff356d_b.jpg,by-sa,2.0,https://creativecommons.org/licenses/by-sa/2.0/,mountain waterfall,1024,768,768,576,55.122,adf55a5a8437a80068695cd8cf6a2570b386767f
1225.jpg,waterfall,83af991e-6b10-4060-a02d-bf5f5999c713,White Tank Mountains - Waterfall Trail,flickr,Aaron Liston,https://www.flickr.com/photos/97191628@N08/33213111610,https://live.staticflickr.com/2924/33213111610_e57dcc696a_b.jpg,by-sa,2.0,https://creativecommons.org/licenses/by-sa/2.0/,mountain waterfall,1024,768,768,576,74.058,c7e25b48df9db9bbd88fdadb9f8c78267bbb79ec
1228.jpg,waterfall,e8883100-a66d-44fc-aff7-ac53d8b664e2,White Tank Mountains - Waterfall Trail,flickr,Aaron Liston,https://www.flickr.com/photos/97191628@N08/32782303543,https://live.staticflickr.com/3724/32782303543_ddeb2da628_b.jpg,by-sa,2.0,https://creativecommons.org/licenses/by-sa/2.0/,mountain waterfall,1024,768,768,576,11.953,11dc822759b7cd0a086dc679b2e6c7bef55d9a01
1227.jpg,waterfall,1d16c113-48c4-4e97-8f65-dd4c7089bb59,White Tank Mountains - Waterfall Trail,flickr,Aaron Liston,https://www.flickr.com/photos/97191628@N08/33466624871,https://live.staticflickr.com/2862/33466624871_8c178002b7_b.jpg,by-sa,2.0,https://creativecommons.org/licenses/by-sa/2.0/,mountain waterfall,1024,768,768,576,67.85,f48dae0c37ae68812874353ea2214ac7ab71da9e
1226.jpg,waterfall,c0b15caa-c76b-4dd9-8485-b40e5932f4d6,White Tank Mountains - Waterfall Trail,flickr,Aaron Liston,https://www.flickr.com/photos/97191628@N08/33212617130,https://live.staticflickr.com/2912/33212617130_2a9c32fb2e_b.jpg,by-sa,2.0,https://creativecommons.org/licenses/by-sa/2.0/,mountain waterfall,1024,768,768,576,77.973,5256fd994cd89dd986d3392589d458d65b458059
1229.jpg,waterfall,a85149f2-173b-44ab-8712-a37ce78c4d24,White Tank Mountains - Waterfall Trail,flickr,Aaron Liston,https://www.flickr.com/photos/97191628@N08/33466997511,https://live.staticflickr.com/2889/33466997511_5d0a66fe43_b.jpg,by-sa,2.0,https://creativecommons.org/licenses/by-sa/2.0/,mountain waterfall,1024,768,768,576,86.909,d6c7fd13cdba32d4fc640974d0d1603424f1136f
1230.jpg,waterfall,f37f52e1-b816-4fbb-9832-11e3c7884bbe,White Tank Mountains - Waterfall Trail,flickr,Aaron Liston,https://www.flickr.com/photos/97191628@N08/33596152205,https://live.staticflickr.com/2831/33596152205_c98509c985_b.jpg,by-sa,2.0,https://creativecommons.org/licenses/by-sa/2.0/,mountain waterfall,1024,768,768,576,12.448,4e07c6349f36d272434f9eeaccddebd0020ff85d
1231.jpg,waterfall,ba441db4-7a82-4b27-8d09-9e69a38e3282,White Tank Mountains - Waterfall Trail,flickr,Aaron Liston,https://www.flickr.com/photos/97191628@N08/32781645743,https://live.staticflickr.com/3816/32781645743_db309061c9_b.jpg,by-sa,2.0,https://creativecommons.org/licenses/by-sa/2.0/,mountain waterfall,1024,768,768,576,59.82,3bba310320ccc02e1459948609df2c4fdb424b25
1232.jpg,waterfall,804f4d52-06cb-4a40-bb5b-b5d6fc964b21,White Tank Mountains - Waterfall Trail,flickr,Aaron Liston,https://www.flickr.com/photos/97191628@N08/33466648611,https://live.staticflickr.com/2919/33466648611_e441b2971d_b.jpg,by-sa,2.0,https://creativecommons.org/licenses/by-sa/2.0/,mountain waterfall,1024,768,768,576,33.413,97e894329f0be08fd9779e2af048d9a21de033d1
1234.jpg,waterfall,696a12f8-0ff5-4cf4-9ddf-e42f991a35b9,White Tank Mountains - Waterfall Trail,flickr,Aaron Liston,https://www.flickr.com/photos/97191628@N08/33555806556,https://live.staticflickr.com/2940/33555806556_27f7e97b89_b.jpg,by-sa,2.0,https://creativecommons.org/licenses/by-sa/2.0/,mountain waterfall,1024,768,768,576,72.997,17d96a4a0fcc6a6790cf6b52da389ce4429276a3
1233.jpg,waterfall,09805b5f-c3bd-44a3-ae0d-53ce34adde1e,White Tank Mountains - Waterfall Trail,flickr,Aaron Liston,https://www.flickr.com/photos/97191628@N08/33212757350,https://live.staticflickr.com/3810/33212757350_708c570166_b.jpg,by-sa,2.0,https://creativecommons.org/licenses/by-sa/2.0/,mountain waterfall,1024,768,768,576,78.437,4d957374303eae66e31d45a05b5e8355fb5653d5
1237.jpg,waterfall,8dc9093d-2057-4922-b537-e13989a3ad40,White Tank Mountains - Waterfall Trail,flickr,Aaron Liston,https://www.flickr.com/photos/97191628@N08/32781730213,https://live.staticflickr.com/3845/32781730213_5ddca5b513_b.jpg,by-sa,2.0,https://creativecommons.org/licenses/by-sa/2.0/,mountain waterfall,1024,768,768,576,13.063,4f6cfe8a73d1e7f15f7f6dafbd47d2dddb86feba
1235.jpg,waterfall,88d5426a-67bf-4707-8490-4f75403b73dd,White Tank Mountains - Waterfall Trail,flickr,Aaron Liston,https://www.flickr.com/photos/97191628@N08/32753147274,https://live.staticflickr.com/2950/32753147274_f7795732a2_b.jpg,by-sa,2.0,https://creativecommons.org/licenses/by-sa/2.0/,mountain waterfall,1024,768,768,576,65.102,bc79c29987b35960b47c47f5630efe686a307f2d
1236.jpg,waterfall,a864779e-3db8-459b-b4fc-cb5ec9857609,White Tank Mountains - Waterfall Trail,flickr,Aaron Liston,https://www.flickr.com/photos/97191628@N08/32782407393,https://live.staticflickr.com/2917/32782407393_e13905a1d4_b.jpg,by-sa,2.0,https://creativecommons.org/licenses/by-sa/2.0/,mountain waterfall,1024,768,768,576,21.929,e75d26201c95715bd0c6dc987133540a2443b722
1239.jpg,waterfall,7ff8757b-6ad0-40d7-9701-053fd0a9c7d4,White Tank Mountains - Waterfall Trail,flickr,Aaron Liston,https://www.flickr.com/photos/97191628@N08/32782095263,https://live.staticflickr.com/2819/32782095263_c9aa40b76f_b.jpg,by-sa,2.0,https://creativecommons.org/licenses/by-sa/2.0/,mountain waterfall,1024,768,768,576,79.71,5dfa07751290134b7fd15094bfdf3dc65711e7f6
1238.jpg,waterfall,62e7eeb4-f94b-4c1b-9fb8-20d13c8dcfa5,White Tank Mountains - Waterfall Trail,flickr,Aaron Liston,https://www.flickr.com/photos/97191628@N08/33595774995,https://live.staticflickr.com/2931/33595774995_2af1490e23_b.jpg,by-sa,2.0,https://creativecommons.org/licenses/by-sa/2.0/,mountain waterfall,1024,768,768,576,34.794,9150fdfef0fc9d48658dfa2e137ca443b5a33733
1240.jpg,waterfall,ca47f590-55d8-4ed7-a1fb-027cbcfcb7b4,White Tank Mountains - Waterfall Trail,flickr,Aaron Liston,https://www.flickr.com/photos/97191628@N08/33213362140,https://live.staticflickr.com/3670/33213362140_b390a0ea20_b.jpg,by-sa,2.0,https://creativecommons.org/licenses/by-sa/2.0/,mountain waterfall,1024,768,768,576,63.983,b88c535d15a9ac821ca60520a9831300b2b08587
1243.jpg,waterfall,5294b85a-4e47-4b79-b75b-e669e1ca5c4a,White Tank Mountains - Waterfall Trail,flickr,Aaron Liston,https://www.flickr.com/photos/97191628@N08/33467220151,https://live.staticflickr.com/3666/33467220151_0cbaac9344_b.jpg,by-sa,2.0,https://creativecommons.org/licenses/by-sa/2.0/,mountain waterfall,1024,768,768,576,46.522,45e45d1f1bbf4b929dd411b03d2497b364c86057
1244.jpg,waterfall,88cf407a-97b9-46e1-8f51-c1185b41222d,White Tank Mountains - Waterfall Trail,flickr,Aaron Liston,https://www.flickr.com/photos/97191628@N08/32781769993,https://live.staticflickr.com/3827/32781769993_c699376afd_b.jpg,by-sa,2.0,https://creativecommons.org/licenses/by-sa/2.0/,mountain waterfall,1024,768,768,576,79.623,98766bf856d1a279f718f8e14f369cf05d3aea5e
1241.jpg,waterfall,057c74fb-8dc6-4a5b-aa92-e3f0ee2aa16e,White Tank Mountains - Waterfall Trail,flickr,Aaron Liston,https://www.flickr.com/photos/97191628@N08/33555373416,https://live.staticflickr.com/3715/33555373416_d9a45d4807_b.jpg,by-sa,2.0,https://creativecommons.org/licenses/by-sa/2.0/,mountain waterfall,1024,768,768,576,71.775,5cf62f897911dd7cd67c334f482d302e63a7dd54
1245.jpg,waterfall,078070ad-f055-48bc-b6a1-9c1bd747e912,White Tank Mountains - Waterfall Trail,flickr,Aaron Liston,https://www.flickr.com/photos/97191628@N08/32753773214,https://live.staticflickr.com/2879/32753773214_5ca444528f_b.jpg,by-sa,2.0,https://creativecommons.org/licenses/by-sa/2.0/,mountain waterfall,1024,768,768,576,69.099,9596bcbb5232b14925ae7985e13c8f82f09d68da
1242.jpg,waterfall,a928ade6-d63e-4e90-a162-39d0a4f42140,White Tank Mountains - Waterfall Trail,flickr,Aaron Liston,https://www.flickr.com/photos/97191628@N08/33439689042,https://live.staticflickr.com/2849/33439689042_2ecf98c12d_b.jpg,by-sa,2.0,https://creativecommons.org/licenses/by-sa/2.0/,mountain waterfall,1024,768,768,576,79.286,6c16f2e499e95d00a0d8ef8811fe04bce2d46824
1246.jpg,waterfall,923fb4a6-ded1-47a2-b63e-51a52dab5c91,White Tank Mountains - Waterfall Trail,flickr,Aaron Liston,https://www.flickr.com/photos/97191628@N08/33596363965,https://live.staticflickr.com/3849/33596363965_b7520045d5_b.jpg,by-sa,2.0,https://creativecommons.org/licenses/by-sa/2.0/,mountain waterfall,1024,768,768,576,58.079,6b83959c5225e8dd72faac8fee050052345c2ed7
1247.jpg,waterfall,9593d9ea-5664-471a-bdb7-ec5abf505476,White Tank Mountains - Waterfall Trail,flickr,Aaron Liston,https://www.flickr.com/photos/97191628@N08/33555598236,https://live.staticflickr.com/3678/33555598236_fbe912bd1a_b.jpg,by-sa,2.0,https://creativecommons.org/licenses/by-sa/2.0/,mountain waterfall,1024,768,768,576,79.628,fc980899f6a83c8705bd1dae4a72631dc18fbd61
1248.jpg,waterfall,13d247d2-1463-4178-bf19-39ce00c6d60f,White Tank Mountains - Waterfall Trail,flickr,Aaron Liston,https://www.flickr.com/photos/97191628@N08/33466854221,https://live.staticflickr.com/3852/33466854221_6142929590_b.jpg,by-sa,2.0,https://creativecommons.org/licenses/by-sa/2.0/,mountain waterfall,1024,768,768,576,30.828,3d249a92bf4055afa7c79c0897f9d6be474a9624
1251.jpg,waterfall,43b49c92-5f15-4c01-8d2e-9db1d172a365,White Tank Mountains - Waterfall Trail,flickr,Aaron Liston,https://www.flickr.com/photos/97191628@N08/33439754062,https://live.staticflickr.com/3943/33439754062_72c108d4dd_b.jpg,by-sa,2.0,https://creativecommons.org/licenses/by-sa/2.0/,mountain waterfall,1024,768,768,576,12.242,8a1b352220b8aed04b6641c5a704354fce9f5cc7
1249.jpg,waterfall,e1be9adc-a67c-4efe-9360-13ffc5716298,White Tank Mountains - Waterfall Trail,flickr,Aaron Liston,https://www.flickr.com/photos/97191628@N08/33555671716,https://live.staticflickr.com/3792/33555671716_77cc21a68e_b.jpg,by-sa,2.0,https://creativecommons.org/licenses/by-sa/2.0/,mountain waterfall,1024,768,768,576,30.023,87d9a7098ed33ff6cfe8e8b0f6a837a2f8c76a62
1250.jpg,waterfall,847f6ffd-1db4-4c9c-8b93-537eb4d0eb2f,White Tank Mountains - Waterfall Trail,flickr,Aaron Liston,https://www.flickr.com/photos/97191628@N08/33555260246,https://live.staticflickr.com/2848/33555260246_92aa96842b_b.jpg,by-sa,2.0,https://creativecommons.org/licenses/by-sa/2.0/,mountain waterfall,1024,768,768,576,75.935,7f51be58f303e67a3a11405509bbf7804cc3a753
1252.jpg,waterfall,ecbe533a-ee4b-418b-b6b8-4ae809c245a9,White Tank Mountains - Waterfall Trail,flickr,Aaron Liston,https://www.flickr.com/photos/97191628@N08/33596153935,https://live.staticflickr.com/3792/33596153935_0480cdefcf_b.jpg,by-sa,2.0,https://creativecommons.org/licenses/by-sa/2.0/,mountain waterfall,1024,768,768,576,78.357,2f87c42a4a59d458278d7677f2729387984cf704
1253.jpg,waterfall,1ab3d26d-2606-4a30-afdd-5ffd5965bd01,White Tank Mountains - Waterfall Trail,flickr,Aaron Liston,https://www.flickr.com/photos/97191628@N08/33212485370,https://live.staticflickr.com/2860/33212485370_99edbc9e2e_b.jpg,by-sa,2.0,https://creativecommons.org/licenses/by-sa/2.0/,mountain waterfall,1024,768,768,576,39.636,8a2b888418502d268dcf2ad3aada9660778f7244
1254.jpg,waterfall,f7641238-baa3-4c6b-9570-55aaaa120014,Waterfall Cliff,stocksnap,Tim Gouw,https://stocksnap.io/photo/waterfall-cliff-JNMTVSOWB1,https://cdn.stocksnap.io/img-thumbs/960w/JNMTVSOWB1.jpg,cc0,1.0,https://creativecommons.org/publicdomain/zero/1.0/,waterfall cliff,960,642,768,514,57.58,9129ecb2a1c1fca6ffb6e15a7548085126c6e307
1255.jpg,waterfall,c1f89169-ff9c-44a8-8781-cbf9de1c5ec9,View of waterfall cliff down to the trail,flickr,daveynin,https://www.flickr.com/photos/44124370018@N01/36612251663,https://live.staticflickr.com/4444/36612251663_118bbaefd5_b.jpg,by,2.0,https://creativecommons.org/licenses/by/2.0/,waterfall cliff,1024,683,768,512,55.686,db42e0e3738dfe5df7af52b284563d65b3d53329
1256.jpg,waterfall,bd450feb-1e70-487d-b996-070c92a0e651,waterfall cliff,flickr,maveric2003,https://www.flickr.com/photos/47983324@N00/27297829151,https://live.staticflickr.com/7134/27297829151_f827a0e322_b.jpg,by,2.0,https://creativecommons.org/licenses/by/2.0/,waterfall cliff,769,1024,577,768,75.196,f2af02ef8e67af3c45a2886c858a63e486c2d368
1257.jpg,waterfall,b6997839-db6a-407d-8800-3b1beab206ea,"Waterfalls, Cliff Beck",geographorguk,Karl and Ali,https://www.geograph.org.uk/photo/5497820,https://s0.geograph.org.uk/geophotos/05/49/78/5497820_059a2cea.jpg,by-sa,2.0,https://creativecommons.org/licenses/by-sa/2.0/,waterfall cliff,640,480,640,480,32.886,e739e52c8865f4d537c63c12dc04ae6fbfb6ded4
1261.jpg,waterfall,d76f3edf-2efe-4d28-b17b-81052f878511,Sweden highest,flickr,paulius.malinovskis,https://www.flickr.com/photos/134741223@N04/21300105064,https://live.staticflickr.com/5702/21300105064_e824cf1de4_b.jpg,by,2.0,https://creativecommons.org/licenses/by/2.0/,waterfall cliff,678,1024,508,768,86.199,a647c90577ca90c8e704a19ae71aa795c6c36fb6
1262.jpg,waterfall,8e71bc37-4179-423a-9b28-56168fac136f,Way to the shower,flickr,paulius.malinovskis,https://www.flickr.com/photos/134741223@N04/21922877685,https://live.staticflickr.com/5667/21922877685_da8c1cbf3d_b.jpg,by,2.0,https://creativecommons.org/licenses/by/2.0/,waterfall cliff,678,1024,508,768,65.202,fdd90d08baf41e263dbf186945a36f1e1806d425
1263.jpg,waterfall,2a28f334-ae63-49d3-8d14-fa2c4a3516a0,"Cline Falls, Oregon",flickr,Bonnie Moreland (free images),https://www.flickr.com/photos/66741228@N05/48424958951,https://live.staticflickr.com/65535/48424958951_d852079896_b.jpg,pdm,1.0,https://creativecommons.org/publicdomain/mark/1.0/,waterfall cliff,1024,683,768,512,66.593,ac33774d186d1f6c6618a124d8f55b6f6d4c9239
1264.jpg,waterfall,2dfe0067-0a87-4b45-9a8d-0d4ac8bb548e,Magic Lights,flickr,Jaykhuang,https://www.flickr.com/photos/50663863@N02/23681098084,https://live.staticflickr.com/1517/23681098084_9c5eccc6b2_b.jpg,by,2.0,https://creativecommons.org/licenses/by/2.0/,waterfall cliff,1024,683,768,512,42.691,1a976b41f6d98b0f19e3643622ef88cae17c99c2
1265.jpg,waterfall,d6c4843e-95a2-4c1c-adc2-943e3c6238bd,Goðafoss Waterfall,flickr,D-Stanley,https://www.flickr.com/photos/79721788@N00/52416568501,https://live.staticflickr.com/65535/52416568501_05e496aabf_b.jpg,by,2.0,https://creativecommons.org/licenses/by/2.0/,waterfall cliff,1024,768,768,576,42.165,e7a0d08aa14dbffcaeaa35de5ee2213daaa22af7
1266.jpg,waterfall,431a43cd-c133-4d89-b0d2-fba0d6ca1d94,"Downing Creek Falls, Oregon",flickr,Bonnie Moreland (free images),https://www.flickr.com/photos/66741228@N05/48801523021,https://live.staticflickr.com/65535/48801523021_8f8b2fb07c_b.jpg,pdm,1.0,https://creativecommons.org/publicdomain/mark/1.0/,waterfall cliff,1024,683,768,512,25.311,282d24c6725ea8c256eda659c47758f5d91137fd
1267.jpg,waterfall,2cae264f-bdaa-4c05-a901-a27897cc493b,Gibraltar - Rosia,flickr,Roy McGrail (krm gib),https://www.flickr.com/photos/12916649@N03/4675610126,https://live.staticflickr.com/4012/4675610126_d2b7d0735e.jpg,by-sa,2.0,https://creativecommons.org/licenses/by-sa/2.0/,waterfall cliff,500,356,500,356,65.1,1de4612ac6fc9e88fcdad54515b49070b23e75eb
1268.jpg,waterfall,a515cc38-f68d-45e8-8e2f-d216069b502e,"Tumalo Falls, Oregon",flickr,Bonnie Moreland (free images),https://www.flickr.com/photos/66741228@N05/29601045688,https://live.staticflickr.com/924/29601045688_2be9f414b4_b.jpg,pdm,1.0,https://creativecommons.org/publicdomain/mark/1.0/,waterfall cliff,1024,690,768,518,71.91,8c3ef008b905df58ab03e451fc9f0ed5b50b5470
1269.jpg,waterfall,7d480ad8-ff13-4f36-8cc4-653feb0fe667,Manai Waterfall / 真名井の滝(まないのたき),flickr,TANAKA Juuyoh (田中十洋),https://www.flickr.com/photos/13910409@N05/3431793271,https://live.staticflickr.com/3310/3431793271_92d58c2829_b.jpg,by,2.0,https://creativecommons.org/licenses/by/2.0/,waterfall cliff,1024,683,768,512,73.082,2cd4902051f6d218e218b6e104dd474f23099812
1270.jpg,waterfall,fb858393-3c4f-4541-96fc-28b03182a1ac,Bowen Falls Milford Sound NZ.,flickr,Bernard Spragg,https://www.flickr.com/photos/88123769@N02/10657996025,https://live.staticflickr.com/7370/10657996025_0936f74bbf_b.jpg,cc0,1.0,https://creativecommons.org/publicdomain/zero/1.0/,waterfall cliff,1023,670,768,503,60.354,9e8252fe5b6973d174f42723e7161d2a373414e3
1271.jpg,waterfall,8c5f52c1-244a-4775-8355-f90ba9853791,Calf Creek Canyon,flickr,U.S. Geological Survey,https://www.flickr.com/photos/27784370@N05/15310834533,https://live.staticflickr.com/7470/15310834533_53fb7bfdc3_b.jpg,by,2.0,https://creativecommons.org/licenses/by/2.0/,waterfall cliff,1024,683,768,512,48.73,e4448e465f08b2dadaf31608711223f2d871e95b
1272.jpg,waterfall,fdf27f44-a94f-4c76-994e-1590eb3a1896,"Brandywine Falls, British Columbia",flickr,moonjazz,https://www.flickr.com/photos/8398907@N02/4306396715,https://live.staticflickr.com/65535/4306396715_6bf396fbf4_b.jpg,by-sa,2.0,https://creativecommons.org/licenses/by-sa/2.0/,waterfall cliff,683,1024,512,768,59.488,61ae042f9ad02ef5798f9792e409405776a2e0a3
1273.jpg,waterfall,c7529315-ad7a-40b8-aa28-9150a34ce8bf,"Multnomah Falls, Oregon, in the autumn.",flickr,Bonnie Moreland (free images),https://www.flickr.com/photos/66741228@N05/48931923128,https://live.staticflickr.com/65535/48931923128_d957b746d3_b.jpg,pdm,1.0,https://creativecommons.org/publicdomain/mark/1.0/,waterfall cliff,1024,779,768,584,36.365,12462a3d6708a652a8e9a7439f4b050919b83c31
1275.jpg,waterfall,52593f3f-2eaa-441e-9504-2dea3ede6ca7,"Henline Falls, Oregon",flickr,Bonnie Moreland (free images),https://www.flickr.com/photos/66741228@N05/46610337245,https://live.staticflickr.com/7869/46610337245_9df709cf3e_b.jpg,pdm,1.0,https://creativecommons.org/publicdomain/mark/1.0/,waterfall cliff,683,1024,512,768,49.753,5447cd9a015a62717c649ae2d12eca1cce74c897
1274.jpg,waterfall,3e0f6f57-0068-40c7-ba4e-5be340c23d00,River / 川(かわ),flickr,TANAKA Juuyoh (田中十洋),https://www.flickr.com/photos/13910409@N05/3432789951,https://live.staticflickr.com/3547/3432789951_3d1dc66697_b.jpg,by,2.0,https://creativecommons.org/licenses/by/2.0/,waterfall cliff,1024,683,768,512,71.855,ea18c8edd09acfb8cb30166c1b97719916edc9d0
1276.jpg,waterfall,f90e9978-6c1e-4f8a-b222-4ba9a5dd5d2d,Lysefjord (from Kjerag) - Norway - Landscape photography,flickr,Giuseppe Milo (www.pixael.com),https://www.flickr.com/photos/87690240@N03/20541229285,https://live.staticflickr.com/5628/20541229285_f7e19d072a_b.jpg,by,2.0,https://creativecommons.org/licenses/by/2.0/,waterfall cliff,1023,682,768,512,71.81,e55d8bdf0cb160c1f7611858a277c40b522a83a8
1277.jpg,waterfall,8396b6cf-e6dc-486c-9788-8c88290186c1,Crusing on Milford Sound NZ,flickr,Bernard Spragg,https://www.flickr.com/photos/88123769@N02/37095651705,https://live.staticflickr.com/4360/37095651705_affb54d7af_b.jpg,cc0,1.0,https://creativecommons.org/publicdomain/zero/1.0/,waterfall cliff,1024,613,768,460,80.882,23e7e480dba533e6d986b6e405801da265f31f6a
1278.jpg,waterfall,ccc61f13-4c38-4556-88e5-f0c2beb1e0bb,Waterfall in Fading Daylight,flickr,Charlie From Bristol,https://www.flickr.com/photos/100915417@N07/52597222652,https://live.staticflickr.com/65535/52597222652_9681345c15_b.jpg,by,2.0,https://creativecommons.org/licenses/by/2.0/,waterfall cliff,683,1024,512,768,24.833,8c5cb29edd9b08e4c6426486240529bb52e9a1a2
1279.jpg,waterfall,d0e3c25a-d4d2-454e-a4ee-4b370cc681be,Waterfall at Keyhole Sink,flickr,Kaibab National Forest Photography,https://www.flickr.com/photos/48448783@N06/5492771910,https://live.staticflickr.com/5013/5492771910_669d6251ba_b.jpg,by-sa,2.0,https://creativecommons.org/licenses/by-sa/2.0/,waterfall cliff,1024,683,768,512,69.868,6d567efadbbf74e27f387d8cc8a5c9ca07fd98f5
1280.jpg,waterfall,37171fb8-5f40-45fd-94b8-fa2ebf49e461,"Hole-in-the-Wall Falls, Oregon",flickr,Bonnie Moreland (free images),https://www.flickr.com/photos/66741228@N05/48539296441,https://live.staticflickr.com/65535/48539296441_be8d67d1d2_b.jpg,pdm,1.0,https://creativecommons.org/publicdomain/mark/1.0/,waterfall cliff,683,1024,512,768,63.131,1f939e6ff62d54ad30115352f45bfb2156bbff32
1281.jpg,waterfall,719ac470-1a0f-4789-806c-9c2e53b1cc65,Colours of the rainbow,flickr,little_frank,https://www.flickr.com/photos/18481658@N00/389529610,https://live.staticflickr.com/164/389529610_c34c0e32b2_b.jpg,by,2.0,https://creativecommons.org/licenses/by/2.0/,waterfall cliff,1024,768,768,576,18.035,d58ff52fdabedc746b08fe0c55ec71c40af25064
1282.jpg,waterfall,b7a41d13-818c-44ac-856d-503115283a40,Fairie pool,flickr,Gunn Shots !,https://www.flickr.com/photos/22592971@N04/51615444935,https://live.staticflickr.com/65535/51615444935_bf9319b0e8_b.jpg,by,2.0,https://creativecommons.org/licenses/by/2.0/,waterfall cliff,683,1024,512,768,67.011,0755714f46428e2e6345f07d14e2a7880a7c5245
1283.jpg,waterfall,fc3d738d-891f-4af6-9e30-6dd0be28a602,Erawan Waterfalls -- 7 Steps to Heaven,flickr,Todd Huffman,https://www.flickr.com/photos/99287245@N00/183136189,https://live.staticflickr.com/74/183136189_8ded33db2f_b.jpg,by-sa,2.0,https://creativecommons.org/licenses/by-sa/2.0/,waterfall cliff,768,1024,576,768,58.604,657f4fd5da5c98ee8e6739d3bce5bf017906c618
1284.jpg,waterfall,4ee728a3-f2ae-4a87-b855-16ab0cfa13d1,Erawan Waterfalls -- 7 Steps to Heaven,flickr,Todd Huffman,https://www.flickr.com/photos/99287245@N00/183135232,https://live.staticflickr.com/70/183135232_05b6e2337a_b.jpg,by-sa,2.0,https://creativecommons.org/licenses/by-sa/2.0/,waterfall cliff,768,1024,576,768,54.419,5f1acc924a35c5f102439ad0db946bd6bd2577f6
1286.jpg,waterfall,a7d49bf1-1f13-4090-841d-7eb8afd55439,"Tvindefossen Waterfall - Skulestadmo, Norway - Landscape photography",flickr,Giuseppe Milo (www.pixael.com),https://www.flickr.com/photos/87690240@N03/24742855021,https://live.staticflickr.com/1525/24742855021_178d574993_b.jpg,by,2.0,https://creativecommons.org/licenses/by/2.0/,waterfall cliff,683,1024,512,768,72.071,00c8952975db11201d509a116465c09ebeed47fe
1285.jpg,waterfall,c9f1684e-2eb2-4757-9de4-eecbd7888513,Shipwreck Bay.,flickr,Anna Oates,https://www.flickr.com/photos/31095405@N06/2915623567,https://live.staticflickr.com/3224/2915623567_572e1095cc_b.jpg,by,2.0,https://creativecommons.org/licenses/by/2.0/,waterfall cliff,1024,768,768,576,42.685,a096bd26f79f9d87703059cc9673c454e3df4b78
1287.jpg,waterfall,7d30b054-2410-480c-bc18-9e263921f961,"Tumalo Falls, Oregon",flickr,Bonnie Moreland (free images),https://www.flickr.com/photos/66741228@N05/43471740511,https://live.staticflickr.com/1823/43471740511_6df8704590_b.jpg,pdm,1.0,https://creativecommons.org/publicdomain/mark/1.0/,waterfall cliff,1024,683,768,512,56.3,f14b31d00916954a4c9bc30336b2d59d284ebf36
1288.jpg,waterfall,aad8ecaa-eb17-4809-bc0a-1083ad2c7af3,"Downing Creek Falls, Oregon",flickr,Bonnie Moreland (free images),https://www.flickr.com/photos/66741228@N05/48801182173,https://live.staticflickr.com/65535/48801182173_b5a643c3f4_b.jpg,pdm,1.0,https://creativecommons.org/publicdomain/mark/1.0/,waterfall cliff,1024,683,768,512,40.458,dfbf6f2c473bcec3c1d39c5b6e04e320ef497621
1289.jpg,waterfall,a17b1d82-6ef1-4b2b-8e2e-02bdad586036,Wall of Tears,flickr,jurvetson,https://www.flickr.com/photos/44124348109@N01/310876224,https://live.staticflickr.com/108/310876224_2c6a763c6a_b.jpg,by,2.0,https://creativecommons.org/licenses/by/2.0/,waterfall cliff,1023,726,768,545,71.233,950273a3f96860139429e03b2d1a0f1a9666cd25
1291.jpg,waterfall,e5b8bb15-4444-454b-8ef1-46aa30e58857,Manai Waterfall / 真名井の滝(まないのたき),flickr,TANAKA Juuyoh (田中十洋),https://www.flickr.com/photos/13910409@N05/3432795733,https://live.staticflickr.com/3343/3432795733_d2147e1a27_b.jpg,by,2.0,https://creativecommons.org/licenses/by/2.0/,waterfall cliff,1024,683,768,512,71.324,56cf7447a2f841091e79492124418c351e8fcd0c
1290.jpg,waterfall,ef07ae0e-c44a-43a1-8889-2bb279bc79e7,Yosemite National Park,flickr,Koshyk,https://www.flickr.com/photos/97235261@N00/5675818725,https://live.staticflickr.com/5224/5675818725_4385d08a18_b.jpg,by,2.0,https://creativecommons.org/licenses/by/2.0/,waterfall cliff,1000,664,768,510,46.248,b736cec58729905f738ee88475c92bb9c86ec0ba
1292.jpg,waterfall,fa69a0dd-b609-47a3-8779-6cc20d589228,"Cabin Creek Falls, Oregon",flickr,Bonnie Moreland (free images),https://www.flickr.com/photos/66741228@N05/48474173701,https://live.staticflickr.com/65535/48474173701_c75d444fce_b.jpg,pdm,1.0,https://creativecommons.org/publicdomain/mark/1.0/,waterfall cliff,683,1024,512,768,64.546,1d95961f238bed29bd2afa8b1bc9434f579478ad
1293.jpg,waterfall,d7e65e31-7f68-4ef9-a2a5-44bdddb249b1,Barbados,flickr,Ben124.,https://www.flickr.com/photos/9298216@N08/6943576143,https://live.staticflickr.com/7193/6943576143_d6ba599fe0_b.jpg,by,2.0,https://creativecommons.org/licenses/by/2.0/,waterfall cliff,782,1024,586,768,47.605,1a27a87c6f6911582d12f2ed3978843a780ebfab
1294.jpg,waterfall,2d8d9212-ac54-414f-8b55-164a84003fe4,"Verdon Gorge, France",flickr,Richard Allaway,https://www.flickr.com/photos/16287002@N00/2919279222,https://live.staticflickr.com/3146/2919279222_accf1145f0_b.jpg,by,2.0,https://creativecommons.org/licenses/by/2.0/,waterfall cliff,683,1024,512,768,66.274,31efa08b3feb776ed5dd3ae21c73a9ffa32127a2
1295.jpg,waterfall,88b77188-d960-4547-b0f8-6910b4a38778,DeSoto Falls,flickr,jody.claborn,https://www.flickr.com/photos/130478877@N02/20250555291,https://live.staticflickr.com/310/20250555291_b0c0ffec7b_b.jpg,pdm,1.0,https://creativecommons.org/publicdomain/mark/1.0/,waterfall cliff,683,1024,512,768,77.5,a302c1d1782cc2710c08acf21d2a834c6cc2972d
1297.jpg,waterfall,60318f09-4fe1-4810-9e6a-90b39136d68e,"McKay Crossing Falls, Oregon",flickr,Bonnie Moreland (free images),https://www.flickr.com/photos/66741228@N05/49939427922,https://live.staticflickr.com/65535/49939427922_7bf79c2055_b.jpg,pdm,1.0,https://creativecommons.org/publicdomain/mark/1.0/,waterfall cliff,1024,672,768,504,53.368,9cc0d10f6fb7d3428b29584986ba2fdec5caa51a
1296.jpg,waterfall,bf0aa7d7-e412-4a20-bf2c-152d9129a08c,"Horsetail Falls, Oregon, in autumn",flickr,Bonnie Moreland (free images),https://www.flickr.com/photos/66741228@N05/49008773821,https://live.staticflickr.com/65535/49008773821_3338e5305b_b.jpg,pdm,1.0,https://creativecommons.org/publicdomain/mark/1.0/,waterfall cliff,683,1024,512,768,54.284,14ff54cded25f290727f754a931d40e2d4e85b55
1298.jpg,waterfall,8b1b385e-309f-4538-ac36-b549a841bd80,Milford Sound Waterfalls,flickr,indii.org / Lawrence Murray,https://www.flickr.com/photos/22699083@N04/6216843285,https://live.staticflickr.com/6215/6216843285_65ec6a1f75_b.jpg,by,2.0,https://creativecommons.org/licenses/by/2.0/,waterfall cliff,1024,553,768,415,52.892,0c53e6137699d867e9ec80a2344f729aac171041
1299.jpg,waterfall,04014a2b-f1fb-4657-a482-6fbab10fe01e,"Latourelle Falls, Oregon, in autumn.",flickr,Bonnie Moreland (free images),https://www.flickr.com/photos/66741228@N05/48983098163,https://live.staticflickr.com/65535/48983098163_23bc5f9f8d_b.jpg,pdm,1.0,https://creativecommons.org/publicdomain/mark/1.0/,waterfall cliff,1024,683,768,512,65.614,2fed631f05dfb55a970516e365c08d4e4665e27e
1300.jpg,waterfall,62b7ea98-ec4b-4c04-87a6-12ca4633c00e,"Winter Falls, Silver Falls State Park, Oregon",flickr,Bonnie Moreland (free images),https://www.flickr.com/photos/66741228@N05/49171177336,https://live.staticflickr.com/65535/49171177336_508891e1e5_b.jpg,pdm,1.0,https://creativecommons.org/publicdomain/mark/1.0/,waterfall cliff,683,1024,512,768,67.686,a8aebd83faa4c0d854f0d8e8bda815ccdbd9df9d
1301.jpg,waterfall,1fe2c325-d3dd-42f0-8e88-c70c3685ddcb,Artist Point. Yellowstone. NP,flickr,Bernard Spragg,https://www.flickr.com/photos/88123769@N02/30657776088,https://live.staticflickr.com/1867/30657776088_c3c03072f3_b.jpg,cc0,1.0,https://creativecommons.org/publicdomain/zero/1.0/,waterfall cliff,1023,656,768,492,71.272,672e833798abc95589bc4f42ba49125624794bac
1302.jpg,waterfall,e8a472ee-bc0e-43c7-afa4-820b05a397f3,Down Stream,flickr,BLM Oregon & Washington,https://www.flickr.com/photos/50169152@N06/11406931563,https://live.staticflickr.com/5519/11406931563_1a51e1a1e9_b.jpg,by,2.0,https://creativecommons.org/licenses/by/2.0/,waterfall cliff,1024,683,768,512,71.262,b9e668da3396620d6f137cb9290caed6c72841a9
1303.jpg,waterfall,77f729c0-6dc9-4e10-913a-a445c4c798b7,Up Stream,flickr,BLM Oregon & Washington,https://www.flickr.com/photos/50169152@N06/11406842595,https://live.staticflickr.com/7451/11406842595_7b1789d928_b.jpg,by,2.0,https://creativecommons.org/licenses/by/2.0/,waterfall cliff,1024,683,768,512,78.159,3d1216dafb2783402a6a4537410f307b2425fea0
1304.jpg,waterfall,43ace479-b210-4f3c-bcc3-a4e964f176c5,"Sendefossen - Myrkdal, Norway - Landscape photography",flickr,Giuseppe Milo (www.pixael.com),https://www.flickr.com/photos/87690240@N03/20653894451,https://live.staticflickr.com/641/20653894451_eaa7dbe664_b.jpg,by,2.0,https://creativecommons.org/licenses/by/2.0/,waterfall cliff,1024,306,768,230,66.021,1374d4d97672b6d5e5bf496ccc5725f5bc64fe5c
1305.jpg,waterfall,c5b86ab5-0b63-40fa-a938-0c382713ef55,Sutherland Falls Milford Track c. 1890 - c. 1910 - Smaller,flickr,Archives New Zealand,https://www.flickr.com/photos/35759981@N08/10567958903,https://live.staticflickr.com/7388/10567958903_8cca5c9ff7_b.jpg,by,2.0,https://creativecommons.org/licenses/by/2.0/,waterfall cliff,1024,1022,768,767,47.291,4d2f1e659bf2c69361386ebb9eaf8e7539f9c744
1307.jpg,waterfall,a6506282-1fa6-41d6-a91b-65c9ac0cc512,"Trollstigen - Rauma, Norway - Landscape photography",flickr,Giuseppe Milo (www.pixael.com),https://www.flickr.com/photos/87690240@N03/24552507922,https://live.staticflickr.com/1671/24552507922_b48a2dd8fd_b.jpg,by,2.0,https://creativecommons.org/licenses/by/2.0/,waterfall cliff,1024,741,768,556,65.262,f0790f9e84eeae3acffa917757558ecd601fd06c
1308.jpg,waterfall,2c439dea-b1e1-4972-bcad-e55378f076c0,Bridalveil Fall - Yosemite National Park,flickr,Jorge Lascar,https://www.flickr.com/photos/8721758@N06/42636703162,https://live.staticflickr.com/1721/42636703162_a4b2a98bda_b.jpg,by,2.0,https://creativecommons.org/licenses/by/2.0/,waterfall cliff,1023,683,768,513,62.442,5701e5a3b1588512ce1cfdc4e76dfa1ebbddd08f
1306.jpg,waterfall,038e8dd5-29a6-4c5c-87d3-2d889c5dd534,Tiered,flickr,Nicholas_T,https://www.flickr.com/photos/14922165@N00/3284254905,https://live.staticflickr.com/3487/3284254905_a8845c02bf_b.jpg,by,2.0,https://creativecommons.org/licenses/by/2.0/,waterfall cliff,953,1024,715,768,74.586,5007ecb9cc17495baa25121fc62b2ec907d54e46
1310.jpg,waterfall,3db08078-f61d-4629-856f-bfb657669209,Selfoss Panorama,flickr,Bernd Thaller,https://www.flickr.com/photos/44296132@N06/46279904272,https://live.staticflickr.com/4893/46279904272_13a7dc68bf_b.jpg,by,2.0,https://creativecommons.org/licenses/by/2.0/,waterfall cliff,1024,512,768,384,65.209,539c1cc8969e3e23630e1bb3747d2cd1f076f861
1309.jpg,waterfall,5004f61f-d83c-406c-9887-e8b07a919df2,Where the water falls,flickr,paulius.malinovskis,https://www.flickr.com/photos/134741223@N04/21300158754,https://live.staticflickr.com/690/21300158754_aba187d644_b.jpg,by,2.0,https://creativecommons.org/licenses/by/2.0/,waterfall cliff,1024,678,768,509,54.466,5ce80c6c89717a82d85b3756a6c7297b19378e4b
1311.jpg,waterfall,ab5cc09e-3403-4579-a915-bf8a095a5f02,The Invitation,flickr,mpardo.photo,https://www.flickr.com/photos/130551911@N05/18214342590,https://live.staticflickr.com/464/18214342590_5a13aaa61a_b.jpg,cc0,1.0,https://creativecommons.org/publicdomain/zero/1.0/,waterfall cliff,1024,678,768,509,68.891,f78c123d2533043654bdabe8b28fa28b9f1cd0b4
1312.jpg,waterfall,dbd7db74-627c-4b18-bac1-a69989f3f329,"Beaver Creek Falls, Oregon",flickr,Bonnie Moreland (free images),https://www.flickr.com/photos/66741228@N05/48953142173,https://live.staticflickr.com/65535/48953142173_75d767c4bb_b.jpg,pdm,1.0,https://creativecommons.org/publicdomain/mark/1.0/,waterfall cliff,1024,683,768,512,52.159,dad400450c3274435c35fa7cffc4ef61b3f7296b
1313.jpg,waterfall,d597c3bc-1ca8-432c-9eba-72bd10debc30,Erawan Waterfalls -- 7 Steps to Heaven,flickr,Todd Huffman,https://www.flickr.com/photos/99287245@N00/183134915,https://live.staticflickr.com/62/183134915_943915c4af_b.jpg,by-sa,2.0,https://creativecommons.org/licenses/by-sa/2.0/,waterfall cliff,768,1024,576,768,54.661,15688a996067891df915d88cc3aeac74dd29d1f3
1315.jpg,waterfall,8f83e7d7-1d47-42b1-b1ff-2c39753196ae,"Green Paradise, Olympic National Park, Washington State",flickr,moonjazz,https://www.flickr.com/photos/8398907@N02/3054982816,https://live.staticflickr.com/3042/3054982816_40dc8c84db_b.jpg,pdm,1.0,https://creativecommons.org/publicdomain/mark/1.0/,waterfall cliff,1024,768,768,576,59.31,f446ee70fe6ae90770460fe19dcc4a59644d7668
1314.jpg,waterfall,2393be9f-51e3-424a-b184-2bfd90026c21,The smallest of the four waterfalls,flickr,charlieishere@btinternet.com,https://www.flickr.com/photos/100915417@N07/49992362626,https://live.staticflickr.com/65535/49992362626_87d58f8af3_b.jpg,by,2.0,https://creativecommons.org/licenses/by/2.0/,waterfall cliff,1023,683,768,513,54.495,7e9ca89d4a399014e42dc5ec9a2ee1dda1e5b645
1316.jpg,waterfall,ed41fbd1-42c0-46b5-895a-cdd00c2d61b4,"Fall Creek Falls, Oregon",flickr,Bonnie Moreland (free images),https://www.flickr.com/photos/66741228@N05/48910287046,https://live.staticflickr.com/65535/48910287046_003613889b_b.jpg,pdm,1.0,https://creativecommons.org/publicdomain/mark/1.0/,waterfall cliff,1024,683,768,512,46.748,454d2fbaad44f3c4e539673c8ad3356eda5db28b
1317.jpg,waterfall,aadffd8b-50fe-4550-a200-a423051efde3,Oneonta Gorge Tunnel 2,flickr,Kirt Edblom,https://www.flickr.com/photos/27190564@N02/14139799004,https://live.staticflickr.com/7382/14139799004_3af12bc0a5_b.jpg,by-sa,2.0,https://creativecommons.org/licenses/by-sa/2.0/,waterfall cliff,1024,768,768,576,41.463,9fb5767b8b40a95af3ab41ca309eab569e393ccf
1319.jpg,waterfall,1f62ca98-95fe-4c60-957d-25388780fcfc,Red Cliffs NCA,flickr,mypubliclands,https://www.flickr.com/photos/91981596@N06/26153923214,https://live.staticflickr.com/1619/26153923214_816cf9eec3_b.jpg,by,2.0,https://creativecommons.org/licenses/by/2.0/,waterfall cliff,1024,682,768,512,55.245,2fe0b14bfccc63331bf725d0da1589885c2e0b34
1318.jpg,waterfall,af01cc0d-6f28-4d03-8c2d-475150e1a179,"Nooksack River, Washington State",flickr,Rose Braverman,https://www.flickr.com/photos/75446397@N08/6778600460,https://live.staticflickr.com/7181/6778600460_d658fcbd7b_b.jpg,by,2.0,https://creativecommons.org/licenses/by/2.0/,waterfall cliff,681,1024,511,768,74.241,7b044a8a1f64b4cf5959dd0f98978c617c598324
1320.jpg,waterfall,eb0ca0df-1c01-404e-922a-b722d29b702b,"Nooksack River, Washington State",flickr,Rose Braverman,https://www.flickr.com/photos/75446397@N08/6778597190,https://live.staticflickr.com/7183/6778597190_a5fc0ce290_b.jpg,by,2.0,https://creativecommons.org/licenses/by/2.0/,waterfall cliff,1024,681,768,511,52.023,8bb151ad39195ca07546dc98c0b6cd38d9b37181
1321.jpg,waterfall,74df7745-de95-441e-9c22-6c59cf37bf7d,The Largest of the Four Waterfalls,flickr,charlieishere@btinternet.com,https://www.flickr.com/photos/100915417@N07/49992607447,https://live.staticflickr.com/65535/49992607447_5b4209806d_b.jpg,by,2.0,https://creativecommons.org/licenses/by/2.0/,waterfall cliff,1024,680,768,510,37.843,04a90c7eba7f37035563a6ede8ea6f551903d03b
1322.jpg,waterfall,75e01a1b-085a-4d9e-9f25-3141321e67f4,Skógafoss waterfall,flickr,big-ashb,https://www.flickr.com/photos/26673904@N00/351866354,https://live.staticflickr.com/124/351866354_f32be60779_b.jpg,by,2.0,https://creativecommons.org/licenses/by/2.0/,waterfall cliff,1024,768,768,576,64.176,35c2b812402f19bb2da5ef885d9395c4496f8533
1325.jpg,waterfall,d1f5f1a8-b4eb-46bf-85c2-c11b1b26fd95,Columbia River Gorge view from near Hood River,flickr,woodleywonderworks,https://www.flickr.com/photos/73645804@N00/2712147416,https://live.staticflickr.com/3289/2712147416_6bb3552812_b.jpg,by,2.0,https://creativecommons.org/licenses/by/2.0/,waterfall cliff,1024,399,768,299,28.825,e8920a55cfbc6ac6c5b045e8065ec6060f9e915f
1323.jpg,waterfall,2a09afab-3b45-45c3-a293-767531caeb86,Pura Luhur Uluwatu,flickr,Arian Zwegers,https://www.flickr.com/photos/67769030@N07/6843391646,https://live.staticflickr.com/7039/6843391646_b70a8e7c9a_b.jpg,by,2.0,https://creativecommons.org/licenses/by/2.0/,waterfall cliff,683,1024,512,768,58.088,c0aa2e9020a90376a845bf6b09ed89d8c01cf668
1326.jpg,waterfall,c0c284e5-65a3-4424-be0c-4a79e394254f,Walker's Cattleya (Cattleya walkeriana). Fragrant flowers with pink petals and rose-purple lips bloom from late winter to early summer.,flickr,Swallowtail Garden Seeds,https://www.flickr.com/photos/97123293@N07/16535668585,https://live.staticflickr.com/8621/16535668585_fafbf529de_b.jpg,pdm,1.0,https://creativecommons.org/publicdomain/mark/1.0/,waterfall cliff,629,1024,472,768,36.646,e9c5f4bab9e8d64f12c54ebce20a6510745a297d
1329.jpg,waterfall,94095afe-ae1e-448e-9ab6-cc1a60851635,Upper Latourell Falls,flickr,Kirt Edblom,https://www.flickr.com/photos/27190564@N02/14164970443,https://live.staticflickr.com/7414/14164970443_181e2b9544_b.jpg,by-sa,2.0,https://creativecommons.org/licenses/by-sa/2.0/,waterfall cliff,1024,768,768,576,71.325,f2a2af4d02476dd94139b2d5439be16716c68d32
1327.jpg,waterfall,b2a020d1-99f9-45d2-b5a1-915773b81010,The Mermaid's Pool,flickr,BinaryApe,https://www.flickr.com/photos/93001633@N00/155635682,https://live.staticflickr.com/65/155635682_7e647ed10f_b.jpg,by,2.0,https://creativecommons.org/licenses/by/2.0/,waterfall cliff,1024,768,768,576,29.228,73b39949ea88b8d6db18aeb54b406ec58fdef4a9
1328.jpg,waterfall,1c60e7b6-6914-4b10-8653-aa42cae1ada2,Taughannock Falls State Park - New York,flickr,Dougtone,https://www.flickr.com/photos/7327243@N05/5728165427,https://live.staticflickr.com/5105/5728165427_9201d565c6_b.jpg,by-sa,2.0,https://creativecommons.org/licenses/by-sa/2.0/,waterfall cliff,1024,768,768,576,38.035,72acd7e033c40d87c9b26b1092f369110829b261
1330.jpg,waterfall,dcfc128d-fc89-4b96-9f8f-308caa503273,Waterfall at Temple of Sinawava,flickr,ZionNPS,https://www.flickr.com/photos/54168808@N03/5025517223,https://live.staticflickr.com/4128/5025517223_8665873ced_b.jpg,by,2.0,https://creativecommons.org/licenses/by/2.0/,waterfall cliff,768,1024,576,768,57.366,3a6892a1149a147be1fbdb17d5ba3de7d44a91c7
1333.jpg,waterfall,888eaf22-fa5a-4213-bca1-404883a16124,Erawan Waterfalls -- 7 Steps to Heaven,flickr,Todd Huffman,https://www.flickr.com/photos/99287245@N00/183133842,https://live.staticflickr.com/22/183133842_a01eec2622_b.jpg,by-sa,2.0,https://creativecommons.org/licenses/by-sa/2.0/,waterfall cliff,679,1024,509,768,49.023,22e08b9d0b5da0d5dddd219e650acb99f8c97ea6
1332.jpg,waterfall,f048524e-546b-4903-b596-5f26df152467,Manai Waterfall / 真名井の滝(まないのたき),flickr,TANAKA Juuyoh (田中十洋),https://www.flickr.com/photos/13910409@N05/3429512733,https://live.staticflickr.com/3658/3429512733_1906a31335_b.jpg,by,2.0,https://creativecommons.org/licenses/by/2.0/,waterfall cliff,683,1024,512,768,71.75,ffe61dfa0685e2e5b1fef79b877253c8721c23f2
1331.jpg,waterfall,652d5b54-4b77-451c-ad67-b2c7e445dfbd,"Noosack River, Washington State",flickr,Rose Braverman,https://www.flickr.com/photos/75446397@N08/6924713617,https://live.staticflickr.com/7041/6924713617_80fef605c6_b.jpg,by,2.0,https://creativecommons.org/licenses/by/2.0/,waterfall cliff,681,1024,511,768,59.676,da25a34e449d569481942af91e06eb9b4397e42c
1334.jpg,waterfall,29d6f9d8-4309-4ac8-b722-a1a2b849f83f,Erawan Waterfalls -- 7 Steps to Heaven,flickr,Todd Huffman,https://www.flickr.com/photos/99287245@N00/183135878,https://live.staticflickr.com/65/183135878_6ed764a63f_b.jpg,by-sa,2.0,https://creativecommons.org/licenses/by-sa/2.0/,waterfall cliff,768,1024,576,768,68.792,c2d594ca4fad6cdb062e53f7c006dda49a22cc10
1335.jpg,waterfall,ea9dc810-ed17-4f78-84b8-6b2147506f5e,Erawan Waterfalls -- 7 Steps to Heaven,flickr,Todd Huffman,https://www.flickr.com/photos/99287245@N00/183134138,https://live.staticflickr.com/76/183134138_7d90756428_b.jpg,by-sa,2.0,https://creativecommons.org/licenses/by-sa/2.0/,waterfall cliff,768,1024,576,768,67.999,c5345c0ba19a961090f1bc496fcc0ee4e0a36bf6
1337.jpg,waterfall,f5707137-39e2-480d-bb23-bd75951ba98d,DeSoto Falls Panoramic View,flickr,jody.claborn,https://www.flickr.com/photos/130478877@N02/19626419804,https://live.staticflickr.com/310/19626419804_7ae52e7f30_b.jpg,pdm,1.0,https://creativecommons.org/publicdomain/mark/1.0/,waterfall cliff,1023,462,768,347,71.01,3ac3f267c84b8442ff7e233881093747bfad7bf5
1336.jpg,waterfall,43ccf1b8-dda6-40d6-a896-a6f94e5991d2,Erawan Waterfalls -- 7 Steps to Heaven,flickr,Todd Huffman,https://www.flickr.com/photos/99287245@N00/183136385,https://live.staticflickr.com/21/183136385_e91931ccd5_b.jpg,by-sa,2.0,https://creativecommons.org/licenses/by-sa/2.0/,waterfall cliff,768,1024,576,768,66.433,c3ec129bddc289096ac27928bdf84e88e67c6f6d
1338.jpg,waterfall,adab3bf9-4abc-4709-9036-76ce675125a8,What a Hight!,flickr,Jocey K,https://www.flickr.com/photos/48627921@N05/11195285336,https://live.staticflickr.com/2806/11195285336_5dd1abbab8_b.jpg,by-sa,2.0,https://creativecommons.org/licenses/by-sa/2.0/,waterfall cliff,639,1000,491,768,72.866,c0eda867713e032cde21f61bfd94d30db5799bfe
1339.jpg,waterfall,eadd7b18-c19c-42d1-9af0-8bb8fbf42334,River Scenery,flickr,Emil Pakarklis,https://www.flickr.com/photos/80097961@N06/7888789386,https://live.staticflickr.com/8306/7888789386_d70b88c6f3_b.jpg,by,2.0,https://creativecommons.org/licenses/by/2.0/,waterfall cliff,1024,1024,768,768,65.11,77e614c28eb16c3c940deed3060ab7266512067b
1345.jpg,waterfall,d49ca0aa-2b92-4e8b-95d5-f0b2737a7e2a,Taughannock Falls on a Foggy Morning,flickr,John Brighenti,https://www.flickr.com/photos/94359914@N06/44304475705,https://live.staticflickr.com/1935/44304475705_6b27179df6_b.jpg,by,2.0,https://creativecommons.org/licenses/by/2.0/,waterfall cliff,1024,683,768,512,44.054,9d324495ea232768d2c91703bcee72a3ef1323c4
1344.jpg,waterfall,884b1aa4-26a9-4bbc-a3b8-c5a79d5e5a62,"Yosemite National Park, El Capitan, Half Dome, and Bridalveil Fall, from Tunnel View",flickr,Arian Zwegers,https://www.flickr.com/photos/67769030@N07/7882617076,https://live.staticflickr.com/7137/7882617076_959cf6087b_b.jpg,by,2.0,https://creativecommons.org/licenses/by/2.0/,waterfall cliff,1024,683,768,512,41.915,e88907842757f32f32afb774b3730d9f14549a0e
1343.jpg,waterfall,0572abd8-4d17-495c-98bd-e94261b1507f,niagara6,flickr,MATAVI@,https://www.flickr.com/photos/24590525@N06/3359203376,https://live.staticflickr.com/3641/3359203376_cdecbd6c9f_b.jpg,by,2.0,https://creativecommons.org/licenses/by/2.0/,waterfall cliff,1024,768,768,576,63.377,32580892c6f0a900bd6d93be2729a91386a3520a
1341.jpg,waterfall,5b269563-faed-4126-b06f-fff97625052d,"Yosemite National Park, Yosemite Falls",flickr,Arian Zwegers,https://www.flickr.com/photos/67769030@N07/7882750796,https://live.staticflickr.com/8283/7882750796_295ed11e17_b.jpg,by,2.0,https://creativecommons.org/licenses/by/2.0/,waterfall cliff,683,1024,512,768,69.275,31849d07a0e31166bcaa612291cb94fcff3246a4
1342.jpg,waterfall,920de920-9842-4a30-b1d0-b77a8b58caa9,Truman Track Dusk.,flickr,Bernard Spragg,https://www.flickr.com/photos/88123769@N02/52003345914,https://live.staticflickr.com/65535/52003345914_ce92be04b1_b.jpg,pdm,1.0,https://creativecommons.org/publicdomain/mark/1.0/,waterfall cliff,1024,683,768,512,55.057,8f9a67714deb39bc4d293a94c75e73b85b883d43
1346.jpg,waterfall,9d21ff77-c7be-4bb5-9493-222f28dab50c,"The Organ, Zion Canyon, Zion National Park, Utah",flickr,Ken Lund,https://www.flickr.com/photos/75683070@N00/1025343687,https://live.staticflickr.com/1026/1025343687_d24aa3c517_b.jpg,by-sa,2.0,https://creativecommons.org/licenses/by-sa/2.0/,waterfall cliff,1024,768,768,576,52.269,59294fb7dd22b9bb20d964bc1a13b76b8b452bf7
1347.jpg,waterfall,0809392a-8b5f-4908-a8ce-5f914c88b3e3,"Temple of Sinawava, Zion Canyon, Zion National Park, Utah",flickr,Ken Lund,https://www.flickr.com/photos/75683070@N00/1025374923,https://live.staticflickr.com/1379/1025374923_01f17ece0c_b.jpg,by-sa,2.0,https://creativecommons.org/licenses/by-sa/2.0/,waterfall cliff,1024,768,768,576,62.444,5d7ab8a50740ed7cb02aac5592fd552ffe8212f5
1348.jpg,waterfall,5345ce55-c28e-4bee-b548-d9fd4932a0a6,"Bridal Veil Falls, Columbia River Gorge",flickr,Kirt Edblom,https://www.flickr.com/photos/27190564@N02/13930150208,https://live.staticflickr.com/2898/13930150208_3bdf9a0cd4_b.jpg,by-sa,2.0,https://creativecommons.org/licenses/by-sa/2.0/,waterfall cliff,591,1023,444,768,73.228,7d1c7c3de2fb80baaeecbb43825f9d54ab4a7169
1351.jpg,waterfall,4abc773b-cfa6-448e-824b-66fd4425d5d3,Seljalandsfoss,flickr,Bernd Thaller,https://www.flickr.com/photos/44296132@N06/42902124820,https://live.staticflickr.com/1876/42902124820_566d132f42_b.jpg,by,2.0,https://creativecommons.org/licenses/by/2.0/,waterfall cliff,1024,683,768,512,35.653,4a6bdeec28696e29010857dc57ccc5675cce06bd
1352.jpg,waterfall,ce15a841-79d3-4224-b5a0-ea68b35eb53e,"Court of the Patriarchs, Zion Canyon, Zion National Park, Utah",flickr,Ken Lund,https://www.flickr.com/photos/75683070@N00/1026077696,https://live.staticflickr.com/1153/1026077696_9c3340147f_b.jpg,by-sa,2.0,https://creativecommons.org/licenses/by-sa/2.0/,waterfall cliff,1024,768,768,576,58.619,05bf91605cbaf3088463de9c692953bbdd1d6e4a
1350.jpg,waterfall,3853dfd3-52e3-4340-8eb8-1822da0dbc04,Mule Creek,flickr,BLM Oregon & Washington,https://www.flickr.com/photos/50169152@N06/11407172313,https://live.staticflickr.com/5511/11407172313_48c9a78afb_b.jpg,by,2.0,https://creativecommons.org/licenses/by/2.0/,waterfall cliff,1024,683,768,512,73.752,1509bdc287f6fb50dfa21d40f83556f7c9998a37
1349.jpg,waterfall,f5530b07-a66d-4ad5-a25a-eb454511eb12,DSC07730 - Cliffs to the Sea,flickr,archer10 (Dennis),https://www.flickr.com/photos/22490717@N02/35913820805,https://live.staticflickr.com/4210/35913820805_3ea0983a7d_b.jpg,by-sa,2.0,https://creativecommons.org/licenses/by-sa/2.0/,waterfall cliff,1024,683,768,512,84.793,0a8804fa5b7e9f0e00c8f0ba2bd689d98a300317
1353.jpg,waterfall,88d793f0-6421-475f-a375-79a4cb3dbd5a,Wolf Creek Falls Trail,flickr,BLM Oregon & Washington,https://www.flickr.com/photos/50169152@N06/32196819094,https://live.staticflickr.com/3787/32196819094_306662873a_b.jpg,by,2.0,https://creativecommons.org/licenses/by/2.0/,waterfall cliff,1024,683,768,512,67.318,000faccb654678fe736d8a9f32cf6d68231faeb4
1355.jpg,waterfall,4853001c-34bb-40b5-9f78-04988abd78e2,"Fremont River, Capitol Reef National Park 2",flickr,Ken Lund,https://www.flickr.com/photos/75683070@N00/2519253359,https://live.staticflickr.com/2288/2519253359_e8b2c68ecb_b.jpg,by-sa,2.0,https://creativecommons.org/licenses/by-sa/2.0/,waterfall cliff,683,1024,512,768,23.554,99ed2fd204f5fb45bc72a739fc116e26643edea9
1354.jpg,waterfall,cb08ecdb-2509-407b-ba67-4d44a7ca7a28,Wolf Creek Falls Trail,flickr,BLM Oregon & Washington,https://www.flickr.com/photos/50169152@N06/33042343915,https://live.staticflickr.com/2491/33042343915_609859e325_b.jpg,by,2.0,https://creativecommons.org/licenses/by/2.0/,waterfall cliff,768,1024,576,768,63.872,59e181fe8e4af23d32d91560fc7f7bbcd0af67e6
1359.jpg,waterfall,711764c9-5adb-48fe-98ad-2a92c6a16bc9,At the touch of you...,flickr,Leda Carter,https://www.flickr.com/photos/70763077@N03/15830899716,https://live.staticflickr.com/8683/15830899716_389e439dc4_b.jpg,by-sa,2.0,https://creativecommons.org/licenses/by-sa/2.0/,waterfall cliff,1024,649,768,487,8.294,254ae816b981af97097b51d05ed22c3fc607d189
1357.jpg,waterfall,5908008d-e967-42c2-b6b7-2d3d6883548a,"Salto Hacha at Canaima Lagoon, Venezuela",flickr,Stig Nygaard,https://www.flickr.com/photos/10259776@N00/19526503213,https://live.staticflickr.com/414/19526503213_ab505ec632_b.jpg,by,2.0,https://creativecommons.org/licenses/by/2.0/,waterfall cliff,1024,683,768,512,58.233,73bcc8f9f1ca2558fb4d193bbea262c28f5873c4
1358.jpg,waterfall,5231d3ca-3d85-43f5-b064-896acef743f6,Skógafoss waterfall,flickr,big-ashb,https://www.flickr.com/photos/26673904@N00/351866141,https://live.staticflickr.com/133/351866141_f7c9db3b9f_b.jpg,by,2.0,https://creativecommons.org/licenses/by/2.0/,waterfall cliff,1024,768,768,576,29.472,f2bb1667de146c85dfa7f7833c57a55c3c713d1b
1356.jpg,waterfall,96151002-0fc7-4bec-98fc-351be3744127,Govetts Leap Waterfall,flickr,Lenny K Photography,https://www.flickr.com/photos/57527070@N06/32095596670,https://live.staticflickr.com/561/32095596670_864b12d047_b.jpg,by,2.0,https://creativecommons.org/licenses/by/2.0/,waterfall cliff,1023,683,768,513,48.315,eadd97102d20e0eec5d79754a3a43b85f1ed66f2
1360.jpg,waterfall,981f3a23-e3f0-45d3-9e76-4dbdb178770f,"Fremont River Falls, Capitol Reef National Park",flickr,Ken Lund,https://www.flickr.com/photos/75683070@N00/2520075252,https://live.staticflickr.com/2269/2520075252_1487953ee9_b.jpg,by-sa,2.0,https://creativecommons.org/licenses/by-sa/2.0/,waterfall cliff,1024,683,768,512,40.073,0ab8909b1f6eea97a27e2fb2db4998717fa4b091
1361.jpg,waterfall,227a692a-ec0c-42ad-9b7b-dc8872150f9c,"Picnic Creek, Kondalilla National Park",flickr,Lenny K Photography,https://www.flickr.com/photos/57527070@N06/33102246874,https://live.staticflickr.com/3929/33102246874_66221c4725_b.jpg,by,2.0,https://creativecommons.org/licenses/by/2.0/,waterfall cliff,1024,683,768,512,73.322,641670d77b8a02df1a786179e6aad5487d68cd86
1362.jpg,waterfall,11b1734e-85e3-4859-b6aa-942c63f0c7b9,"Fremont River, Capitol Reef National Park",flickr,Ken Lund,https://www.flickr.com/photos/75683070@N00/2519252461,https://live.staticflickr.com/2359/2519252461_ff4860eb06_b.jpg,by-sa,2.0,https://creativecommons.org/licenses/by-sa/2.0/,waterfall cliff,1024,682,768,512,55.596,f9efc9f2a1170ffb90a6cb3d9a33654d46dbb459
1367.jpg,waterfall,f7673a15-b09f-4c6c-8445-25f6e62a4981,Power Generator,flickr,Masked Builder,https://www.flickr.com/photos/47285408@N04/8426830995,https://live.staticflickr.com/8515/8426830995_f9a1d6416d.jpg,by,2.0,https://creativecommons.org/licenses/by/2.0/,waterfall cliff,500,375,500,375,50.826,90c668fcb1853341ec066206eeb177e3fdfffc29
1365.jpg,waterfall,51f9297f-f61b-4daf-9ff9-69be83e90374,Dawn cruise Milford Sound. NZ,flickr,Bernard Spragg,https://www.flickr.com/photos/88123769@N02/27520172586,https://live.staticflickr.com/7184/27520172586_dfb8281957_b.jpg,cc0,1.0,https://creativecommons.org/publicdomain/zero/1.0/,waterfall cliff,1024,612,768,459,34.923,8968493a032e8ae647b6b7dc2b8d324a031f993c
1366.jpg,waterfall,d522a94c-691c-4b15-9c7c-1315672ed2a8,"Multnomah Falls, Oregon",flickr,Bonnie Moreland (free images),https://www.flickr.com/photos/66741228@N05/48650748617,https://live.staticflickr.com/65535/48650748617_ec7faf3dbe_b.jpg,pdm,1.0,https://creativecommons.org/publicdomain/mark/1.0/,waterfall cliff,819,1024,614,768,55.217,93637cc244e622e31cbdb9105a8d8be3c9d48dff
1364.jpg,waterfall,ba26d657-3b06-4402-94b1-96a9355405e0,Wolf Creek Falls Trail,flickr,BLM Oregon & Washington,https://www.flickr.com/photos/50169152@N06/33000601856,https://live.staticflickr.com/3680/33000601856_a063df992c_b.jpg,by,2.0,https://creativecommons.org/licenses/by/2.0/,waterfall cliff,1024,768,768,576,87.463,e8bf6074e15220c9b5bb5f9a1db45b25d8b6a732
1368.jpg,waterfall,9002d289-6f98-4ca9-be33-ebe33f87e021,Zion National Park.,flickr,Bernard Spragg,https://www.flickr.com/photos/88123769@N02/49633116318,https://live.staticflickr.com/65535/49633116318_920dbfd4de_b.jpg,cc0,1.0,https://creativecommons.org/publicdomain/zero/1.0/,waterfall cliff,1024,587,768,440,65.75,392ee92051e1bd90856930dfaf8ea11bf83279a7
1369.jpg,waterfall,d235df2d-285a-4a41-ac33-52b6807ec625,Raonbows and Waterfalls,flickr,Jocey K,https://www.flickr.com/photos/48627921@N05/11195275596,https://live.staticflickr.com/2863/11195275596_caee825855_b.jpg,by-sa,2.0,https://creativecommons.org/licenses/by-sa/2.0/,waterfall cliff,669,1000,514,768,70.252,55c2e26b65d7963a6303d5612f7fb91c84fe87a7
1370.jpg,waterfall,8824e36e-1f63-466c-8896-2cdf7542e4ed,Barbados,flickr,Ben124.,https://www.flickr.com/photos/9298216@N08/7018264119,https://live.staticflickr.com/7256/7018264119_bd2c73bbff_b.jpg,by,2.0,https://creativecommons.org/licenses/by/2.0/,waterfall cliff,689,1024,517,768,68.851,fc67cc1be56afebd1967255487e67a4150044645
1371.jpg,waterfall,7abf60be-0781-42b4-aca1-3dae73ba5c3d,Fog at Vermilion Cliffs,flickr,snowpeak,https://www.flickr.com/photos/53986933@N00/11376866564,https://live.staticflickr.com/3775/11376866564_5e9400f1df_b.jpg,by,2.0,https://creativecommons.org/licenses/by/2.0/,waterfall cliff,1024,720,768,540,46.955,6782c675a1be36cf7ab5b4d9879294cdf971fb29
1372.jpg,waterfall,1afdc135-6ac6-43dd-9e2f-b6c530eb6d1b,Erawan Waterfalls -- 7 Steps to Heaven,flickr,Todd Huffman,https://www.flickr.com/photos/99287245@N00/183133711,https://live.staticflickr.com/6/183133711_129d81183c_b.jpg,by-sa,2.0,https://creativecommons.org/licenses/by-sa/2.0/,waterfall cliff,768,1024,576,768,67.189,8b7ef9076c009b4b1cdb8455a31cc1b770519a9e
1373.jpg,waterfall,12717719-25f9-4deb-8b12-754f58c42331,Erawan Waterfalls -- 7 Steps to Heaven,flickr,Todd Huffman,https://www.flickr.com/photos/99287245@N00/183134714,https://live.staticflickr.com/21/183134714_01b81881e7_b.jpg,by-sa,2.0,https://creativecommons.org/licenses/by-sa/2.0/,waterfall cliff,768,1024,576,768,64.742,74383b2b9a2ca92089276db72519f047e4d24355
1374.jpg,waterfall,994f4d8a-2cd6-4cf8-9ca5-e467a3197c6d,Erawan Waterfalls -- 7 Steps to Heaven,flickr,Todd Huffman,https://www.flickr.com/photos/99287245@N00/183135428,https://live.staticflickr.com/59/183135428_a3bcf380d8_b.jpg,by-sa,2.0,https://creativecommons.org/licenses/by-sa/2.0/,waterfall cliff,768,1024,576,768,62.775,592d7f218d57f73e422bafd6b00fd185934150c4
1375.jpg,waterfall,71374e7d-dc4a-4748-b40c-49eb7490e98e,Erawan Waterfalls -- 7 Steps to Heaven,flickr,Todd Huffman,https://www.flickr.com/photos/99287245@N00/183133963,https://live.staticflickr.com/45/183133963_983f551e04_b.jpg,by-sa,2.0,https://creativecommons.org/licenses/by-sa/2.0/,waterfall cliff,1024,768,768,576,68.39,6c576d47fc88196f983e679352d15230122f92a6
1377.jpg,waterfall,e8a6218c-e95b-41aa-8064-8a1869324944,"Opal Pool Falls, Oregon",flickr,Bonnie Moreland (free images),https://www.flickr.com/photos/66741228@N05/33723005084,https://live.staticflickr.com/4185/33723005084_141f242cbb_b.jpg,pdm,1.0,https://creativecommons.org/publicdomain/mark/1.0/,waterfall cliff,1024,579,768,434,72.382,c54c26178adc233bf543ceed40713dc3e2100902
1376.jpg,waterfall,9bf915fc-78a0-4593-b4e6-7672b3ac25cf,Low Flow DeSoto Falls From Above,flickr,jody.claborn,https://www.flickr.com/photos/130478877@N02/20247481985,https://live.staticflickr.com/452/20247481985_f43e3658bc_b.jpg,pdm,1.0,https://creativecommons.org/publicdomain/mark/1.0/,waterfall cliff,1024,682,768,512,77.29,89db60cbb8202c2e8f6ccde6ae7451f6d1902c30
1378.jpg,waterfall,4c8dcef4-9c01-4426-a7db-4295fec6f663,Shower Time,flickr,Jocey K,https://www.flickr.com/photos/48627921@N05/11195266444,https://live.staticflickr.com/2832/11195266444_67799ee2bc_b.jpg,by-sa,2.0,https://creativecommons.org/licenses/by-sa/2.0/,waterfall cliff,669,1000,514,768,66.218,417662a0c15f3e491fb5a13a0056009fcc39e152
1379.jpg,waterfall,79ce686e-a4ba-41e9-9394-585eb55205e0,"Looks Small, but are Big",flickr,Jocey K,https://www.flickr.com/photos/48627921@N05/11195287704,https://live.staticflickr.com/7352/11195287704_9659bd8cfb_b.jpg,by-sa,2.0,https://creativecommons.org/licenses/by-sa/2.0/,waterfall cliff,669,1000,514,768,78.271,18f9668f6221b915abaf75ff2c6f3ed2a4a8c176
1381.jpg,waterfall,8ada877d-d32e-4573-ba39-c2e790de662c,Gásadalur,flickr,Stefan Wisselink,https://www.flickr.com/photos/135727714@N06/20691451558,https://live.staticflickr.com/765/20691451558_337b906e24_b.jpg,by,2.0,https://creativecommons.org/licenses/by/2.0/,waterfall cliff,1024,647,768,485,52.352,54a9d63a3f8cac64c92bf9b875d96b42cb949d54
1380.jpg,waterfall,d6f48a8f-23fb-40ec-9828-4b037dd1f7f6,South Falls at the end of autumn,flickr,Bonnie Moreland (free images),https://www.flickr.com/photos/66741228@N05/24082728677,https://live.staticflickr.com/4679/24082728677_0c87467774_b.jpg,pdm,1.0,https://creativecommons.org/publicdomain/mark/1.0/,waterfall cliff,1024,683,768,512,58.9,55cf17abc9f155188b4321bb53ed4fbd000aa2a7
1383.jpg,waterfall,5ffa818e-de3c-412a-8cad-2e9bc49496ba,"Zion Canyon, Zion National Park, Utah",flickr,Ken Lund,https://www.flickr.com/photos/75683070@N00/1025362051,https://live.staticflickr.com/1410/1025362051_c44495471c_b.jpg,by-sa,2.0,https://creativecommons.org/licenses/by-sa/2.0/,waterfall cliff,1024,768,768,576,49.806,493b73f1c5643a6abc038ddd676a39fcd068a12b
1382.jpg,waterfall,c8a2139d-72f7-47bf-ab72-2dbd6a15fdde,Grand Canyon National Park: Ribbon Falls 0913e,flickr,Grand Canyon NPS,https://www.flickr.com/photos/50693818@N08/6687267983,https://live.staticflickr.com/7030/6687267983_763631f3af_b.jpg,by,2.0,https://creativecommons.org/licenses/by/2.0/,waterfall cliff,635,1024,476,768,65.323,8de8d43df4923a8da297dd3f06173aaeeaa1e92f
1384.jpg,waterfall,6b034f00-ad65-4cd0-b5da-31ea9b697899,Sumidero,flickr,16:9clue,https://www.flickr.com/photos/53255320@N07/4931879824,https://live.staticflickr.com/4115/4931879824_f515452cae_b.jpg,by,2.0,https://creativecommons.org/licenses/by/2.0/,waterfall cliff,1024,576,768,432,43.432,241e8d99b4804bbcd3c8d078930ae86c1514b3d7
1385.jpg,waterfall,dfcea045-8140-411e-832f-445a2dfe5eba,Grand Canyon Nat Park: N Kaibab Trail - Roaring Springs 0128,flickr,Grand Canyon NPS,https://www.flickr.com/photos/50693818@N08/6798528319,https://live.staticflickr.com/7144/6798528319_bf51d603d8_b.jpg,by,2.0,https://creativecommons.org/licenses/by/2.0/,waterfall cliff,768,1024,576,768,53.655,5f20fca541cf1f9368262b6ea240fc12c634457c
1388.jpg,waterfall,dd853a9a-c0b3-451e-9a48-ea810aa0a231,"Zion Canyon, Zion National Park, Utah",flickr,Ken Lund,https://www.flickr.com/photos/75683070@N00/1026192922,https://live.staticflickr.com/1056/1026192922_1c1c287419_b.jpg,by-sa,2.0,https://creativecommons.org/licenses/by-sa/2.0/,waterfall cliff,1024,768,768,576,52.772,8929e391a82bc742cefb7d8b72cfcb1ac145b4e8
1386.jpg,waterfall,8642bc62-4edf-4774-9dff-7996ceda6a65,Seljalandsfoss-2,flickr,Bernd Thaller,https://www.flickr.com/photos/44296132@N06/44669260075,https://live.staticflickr.com/1943/44669260075_340742f8d4_b.jpg,by,2.0,https://creativecommons.org/licenses/by/2.0/,waterfall cliff,1024,633,768,475,49.963,59f18c6524d44b1a0e5821a2c512735af630e09c
1389.jpg,waterfall,aa18c8bf-cae6-41bb-82b2-6570b53ec32d,Cliffs,flickr,icelight,https://www.flickr.com/photos/64886991@N00/94096573,https://live.staticflickr.com/13/94096573_9487385748_b.jpg,by,2.0,https://creativecommons.org/licenses/by/2.0/,waterfall cliff,768,1024,576,768,60.501,53da454d7a517e440d34dc42f8e9b56c98dd2e89
1390.jpg,waterfall,8a180b51-d708-450b-ae02-65c3af756eb3,Cliff jumping at Punch Bowl Falls,flickr,Sam Beebe,https://www.flickr.com/photos/28585409@N04/5051938988,https://live.staticflickr.com/4126/5051938988_1b8650cb06_b.jpg,by,2.0,https://creativecommons.org/licenses/by/2.0/,waterfall cliff,683,1023,513,768,43.831,2d0b5e45c4af3b6617f5810f71fa12e92dd707eb
1391.jpg,waterfall,6b881464-d9b6-4a6b-9ef6-a62e45f997bc,Argentina - Bariloche trekking 010 - Glacier Castaño Overo spilling water and ice over the cliff on Cerro Tronador,flickr,mckaysavage,https://www.flickr.com/photos/56796376@N00/6797410625,https://live.staticflickr.com/7014/6797410625_106e94ab1c_b.jpg,by,2.0,https://creativecommons.org/licenses/by/2.0/,waterfall cliff,1024,680,768,510,46.746,6e7799504cbd520788cde550803bb20b8f5de8e3
1394.jpg,waterfall,896705b9-12d9-42bc-867a-182a70caa24b,"The Altar and the Pulpit, Zion Canyon, Zion National Park, Utah",flickr,Ken Lund,https://www.flickr.com/photos/75683070@N00/1025444311,https://live.staticflickr.com/1183/1025444311_efd5cc9737_b.jpg,by-sa,2.0,https://creativecommons.org/licenses/by-sa/2.0/,waterfall cliff,768,1024,576,768,52.41,8b8aaa0671cdf50502c18186b042767cd1ba77e9
1395.jpg,waterfall,8b28836e-e112-48e7-bbe1-8720501be14e,"Zion Canyon, Zion National Park, Utah",flickr,Ken Lund,https://www.flickr.com/photos/75683070@N00/1026196442,https://live.staticflickr.com/1131/1026196442_24a3844524_b.jpg,by-sa,2.0,https://creativecommons.org/licenses/by-sa/2.0/,waterfall cliff,1024,768,768,576,57.76,edf416f2bc6ade2bc28252ac665c3c4781128393
1393.jpg,waterfall,e8fd15e8-288a-4556-a90f-9576ad884cfd,Waterfall over Cliff,flickr,Image Catalog,https://www.flickr.com/photos/132795455@N08/23267975891,https://live.staticflickr.com/5681/23267975891_c75acedf9f_b.jpg,cc0,1.0,https://creativecommons.org/publicdomain/zero/1.0/,waterfall cliff,1024,683,768,512,35.653,1b5add4f18cd43965b60a6092c2e0ee7f9f887be
1392.jpg,waterfall,356188ec-8531-44f0-9266-95d4bd9e3168,"Zion Canyon, Zion National Park, Utah",flickr,Ken Lund,https://www.flickr.com/photos/75683070@N00/1026151248,https://live.staticflickr.com/1405/1026151248_27a8ac1c8a_b.jpg,by-sa,2.0,https://creativecommons.org/licenses/by-sa/2.0/,waterfall cliff,1024,768,768,576,56.004,7e7ee6ed05c0affc823d3881431d0dd21a3a07d2
1396.jpg,waterfall,b30795cc-1c7c-4c30-a0c6-1e080f04b3a4,"Zion Canyon, Zion National Park, Utah",flickr,Ken Lund,https://www.flickr.com/photos/75683070@N00/1025332047,https://live.staticflickr.com/1302/1025332047_930ca3ac3b_b.jpg,by-sa,2.0,https://creativecommons.org/licenses/by-sa/2.0/,waterfall cliff,1024,768,768,576,63.696,9d6cdad38901a176c95fbe7bed2d43bb36492964
1398.jpg,waterfall,407b0368-b300-42ec-adb9-96dbdbaf66cf,"Court of the Patriarchs, Zion Canyon, Zion National Park, Utah",flickr,Ken Lund,https://www.flickr.com/photos/75683070@N00/1025201277,https://live.staticflickr.com/1242/1025201277_6303f6ba6a_b.jpg,by-sa,2.0,https://creativecommons.org/licenses/by-sa/2.0/,waterfall cliff,1024,768,768,576,58.837,8e7e0a2c75d098d728e89f8c469fb13193e75768
1397.jpg,waterfall,d46dd4f9-c03f-4427-8c4e-99bd7df35e7a,"Court of the Patriarchs, Zion Canyon, Zion National Park, Utah",flickr,Ken Lund,https://www.flickr.com/photos/75683070@N00/1026034872,https://live.staticflickr.com/1399/1026034872_ddf47c7b68_b.jpg,by-sa,2.0,https://creativecommons.org/licenses/by-sa/2.0/,waterfall cliff,1024,768,768,576,47.639,b4d1ce72bfe3a05a19474d90962a3ed3766e5231
1399.jpg,waterfall,d2870f9e-228c-4236-8ca5-607937838a19,Oneonta Tunnel,flickr,Kirt Edblom,https://www.flickr.com/photos/27190564@N02/14136247381,https://live.staticflickr.com/5235/14136247381_22d9885691_b.jpg,by-sa,2.0,https://creativecommons.org/licenses/by-sa/2.0/,waterfall cliff,1024,768,768,576,59.784,053627f9e4de21630fc9874186cd3c9c2fe4177d
1401.jpg,waterfall,72b6fada-29d8-495d-b70a-e3f124559288,"Nooksack River, WA",flickr,Rose Braverman,https://www.flickr.com/photos/75446397@N08/6778598402,https://live.staticflickr.com/7196/6778598402_232174a55b_b.jpg,by,2.0,https://creativecommons.org/licenses/by/2.0/,waterfall cliff,1024,681,768,511,54.791,2b3e4d3e41f95530e3c8cad3148f8dc53b058e8e
1400.jpg,waterfall,26a4bed7-8ad8-44ac-8e8c-6c0ef0dc6ee7,Red Cliffs NCA,flickr,mypubliclands,https://www.flickr.com/photos/91981596@N06/26153922484,https://live.staticflickr.com/1598/26153922484_29777febc5_b.jpg,by,2.0,https://creativecommons.org/licenses/by/2.0/,waterfall cliff,1024,665,768,499,61.249,86cbf7e3d3bc29b53d68f73d493928562a5d3c68
1402.jpg,waterfall,d0ded110-a896-4d62-9e7b-01a408447519,Skógafoss,flickr,Bernd Thaller,https://www.flickr.com/photos/44296132@N06/44652382132,https://live.staticflickr.com/1843/44652382132_d6c3a4015a_b.jpg,by,2.0,https://creativecommons.org/licenses/by/2.0/,waterfall cliff,1024,502,768,377,47.661,d570d3e7c589aeec944c7a5f62b989ea5782761a
1404.jpg,waterfall,874597d1-da75-4763-a258-173324bf61a1,Yellowstone NP. Artist Point.,flickr,Bernard Spragg,https://www.flickr.com/photos/88123769@N02/50264910453,https://live.staticflickr.com/65535/50264910453_db9f3d2715_b.jpg,cc0,1.0,https://creativecommons.org/publicdomain/zero/1.0/,waterfall cliff,1024,617,768,463,65.096,62515d8608087c9b015a8b8190cdc19e6f0cd585
1405.jpg,waterfall,33ab2624-a802-457f-aeda-16b89b6d9c12,Milford Sound New Zealand.,flickr,Bernard Spragg,https://www.flickr.com/photos/88123769@N02/51506069034,https://live.staticflickr.com/65535/51506069034_7d268105c2_b.jpg,pdm,1.0,https://creativecommons.org/publicdomain/mark/1.0/,waterfall cliff,1024,682,768,512,41.799,e8dffea420bde6ba9dba6ae3a0e96cc7bc127af7
1403.jpg,waterfall,7a6533eb-0a3d-4e8c-9071-ee8c17fcf250,Mountains Tops and Waterfalls,flickr,Jocey K,https://www.flickr.com/photos/48627921@N05/11195225725,https://live.staticflickr.com/7326/11195225725_59f8b7e578_b.jpg,by-sa,2.0,https://creativecommons.org/licenses/by-sa/2.0/,waterfall cliff,655,1000,503,768,75.607,9dee9a7a9d6049c02bf9bfcba50c933bf60a2d2d
1406.jpg,waterfall,ffb4d287-c668-4095-a91b-4fd13dfcc479,Welcome to Bildudalur,flickr,Helgi Halldórsson/Freddi,https://www.flickr.com/photos/8058853@N06/699540305,https://live.staticflickr.com/1400/699540305_4b903ec3c2_b.jpg,by-sa,2.0,https://creativecommons.org/licenses/by-sa/2.0/,waterfall cliff,1024,768,768,576,37.533,c1a3db1067876056e0c537408eebe1db3bfeca86
1408.jpg,waterfall,e02960dc-63cf-450f-8f14-1ed55938cc13,Day break Milford Sound NZ,flickr,Bernard Spragg,https://www.flickr.com/photos/88123769@N02/51539836947,https://live.staticflickr.com/65535/51539836947_547eacd796_b.jpg,pdm,1.0,https://creativecommons.org/publicdomain/mark/1.0/,waterfall cliff,1024,566,768,425,29.22,a22b26afad071e4432f58720963e34298d15765c
1409.jpg,waterfall,5ffad8ea-1827-4b38-9282-b65d197d26c6,"The Cascades, Freshwater Valley, Cairns District, c 1935",flickr,Queensland State Archives,https://www.flickr.com/photos/60455048@N02/30384130574,https://live.staticflickr.com/5710/30384130574_6905c91216_b.jpg,pdm,1.0,https://creativecommons.org/publicdomain/mark/1.0/,waterfall cliff,1024,710,768,533,72.644,d0df8d415b508605327c830e8434251693733159
1407.jpg,waterfall,545cdaff-f4bc-4787-9548-0b60901a475c,Garnitzenklamm,flickr,Bernd Thaller,https://www.flickr.com/photos/44296132@N06/50275461938,https://live.staticflickr.com/65535/50275461938_45b63f0ac4_b.jpg,by,2.0,https://creativecommons.org/licenses/by/2.0/,waterfall cliff,1024,512,768,384,66.147,a69c3c2a00bb7cc9ab103f9263e104f9b42b946d
1410.jpg,waterfall,80904f11-bbc7-4b26-b207-10def6765322,"El Capitan, Half Dome, and Bridalveil Fall - Yosemite National Park",flickr,Jorge Lascar,https://www.flickr.com/photos/8721758@N06/27002948849,https://live.staticflickr.com/4551/27002948849_9b0ab56673_b.jpg,by,2.0,https://creativecommons.org/licenses/by/2.0/,waterfall cliff,1024,473,768,355,39.623,90f9601ad38d884e72f4949235c8e273ae1a97da
1412.jpg,waterfall,9af5813d-c341-49b7-801f-54dc87850977,"Red barn, Norway,",flickr,moonjazz,https://www.flickr.com/photos/8398907@N02/7394861160,https://live.staticflickr.com/5466/7394861160_d4b528008c.jpg,by,2.0,https://creativecommons.org/licenses/by/2.0/,waterfall cliff,395,500,395,500,78.446,275b375baa23d16132c64700b1ef4043def2d04f
1413.jpg,waterfall,c3256032-ed09-482f-9d96-a9cd3bf37c77,"El Capitan, Half Dome, and Bridalveil Fall - Yosemite National Park",flickr,Jorge Lascar,https://www.flickr.com/photos/8721758@N06/28812378448,https://live.staticflickr.com/1750/28812378448_8f0cfb32e2_b.jpg,by,2.0,https://creativecommons.org/licenses/by/2.0/,waterfall cliff,1023,683,768,513,48.747,a8fc900aaeed96ee334c22973f7e1f613f6e8025
1411.jpg,waterfall,43c4887c-c416-4385-9ae2-0b1c28251ac3,"Noosa National Park, c 1958",flickr,Queensland State Archives,https://www.flickr.com/photos/60455048@N02/31482418592,https://live.staticflickr.com/490/31482418592_744b600fa6_b.jpg,pdm,1.0,https://creativecommons.org/publicdomain/mark/1.0/,waterfall cliff,1023,729,768,547,79.888,4d5f5ab3c9328224dc4200bf48404f02d44ddecd
1414.jpg,waterfall,f15ae050-a117-449b-8307-a50278df983e,Wolf Creek Falls Trail,flickr,BLM Oregon & Washington,https://www.flickr.com/photos/50169152@N06/32196820434,https://live.staticflickr.com/2023/32196820434_2eacd93e51_b.jpg,by,2.0,https://creativecommons.org/licenses/by/2.0/,waterfall cliff,768,1024,576,768,61.346,3c744dd30e33d9deecdfb8548f5d06982e623c3e
1416.jpg,waterfall,96220f1c-0a25-4ee9-9532-77bb4c473ea7,"Yosemite National Park, Wawona area, Grizzly Giant",flickr,Arian Zwegers,https://www.flickr.com/photos/67769030@N07/7889406484,https://live.staticflickr.com/8321/7889406484_fae13553b5_b.jpg,by,2.0,https://creativecommons.org/licenses/by/2.0/,waterfall cliff,683,1024,512,768,62.027,4573cb7aec281576f2e5fe6e835351d90b047094
1415.jpg,waterfall,3f471543-879b-481d-a3aa-2cdb3161435f,Bridalveil Fall - Yosemite National Park,flickr,Jorge Lascar,https://www.flickr.com/photos/8721758@N06/42636644112,https://live.staticflickr.com/1731/42636644112_c1bbe0b186_b.jpg,by,2.0,https://creativecommons.org/licenses/by/2.0/,waterfall cliff,1024,453,768,340,86.579,5d9195914ee8186c3a0f7b867a3bcdef572a11dc
1419.jpg,waterfall,d649d15d-739b-411f-b306-b33dcdd6b275,Lake Canaima,flickr,Stig Nygaard,https://www.flickr.com/photos/10259776@N00/28376667698,https://live.staticflickr.com/825/28376667698_4a409ce1ae_b.jpg,by,2.0,https://creativecommons.org/licenses/by/2.0/,waterfall cliff,1023,621,768,466,61.697,7f1b689b17b4cdf1b60b195cf45aa21e4c6861d6
1417.jpg,waterfall,5e87da95-a136-4740-ad0e-590321a7357d,Sun over the edge,flickr,paulius.malinovskis,https://www.flickr.com/photos/134741223@N04/21932555321,https://live.staticflickr.com/687/21932555321_1cbf1d2f50_b.jpg,by,2.0,https://creativecommons.org/licenses/by/2.0/,waterfall cliff,1024,662,768,497,47.843,270458d2a2327d974fcc64da63bdd813d56528da
1418.jpg,waterfall,0384fb62-7924-4ea3-b35b-c86a3c0faecc,Taughannock Falls State Park - New York,flickr,Dougtone,https://www.flickr.com/photos/7327243@N05/5728711670,https://live.staticflickr.com/5061/5728711670_6121566996_b.jpg,by-sa,2.0,https://creativecommons.org/licenses/by-sa/2.0/,waterfall cliff,1024,768,768,576,37.183,ad78ec36af0253d56630ecdabd0485c0c80fd893
1420.jpg,waterfall,faebf6de-2c49-4c77-b34d-bb5b5b769150,"The Subway, Zion National Park",flickr,sufw,https://www.flickr.com/photos/30783433@N06/5273232533,https://live.staticflickr.com/5042/5273232533_f72f9ce6a9_b.jpg,by-sa,2.0,https://creativecommons.org/licenses/by-sa/2.0/,waterfall cliff,682,1023,512,768,58.437,0a4cc70b71f188b517705f70bd973a653e14c9e1
1422.jpg,waterfall,137181f5-aee8-4541-bb57-5299666c6a03,Erawan Waterfalls -- 7 Steps to Heaven,flickr,Todd Huffman,https://www.flickr.com/photos/99287245@N00/183135102,https://live.staticflickr.com/78/183135102_3ba83ee1ee_b.jpg,by-sa,2.0,https://creativecommons.org/licenses/by-sa/2.0/,waterfall cliff,1024,768,768,576,61.347,8bdec596166c5ec4d35a5607d1592269ea3a1145
1423.jpg,waterfall,542e4470-911c-466d-a52e-0917d9042b1e,Tomb Raider:,flickr,Brick.Ninja,https://www.flickr.com/photos/138954197@N08/39949558155,https://live.staticflickr.com/4773/39949558155_73ed3f8dbc_b.jpg,by-sa,2.0,https://creativecommons.org/licenses/by-sa/2.0/,waterfall cliff,1024,683,768,512,39.045,69869dca4d727c375424baaeb79920bb4b26f3ea
1425.jpg,waterfall,b17b0eb7-737a-4f7a-b5e2-22c08842bc09,"Wahclella Waterfall, Oregon",flickr,Bonnie Moreland (free images),https://www.flickr.com/photos/66741228@N05/34080336323,https://live.staticflickr.com/4226/34080336323_f80cc5bf6c_b.jpg,pdm,1.0,https://creativecommons.org/publicdomain/mark/1.0/,waterfall cliff,683,1024,512,768,57.948,1e7a93cb1bbd826b7639bd1a697f57856615d388
1424.jpg,waterfall,f8bd6705-88cc-42cd-8187-479aa01bc0c9,Wonderful Shades of Green's,flickr,Jocey K,https://www.flickr.com/photos/48627921@N05/11195228065,https://live.staticflickr.com/2867/11195228065_b371b66530_b.jpg,by-sa,2.0,https://creativecommons.org/licenses/by-sa/2.0/,waterfall cliff,669,1000,514,768,76.926,aaa61b8436ca92a1ac0fddba39c812f06dd8b9dc
1426.jpg,waterfall,e0a7b82e-e064-49ad-83e3-f1f994853f78,"Temple of Sinawava, Zion Canyon, Zion National Park, Utah",flickr,Ken Lund,https://www.flickr.com/photos/75683070@N00/1025422715,https://live.staticflickr.com/1288/1025422715_ef226b3e2a_b.jpg,by-sa,2.0,https://creativecommons.org/licenses/by-sa/2.0/,waterfall cliff,1024,768,768,576,60.58,c04de336ab37ebeaa2e3240ea6e9fa26930d5f4b
1427.jpg,waterfall,9af6a7af-8f9e-4cd1-a4c8-4e78f8cfe92c,"Zion Canyon, Zion National Park, Utah",flickr,Ken Lund,https://www.flickr.com/photos/75683070@N00/1025210507,https://live.staticflickr.com/1206/1025210507_a619b7e9c9_b.jpg,by-sa,2.0,https://creativecommons.org/licenses/by-sa/2.0/,waterfall cliff,768,1024,576,768,52.275,a2401f44f8c09a2a0b0046269b48b389ab1dae90
1428.jpg,waterfall,925a5f37-dae7-41af-929a-dc411f360b24,"Hikers Climbing to Angels Landing, Zion Canyon, Zion National Park, Utah",flickr,Ken Lund,https://www.flickr.com/photos/75683070@N00/1026216406,https://live.staticflickr.com/1331/1026216406_b768048369_b.jpg,by-sa,2.0,https://creativecommons.org/licenses/by-sa/2.0/,waterfall cliff,1024,768,768,576,46.181,d74c1ed7c4bc815eba9480fb23959a24cf4c6491
1421.jpg,waterfall,06ec69d6-1527-45e5-a204-4b6a45fe705a,"Ice climbing at Frankenstein cliff, New Hampshire",flickr,rjshade,https://www.flickr.com/photos/89466603@N00/12181903965,https://live.staticflickr.com/5513/12181903965_4ba15f6b8e_b.jpg,by,2.0,https://creativecommons.org/licenses/by/2.0/,waterfall cliff,1023,680,768,510,76.392,d1c2eae10c821d620f5f6baf46a9ea29d538de12
1430.jpg,waterfall,d196db5b-3b5a-428a-abbb-7aebbe876bc0,,flickr,eflon,https://www.flickr.com/photos/23094783@N03/10683757623,https://live.staticflickr.com/7342/10683757623_15380d49c3_b.jpg,by,2.0,https://creativecommons.org/licenses/by/2.0/,waterfall cliff,683,1024,512,768,23.603,901e4a1f5b7c48e23b2e48070e001825d9a7af90
1429.jpg,waterfall,ccd710de-f78d-4988-836a-4c89eaf2d2f9,Grand Canyon Nat Park: N Kaibab Trail - Roaring Springs 0122,flickr,Grand Canyon NPS,https://www.flickr.com/photos/50693818@N08/6798582305,https://live.staticflickr.com/7153/6798582305_d69fba21bb_b.jpg,by,2.0,https://creativecommons.org/licenses/by/2.0/,waterfall cliff,768,1024,576,768,60.591,0e64007ce455593520d6a480f962fd99f44aa468
1431.jpg,waterfall,3e901164-f6e2-4481-9470-fbd39ba424b4,Jökulsárgljúfur with Hafragilsfoss,flickr,Bernd Thaller,https://www.flickr.com/photos/44296132@N06/46372620391,https://live.staticflickr.com/4822/46372620391_ae7309744b_b.jpg,by,2.0,https://creativecommons.org/licenses/by/2.0/,waterfall cliff,1024,658,768,494,65.969,abb336ae8d8d1c5836bb29b62eb1272733847050
1432.jpg,waterfall,f5680eeb-38dc-4d95-9daf-995a7d934951,"Zion Canyon, Zion National Park, Utah",flickr,Ken Lund,https://www.flickr.com/photos/75683070@N00/1025481357,https://live.staticflickr.com/1355/1025481357_916d0280ae_b.jpg,by-sa,2.0,https://creativecommons.org/licenses/by-sa/2.0/,waterfall cliff,768,1024,576,768,47.507,7ebb09bddf580d19297b19c4946a9c10e43bfadb
1433.jpg,waterfall,f3bc973b-3a7a-47b1-97eb-cf902ce76a7d,"Zion Canyon, Zion National Park, Utah",flickr,Ken Lund,https://www.flickr.com/photos/75683070@N00/1025503119,https://live.staticflickr.com/1020/1025503119_b47ef36504_b.jpg,by-sa,2.0,https://creativecommons.org/licenses/by-sa/2.0/,waterfall cliff,1024,768,768,576,50.41,dcc2d86329ded62107f5e5ed06ffffc530dff734
1435.jpg,waterfall,3a8fa37e-ad44-44cf-98e8-530a4728018c,Slow fall,flickr,Christian Gloor,https://www.flickr.com/photos/76738608@N08/33976767545,https://live.staticflickr.com/3804/33976767545_a778b8d9b2_b.jpg,by,2.0,https://creativecommons.org/licenses/by/2.0/,waterfall cliff,768,1024,576,768,72.075,84674bd288c8e3c8d8c27b58b01708300580ad8f
1434.jpg,waterfall,07f67845-2e4d-4105-9978-2bbb5a3ef37c,"Zion Canyon, Zion National Park, Utah",flickr,Ken Lund,https://www.flickr.com/photos/75683070@N00/1025299447,https://live.staticflickr.com/1111/1025299447_469ddad8da_b.jpg,by-sa,2.0,https://creativecommons.org/licenses/by-sa/2.0/,waterfall cliff,1024,768,768,576,52.876,5a51f609ba2d1afe4b67470f6abc739097eba94a
1436.jpg,waterfall,dd41fe6d-2100-4908-bc89-a5c668344799,Yosemite Falls,flickr,Rennett Stowe,https://www.flickr.com/photos/10393601@N08/31010614607,https://live.staticflickr.com/4837/31010614607_eda51c58bf_b.jpg,by,2.0,https://creativecommons.org/licenses/by/2.0/,waterfall cliff,858,1024,643,768,60.424,31fd8c84cc58fef4ff432fe9919938e4b28f7dad
1437.jpg,waterfall,1839d284-22ee-4cef-bfb5-1f2c94a619b5,"Sipi Falls, Uganda",flickr,Rod Waddington,https://www.flickr.com/photos/64607715@N05/52132690518,https://live.staticflickr.com/65535/52132690518_6329715c37_b.jpg,by-sa,2.0,https://creativecommons.org/licenses/by-sa/2.0/,waterfall cliff,683,1024,512,768,57.358,b5a4103ed6ad1ac725d09ce84820c3ce1507b8ff
1440.jpg,waterfall,35875b95-a9b3-4edd-9c51-83afbd5a2390,Shoshone water fall in the spring with high water,flickr,Knowles Gallery,https://www.flickr.com/photos/36224384@N08/33659914905,https://live.staticflickr.com/2935/33659914905_67082b6e6a_b.jpg,by,2.0,https://creativecommons.org/licenses/by/2.0/,waterfall cliff,1024,576,768,432,55.043,727b19a98705d488240017c46aa559e8d5543ea6
1438.jpg,waterfall,f11fb840-45df-42e7-a153-164bd96538c2,"Gibson Fall, Elgin, New Brunswick Canada",flickr,James P. Mann,https://www.flickr.com/photos/22979102@N04/33882004803,https://live.staticflickr.com/4178/33882004803_71e82eb3f0_b.jpg,by,2.0,https://creativecommons.org/licenses/by/2.0/,waterfall cliff,640,960,512,768,81.808,d66e8d86d0198dc79cf932337e0892737dff055a
1439.jpg,waterfall,10f3e80e-3cd4-4b62-9301-b0ee4d9af479,Precipice / 崖(がけ),flickr,TANAKA Juuyoh (田中十洋),https://www.flickr.com/photos/13910409@N05/3428040037,https://live.staticflickr.com/3571/3428040037_d9f337984b_b.jpg,by,2.0,https://creativecommons.org/licenses/by/2.0/,waterfall cliff,1024,683,768,512,69.172,cbf055e6ad228ce47e40ddd50a8a11df8e995d37
1441.jpg,waterfall,c6214cdc-5807-4f28-ae6e-6e64a67b68a1,"Zion Canyon, Zion National Park, Utah",flickr,Ken Lund,https://www.flickr.com/photos/75683070@N00/1025478075,https://live.staticflickr.com/1224/1025478075_6bea017fbb_b.jpg,by-sa,2.0,https://creativecommons.org/licenses/by-sa/2.0/,waterfall cliff,768,1024,576,768,58.183,89006b67b17850cca727a7bfa5a57f81d4faa932
1442.jpg,waterfall,92848493-85f8-4d78-adce-7701400fe092,"Zion Canyon, Zion National Park, Utah",flickr,Ken Lund,https://www.flickr.com/photos/75683070@N00/1025321845,https://live.staticflickr.com/1114/1025321845_5d7e295ee2_b.jpg,by-sa,2.0,https://creativecommons.org/licenses/by-sa/2.0/,waterfall cliff,768,1024,576,768,70.655,6e9abdc3293269767d19cd526ceb1eef025c08a7
1443.jpg,waterfall,cea34ee5-8e9c-4079-b8d4-91c539d67a41,"Zion Canyon Visitor Center, Zion Canyon, Zion National Park, Utah",flickr,Ken Lund,https://www.flickr.com/photos/75683070@N00/1026168166,https://live.staticflickr.com/1066/1026168166_214e79408c_b.jpg,by-sa,2.0,https://creativecommons.org/licenses/by-sa/2.0/,waterfall cliff,1024,768,768,576,59.184,f690e7d3ef7c09b178946df335ae1545376a5adf
1445.jpg,waterfall,67fd5a77-56d8-444e-8984-a17f3bba6304,"Temple of Sinawava, Zion Canyon, Zion National Park, Utah",flickr,Ken Lund,https://www.flickr.com/photos/75683070@N00/1026256336,https://live.staticflickr.com/1198/1026256336_3e8b971f88_b.jpg,by-sa,2.0,https://creativecommons.org/licenses/by-sa/2.0/,waterfall cliff,1024,768,768,576,68.7,d8f1e60caf506644c33d140615eee029449d5f57
1444.jpg,waterfall,a7b6809e-125d-458f-8c41-fa0989ca0926,"Zion Canyon, Zion National Park, Utah",flickr,Ken Lund,https://www.flickr.com/photos/75683070@N00/1025273981,https://live.staticflickr.com/1356/1025273981_6026a4d856_b.jpg,by-sa,2.0,https://creativecommons.org/licenses/by-sa/2.0/,waterfall cliff,1024,768,768,576,64.324,ffbf9854920fb5216b19a7e71c85c2a9629c3ea8
1446.jpg,waterfall,b67904c5-1f53-4e52-8433-6e0bf2176b37,"The Great White Throne, Zion Canyon, Zion National Park, Utah",flickr,Ken Lund,https://www.flickr.com/photos/75683070@N00/1026198740,https://live.staticflickr.com/1398/1026198740_7cf1ba8dde_b.jpg,by-sa,2.0,https://creativecommons.org/licenses/by-sa/2.0/,waterfall cliff,768,1024,576,768,57.976,844e833fd6ba645434d876fae1f9742639bffd6f
1447.jpg,waterfall,aeb54865-0d49-4be5-81ca-e45eed65cd9e,Top of Purling Brook Falls,flickr,Tatters ✾,https://www.flickr.com/photos/62938898@N00/25713375741,https://live.staticflickr.com/1621/25713375741_6cdedcdf64_b.jpg,by-sa,2.0,https://creativecommons.org/licenses/by-sa/2.0/,waterfall cliff,1024,683,768,512,79.652,f497e1c0e65f25ecaea61299fcb871f8477c30ba
1448.jpg,waterfall,1dc1ef42-68ca-4d21-a792-61f32ef193d0,The chalk cliffs of Moen,flickr,chad_k,https://www.flickr.com/photos/99535234@N00/248461570,https://live.staticflickr.com/95/248461570_82cdb6ef91_b.jpg,by,2.0,https://creativecommons.org/licenses/by/2.0/,waterfall cliff,1024,768,768,576,41.135,c96dee92acf22367370bee7feb67b85c9c94c110
1449.jpg,waterfall,0ed89937-efd4-43b8-8a7c-d46178704781,Shibao Mountain,flickr,Rod Waddington,https://www.flickr.com/photos/64607715@N05/46962945492,https://live.staticflickr.com/7818/46962945492_93726f28aa_b.jpg,by-sa,2.0,https://creativecommons.org/licenses/by-sa/2.0/,waterfall cliff,683,1023,513,768,61.701,1ec7e8b15c290033459b395f8281881c63b68158
1450.jpg,waterfall,d0a3f2ab-8aee-4141-a944-c8787eb6f9b2,Waterfall stream atop Mogollon Rim,flickr,Coconino NF Photography,https://www.flickr.com/photos/42034606@N05/3910802312,https://live.staticflickr.com/2453/3910802312_6d888183c3_b.jpg,by-sa,2.0,https://creativecommons.org/licenses/by-sa/2.0/,waterfall stream,1023,763,768,573,88.56,b72346cb002ac89de6a596e23d5aa26db1bf602b
1451.jpg,waterfall,18793be0-5007-4341-a050-a7e0ff625f7e,waterfall streaming into Lac Moraine,flickr,thomas pix,https://www.flickr.com/photos/89804841@N00/2746361736,https://live.staticflickr.com/3044/2746361736_f2c7e09a07_b.jpg,by,2.0,https://creativecommons.org/licenses/by/2.0/,waterfall stream,1024,768,768,576,30.514,381c864152f1204620d79836583f6e149a080281
1453.jpg,waterfall,27831c78-987f-4a56-b659-0ff4813fcd21,waterfall streaming into Lac Moraine,flickr,thomas pix,https://www.flickr.com/photos/89804841@N00/2745524773,https://live.staticflickr.com/3060/2745524773_e3e8ec95e8_b.jpg,by,2.0,https://creativecommons.org/licenses/by/2.0/,waterfall stream,1024,768,768,576,42.06,a3ce3d6b1f2653d067fa9091d9b1cc8bc1621762
1452.jpg,waterfall,cbd904a6-21d1-4e7d-960b-14362812282c,"Waterfall Stream, Hesketh Park",flickr,Sam Fox Photography,https://www.flickr.com/photos/22799508@N07/3200205388,https://live.staticflickr.com/3369/3200205388_1cb5866359_b.jpg,by-sa,2.0,https://creativecommons.org/licenses/by-sa/2.0/,waterfall stream,687,1023,516,768,70.466,0a71723fcb02a4027be98d3009b566e9cb86c37e
1454.jpg,waterfall,b707cc81-044a-47ec-8778-0470f7befbd4,the waterfall stream,flickr,jumpyjodes,https://www.flickr.com/photos/24649496@N00/107266310,https://live.staticflickr.com/34/107266310_54608e8df9_b.jpg,by,2.0,https://creativecommons.org/licenses/by/2.0/,waterfall stream,1024,768,768,576,62.006,e68cbc63e42096da7876fb1bd0ecb3f16d1bef85
1455.jpg,waterfall,2fe1f790-e3fa-4e41-ac7c-d91845f91afe,NT Coleton Fishacre waterfall & stream,flickr,martinrstone,https://www.flickr.com/photos/7587420@N07/39420070915,https://live.staticflickr.com/4703/39420070915_f737ba8edb_b.jpg,by-sa,2.0,https://creativecommons.org/licenses/by-sa/2.0/,waterfall stream,683,1024,512,768,87.866,98ef771a8469b2a5c15c9aa04952c5f04e2b5d1c
1456.jpg,waterfall,1dc7141c-338a-44fe-8ae4-c710fb286a97,Waterfall Stream,flickr,Caitlyn Sullivan,https://www.flickr.com/photos/36387852@N03/3417536795,https://live.staticflickr.com/3309/3417536795_313b222735_b.jpg,by,2.0,https://creativecommons.org/licenses/by/2.0/,waterfall stream,768,1024,576,768,38.225,9d56d830aa5a34b1ba4abecae4beaf2a8f05a5d6
1460.jpg,waterfall,6601eda6-c0ab-4b1e-9b10-8aa8a9e90ddf,Waterfall Stream,stocksnap,Pok Rie,https://stocksnap.io/photo/waterfall-stream-BCYCISWF75,https://cdn.stocksnap.io/img-thumbs/960w/BCYCISWF75.jpg,cc0,1.0,https://creativecommons.org/publicdomain/zero/1.0/,waterfall stream,960,640,768,512,53.77,710945a0fb6faaa4954d7242b8b5ae3ac5196d55
1457.jpg,waterfall,2aa5dd75-18b5-48e0-a092-132770d5ce5f,Torc Waterfall's stream,flickr,hober,https://www.flickr.com/photos/27935720@N00/628021218,https://live.staticflickr.com/1374/628021218_82a56eafca_b.jpg,by-sa,2.0,https://creativecommons.org/licenses/by-sa/2.0/,waterfall stream,768,1024,576,768,65.307,b4cefe29006e8c1af419845b8df83d123613b2f7
1459.jpg,waterfall,f2ab348a-40da-4e44-867f-b1444c6582be,Waterfall Stream,stocksnap,Jay Mantri,https://stocksnap.io/photo/waterfall-stream-343D80C2C3,https://cdn.stocksnap.io/img-thumbs/960w/343D80C2C3.jpg,cc0,1.0,https://creativecommons.org/publicdomain/zero/1.0/,waterfall stream,960,636,768,509,68.238,5f09cf5da4822e4886568697dd9fb6f441074c22
1458.jpg,waterfall,75713c0d-5320-4c7c-a2aa-43c53c5696dd,Waterfall stream,flickr,andrusdevelopment,https://www.flickr.com/photos/9020344@N02/4735771737,https://live.staticflickr.com/4134/4735771737_951d13aba1_b.jpg,by,2.0,https://creativecommons.org/licenses/by/2.0/,waterfall stream,1024,683,768,512,76.904,a898f0188745882c39eb82fb441cc0bf52cf7c2e
1464.jpg,waterfall,6a1fed48-7cc4-4de0-b853-5a090b07413b,Waterfall Stream,stocksnap,Pok Rie,https://stocksnap.io/photo/waterfall-stream-Z1G9CHTE64,https://cdn.stocksnap.io/img-thumbs/960w/Z1G9CHTE64.jpg,cc0,1.0,https://creativecommons.org/publicdomain/zero/1.0/,waterfall stream,960,640,768,512,62.068,a27eb8e5c538e635d4647239fe5f79c757a3638e
1462.jpg,waterfall,17b744d3-21a1-4e57-a699-a6299fe9b532,Waterfall Stream,flickr,Caitlyn Sullivan,https://www.flickr.com/photos/36387852@N03/3418345392,https://live.staticflickr.com/3561/3418345392_be7d46940e_b.jpg,by,2.0,https://creativecommons.org/licenses/by/2.0/,waterfall stream,1024,768,768,576,70.506,192617ef728e7e211ed1170d2dffb12f82a1b88f
1463.jpg,waterfall,83fe14fd-6426-4c0c-a31f-d8925da26de9,Waterfall stream,flickr,ganeshravichandran11,https://www.flickr.com/photos/146888256@N05/41271829152,https://live.staticflickr.com/801/41271829152_2c3789b396_b.jpg,by,2.0,https://creativecommons.org/licenses/by/2.0/,waterfall stream,1024,683,768,512,76.802,93709775ceaef8b42f9fa1acc9eb3f330f948608
1466.jpg,waterfall,d5a0231e-7f9c-4df6-9e5b-cfcdd06cfa77,Waterfall Stream,flickr,Caitlyn Sullivan,https://www.flickr.com/photos/36387852@N03/3418345772,https://live.staticflickr.com/3572/3418345772_796382868e_b.jpg,by,2.0,https://creativecommons.org/licenses/by/2.0/,waterfall stream,768,1024,576,768,72.187,00e07a4e3e1781b2c40f3d6c52899e92011b00e4
1467.jpg,waterfall,a39e85ab-bb89-485a-ac14-5362a44efe8a,Waterfalls Stream,stocksnap,Jahoo Clouseau,https://stocksnap.io/photo/waterfalls-stream-6QKPYS6KVG,https://cdn.stocksnap.io/img-thumbs/960w/6QKPYS6KVG.jpg,cc0,1.0,https://creativecommons.org/publicdomain/zero/1.0/,waterfall stream,960,506,768,405,60.349,1a6a1e46b4d907a8846402fc8c33f41c23e8b4a4
1465.jpg,waterfall,11a59443-57e4-4b58-9d9b-cf748863c4f1,Waterfall Stream,stocksnap,Tommy Lisbin,https://stocksnap.io/photo/waterfall-stream-W9T4BDV7JF,https://cdn.stocksnap.io/img-thumbs/960w/W9T4BDV7JF.jpg,cc0,1.0,https://creativecommons.org/publicdomain/zero/1.0/,waterfall stream,960,640,768,512,44.754,db675650fef83002988e8d6993962f0951652568
1469.jpg,waterfall,3963d676-4003-477d-8ba7-2a1d3630bcf2,Waterfall Stream,stocksnap,Jay Mantri,https://stocksnap.io/photo/waterfall-stream-69180A887A,https://cdn.stocksnap.io/img-thumbs/960w/69180A887A.jpg,cc0,1.0,https://creativecommons.org/publicdomain/zero/1.0/,waterfall stream,960,636,768,509,25.661,3ea283221894db2cdaeb484e650bd8fd8d1e5042
1470.jpg,waterfall,159dacad-71f7-483a-9552-c3f9f1d0e863,Waterfall Stream,stocksnap,Ganapathy Kumar,https://stocksnap.io/photo/waterfall-stream-M6R7U3SVEP,https://cdn.stocksnap.io/img-thumbs/960w/M6R7U3SVEP.jpg,cc0,1.0,https://creativecommons.org/publicdomain/zero/1.0/,waterfall stream,960,636,768,509,45.58,dafab0d0c9f026687ced136cee26c64abc68b005
1461.jpg,waterfall,5ef14a3b-45ce-4a72-ace7-89c684261fb8,Waterfall Stream,stocksnap,Sergey Pesterev,https://stocksnap.io/photo/waterfall-stream-BYWGANEW0X,https://cdn.stocksnap.io/img-thumbs/960w/BYWGANEW0X.jpg,cc0,1.0,https://creativecommons.org/publicdomain/zero/1.0/,waterfall stream,960,640,768,512,27.284,e2b77a8fbf0abd0cd3df1e2beef6ca556736b22c
1471.jpg,waterfall,7281093b-cb5b-49fc-b34a-4a5e57d12ed2,Waterfall Stream,stocksnap,Andrew Collins,https://stocksnap.io/photo/waterfall-stream-LPZ2K0LA4N,https://cdn.stocksnap.io/img-thumbs/960w/LPZ2K0LA4N.jpg,cc0,1.0,https://creativecommons.org/publicdomain/zero/1.0/,waterfall stream,960,640,768,512,41.295,479a58b182d0c8569109612169447325e2b65070
1468.jpg,waterfall,cbd640ea-29c3-4ba4-a608-9a24c9447e64,Waterfall Stream,flickr,Caitlyn Sullivan,https://www.flickr.com/photos/36387852@N03/3417536503,https://live.staticflickr.com/3623/3417536503_3ca5b0213c_b.jpg,by,2.0,https://creativecommons.org/licenses/by/2.0/,waterfall stream,768,1024,576,768,57.22,4dc1f1c0f82454197940ff4dba93d9a0374db0f8
1474.jpg,waterfall,1a1e4be9-2edf-4c7c-8657-8492bc904988,Multiple waterfall streams flowing mossy,rawpixel,,https://www.rawpixel.com/image/3286780/free-photo-image-waterfall-water-nature-ocean,https://images.rawpixel.com/editor_1024/czNmcy1wcml2YXRlL3Jhd3BpeGVsX2ltYWdlcy93ZWJzaXRlX2NvbnRlbnQvbHIvdXB3azYyMTY1OTgyLXdpa2ltZWRpYS1pbWFnZS1rb3dnNnIxei5qcGc.jpg,cc0,1.0,https://creativecommons.org/publicdomain/zero/1.0/,waterfall stream,1024,683,768,512,52.65,be45086c6cf1b696bb4c15f2090155e38a9a7068
1472.jpg,waterfall,15dc4e93-a84a-4d9c-8c25-047527686657,Waterfall Stream,stocksnap,Tommy Lisbin,https://stocksnap.io/photo/waterfall-stream-MX2OUN0SL3,https://cdn.stocksnap.io/img-thumbs/960w/MX2OUN0SL3.jpg,cc0,1.0,https://creativecommons.org/publicdomain/zero/1.0/,waterfall stream,960,1439,512,768,58.305,34ee582fc83ff00f6413a239da588c270b162628
1475.jpg,waterfall,d07d5525-1734-4b8c-b454-7508d3a2655d,large waterfall streaming rocky mountain,rawpixel,,https://www.rawpixel.com/image/3283874/free-photo-image-waterfall-nature-asphalt,https://images.rawpixel.com/editor_1024/czNmcy1wcml2YXRlL3Jhd3BpeGVsX2ltYWdlcy93ZWJzaXRlX2NvbnRlbnQvbHIvdXB3azYxNzU5ODIyLXdpa2ltZWRpYS1pbWFnZS1rb3dic2NodS5qcGc.jpg,cc0,1.0,https://creativecommons.org/publicdomain/zero/1.0/,waterfall stream,1024,1024,768,768,26.879,b949ad2f2a4f1ff5bb6d8fc2a4386e7b68a56ba3
1473.jpg,waterfall,3c72d02e-c081-42b5-9f65-7bb8a6ff364d,Waterfall Stream,stocksnap,Nathan Anderson,https://stocksnap.io/photo/waterfall-stream-B0CCFFTBOF,https://cdn.stocksnap.io/img-thumbs/960w/B0CCFFTBOF.jpg,cc0,1.0,https://creativecommons.org/publicdomain/zero/1.0/,waterfall stream,960,639,768,511,54.837,0b3286fc6cd29b8027a27ad1d9e24e55c017c396
1476.jpg,waterfall,1b5c4829-176a-43af-bb54-437ee8f23990,Waterfall streaming lake landscape,rawpixel,,https://www.rawpixel.com/image/5908573/image-public-domain-blue-nature,https://images.rawpixel.com/editor_1024/cHJpdmF0ZS9zdGF0aWMvaW1hZ2Uvd2Vic2l0ZS8yMDIyLTA0L2xyL3B4Mzg2Mjk3LWltYWdlLWt3dnZneDMxLmpwZw.jpg,cc0,1.0,https://creativecommons.org/publicdomain/zero/1.0/,waterfall stream,1024,683,768,512,71.419,f7c9c39eeb40ddf52dd16ad112ab20e0018ecedd
1479.jpg,waterfall,1701b23d-bcb9-496f-81d9-b1c4028dca6e,Waterfall stream autumn,rawpixel,,https://www.rawpixel.com/image/6041496/photo-image-public-domain-leaves-green,https://images.rawpixel.com/editor_1024/cHJpdmF0ZS9zdGF0aWMvaW1hZ2Uvd2Vic2l0ZS8yMDIyLTA0L2xyL2ZyYXV0dW1uX3NtYWxsX3dhdGVyZmFsbF93YXRlci1pbWFnZS1reWJlYnQwai5qcGc.jpg,cc0,1.0,https://creativecommons.org/publicdomain/zero/1.0/,waterfall stream,1024,683,768,512,36.757,d20970b6299db130d5282aa860af08c611349e87
1477.jpg,waterfall,0a3ce9c6-b6ae-400a-b0ee-88d60e7c220f,Forest Scene Waterfall Stream Louis,rawpixel,thegetty,https://www.rawpixel.com/image/14321936/forest-scene-with-waterfall-and-stream-louis-desire-blanquart-evrard,https://images.rawpixel.com/editor_1024/cHJpdmF0ZS9sci9pbWFnZXMvd2Vic2l0ZS8yMDI0LTAyL2xyL2dldHR5MTA5MDZqLWltYWdlLmpwZw.jpg,cc0,1.0,https://creativecommons.org/publicdomain/zero/1.0/,waterfall stream,821,1024,616,768,42.435,e2432145535c1c5ecd81f0bc725e405b5022b3e2
1478.jpg,waterfall,a12287f1-ff4c-4239-b6eb-e868f1d6d426,"Landscape Castle, Waterfall Stream Foreground",rawpixel,,https://www.rawpixel.com/image/9171817/landscape-with-castle-waterfall-and-stream-foreground,https://images.rawpixel.com/editor_1024/cHJpdmF0ZS9sci9pbWFnZXMvd2Vic2l0ZS8yMDIzLTAxL3ljYmF0bXM5NDk5LWltYWdlLmpwZw.jpg,cc0,1.0,https://creativecommons.org/publicdomain/zero/1.0/,waterfall stream,1024,791,768,593,34.015,2d1923a671ff933bdb3c0b753d3dc98c2885feb5
1495.jpg,waterfall,8cb50969-d912-445b-abc3-b2f03a308d69,Stream,flickr,~jar{},https://www.flickr.com/photos/34615979@N00/6878889278,https://live.staticflickr.com/6098/6878889278_2d3c3c6ae9_b.jpg,by,2.0,https://creativecommons.org/licenses/by/2.0/,waterfall stream,715,1024,536,768,66.616,d7a805f30de7184d9484f4e27c4e9e9f200fa805
1494.jpg,waterfall,841b8116-bc5d-4841-b787-e3fc1376106b,Waterfall,flickr,DanielaC173,https://www.flickr.com/photos/127023375@N05/14994144551,https://live.staticflickr.com/5576/14994144551_6a629b84e8_b.jpg,by-sa,2.0,https://creativecommons.org/licenses/by-sa/2.0/,waterfall stream,768,1024,576,768,58.362,460e3e2d0c3ac2bab536e0692125dd06b88cc3bd
1496.jpg,waterfall,af0162d1-bd7e-4d07-a5ac-d65c279ae62d,"Waterfall - New Hope, Pa",flickr,joiseyshowaa,https://www.flickr.com/photos/30201239@N00/2485216605,https://live.staticflickr.com/2299/2485216605_78497e0b34.jpg,by-sa,2.0,https://creativecommons.org/licenses/by-sa/2.0/,waterfall stream,500,401,500,401,47.047,af9d6895c22a4f796fcd1158400bb063abcfdbe5
1497.jpg,waterfall,b27e2dc3-969b-43d1-aac6-e57607f0000a,"Sediment, Smoke, and Stained Ice in Quebec",nasa,NASA Goddard Photo and Video,https://www.flickr.com/photos/24662369@N07/9237951119,https://live.staticflickr.com/5481/9237951119_b02e18be73_b.jpg,by,2.0,https://creativecommons.org/licenses/by/2.0/,waterfall stream,1024,768,768,576,67.312,c7475f8c71c96eb15439496bc7573eb2e78ca6bc
1498.jpg,waterfall,64cbcacb-e71e-4d2c-80db-77bb09f45133,St. Mary River,flickr,GlacierNPS,https://www.flickr.com/photos/43288043@N04/50066100441,https://live.staticflickr.com/65535/50066100441_69e362c910_b.jpg,pdm,1.0,https://creativecommons.org/publicdomain/mark/1.0/,waterfall stream,683,1024,512,768,73.769,44f5166313742de9449fa1549a1e573049e55ea2
1499.jpg,waterfall,a87fe7ec-7308-4f67-81be-0b9a63c56bf3,niagara9,flickr,MATAVI@,https://www.flickr.com/photos/24590525@N06/3359196778,https://live.staticflickr.com/3661/3359196778_1f5f782af8_b.jpg,by,2.0,https://creativecommons.org/licenses/by/2.0/,waterfall stream,1024,768,768,576,59.315,f22815f2813d82be43cea291b0fb41eda17609e9
1500.jpg,waterfall,6f10e022-34a9-4aa1-9725-7c0ece69aa24,Satellite Shows West Coast 'June Gloom' and Actinoform clouds,nasa,NASA Goddard Photo and Video,https://www.flickr.com/photos/24662369@N07/9009302654,https://live.staticflickr.com/7360/9009302654_5d6456744f_b.jpg,by,2.0,https://creativecommons.org/licenses/by/2.0/,waterfall stream,1024,853,768,640,42.097,4357371fa2a6d0cad9c3df599200457560979df1
1501.jpg,waterfall,aa3285c6-e2cd-482f-b19c-47cc4551f1bf,Love Nature. Tagged !,flickr,Zaqqy J.,https://www.flickr.com/photos/33488462@N04/3771091859,https://live.staticflickr.com/2512/3771091859_946dbaf4c6_b.jpg,by,2.0,https://creativecommons.org/licenses/by/2.0/,waterfall stream,1024,854,768,641,81.524,141c2e207f73e27bc677b89ccecc5e85b926055d
1502.jpg,waterfall,b5ab2680-3d78-4fe7-944f-ccaa02080172,Nepal - Chirkhuwaa Khola at Baaluwani (Bhojpur),flickr,dhilung,https://www.flickr.com/photos/7236858@N07/3684383766,https://live.staticflickr.com/2553/3684383766_7283a3393e_b.jpg,by,2.0,https://creativecommons.org/licenses/by/2.0/,waterfall stream,1023,805,768,604,58.543,fa91602e8e4fe37e1c43cf9f5eb6b8ecf0a1b8ef
1503.jpg,waterfall,66147b70-288c-4562-9c67-68b4b93f50f1,Venford Falls,flickr,charlieishere@btinternet.com,https://www.flickr.com/photos/100915417@N07/50538248902,https://live.staticflickr.com/65535/50538248902_488b0f8757_b.jpg,by,2.0,https://creativecommons.org/licenses/by/2.0/,waterfall stream,1024,683,768,512,30.889,ea585c8dafcf80da8ecd0b9e24693fcc443ced3e
1505.jpg,waterfall,fb910de5-8963-4a55-9ce6-2f73b29d168a,Glen Artney Stream,flickr,Bold Frontiers,https://www.flickr.com/photos/82955120@N05/15195824473,https://live.staticflickr.com/7578/15195824473_d639f8f213_b.jpg,by,2.0,https://creativecommons.org/licenses/by/2.0/,waterfall stream,1024,683,768,512,53.037,2800c0ec3dabe8e742c6304c0b614c8dfe3ca5bf
1504.jpg,waterfall,deebd021-d04c-464b-a408-9732c55a1a07,Snow Hill Falls,flickr,Nicholas_T,https://www.flickr.com/photos/14922165@N00/5216401066,https://live.staticflickr.com/5083/5216401066_a79a10b8ed_b.jpg,by,2.0,https://creativecommons.org/licenses/by/2.0/,waterfall stream,1024,670,768,503,59.777,37fe99d29e3ebd216456197e4e1c4d00157c5fb0
1506.jpg,waterfall,5bd33af3-fb62-4ee3-ab6d-3a9430b4a3fd,Scotland,flickr,Jason Tessier,https://www.flickr.com/photos/39620747@N06/8451868608,https://live.staticflickr.com/8088/8451868608_257777d6ab_b.jpg,by,2.0,https://creativecommons.org/licenses/by/2.0/,waterfall stream,700,1024,525,768,62.214,3ce6238635890b9f24d0489865950ce3a2d09e18
1508.jpg,waterfall,f7b9a727-dd84-408d-a757-092d1dfa0c0f,"Fountain Falls, Lamington National Park, c 1930",flickr,Queensland State Archives,https://www.flickr.com/photos/60455048@N02/33836794041,https://live.staticflickr.com/3943/33836794041_7713cdc21c_b.jpg,pdm,1.0,https://creativecommons.org/publicdomain/mark/1.0/,waterfall stream,1023,1006,768,755,33.396,b1aa01c73ba25fab13fb125f750ed1b302efe32f
1507.jpg,waterfall,259de389-c307-47eb-af85-a8652777ae6f,Water Learning,flickr,LadyDragonflyCC - >;<,https://www.flickr.com/photos/19646481@N06/5537418441,https://live.staticflickr.com/5211/5537418441_3f024c360c_b.jpg,by,2.0,https://creativecommons.org/licenses/by/2.0/,waterfall stream,1024,686,768,515,26.281,37e05e213beac02212de7b2398589d4b603958d9
1509.jpg,waterfall,dd830a1b-74d4-4540-8767-b1ab0e5bd254,Hurricane Isaac Near Landfall,nasa,NASA Goddard Photo and Video,https://www.flickr.com/photos/24662369@N07/7882472876,https://live.staticflickr.com/8308/7882472876_d8546b3c03_b.jpg,by,2.0,https://creativecommons.org/licenses/by/2.0/,waterfall stream,806,1024,604,768,61.116,9ac3d5644754605f1db6f8d16043a30c46fb7c1c
1510.jpg,waterfall,d524f457-beb2-4bb7-abd1-bcb9a2be70d7,Mountain Stream,flickr,Koshyk,https://www.flickr.com/photos/97235261@N00/8124953238,https://live.staticflickr.com/8334/8124953238_c2d97c7af7_b.jpg,by,2.0,https://creativecommons.org/licenses/by/2.0/,waterfall stream,683,986,532,768,59.326,59841c26ac97130f15b16a09cc5454f2af48ccdc
1512.jpg,waterfall,d6c5596c-6367-4433-9cd3-e33a595917a2,Mellow Creek,flickr,*~Dawn~*,https://www.flickr.com/photos/12187063@N02/4496778731,https://live.staticflickr.com/4047/4496778731_7936683b48_b.jpg,by,2.0,https://creativecommons.org/licenses/by/2.0/,waterfall stream,737,1024,553,768,69.441,95dff60417226d3c55cacebe05c16bbf66c42d3d
1511.jpg,waterfall,e1bb30b0-2c7b-4790-9573-441b21f3f81d,Waterfall,flickr,~jar{},https://www.flickr.com/photos/34615979@N00/15140009588,https://live.staticflickr.com/3923/15140009588_ec4fb4f8cd_b.jpg,by,2.0,https://creativecommons.org/licenses/by/2.0/,waterfall stream,819,1024,614,768,50.555,3cd1a81c3f94d46835f497d3f5bdf6b3a1fcb9b1
1513.jpg,waterfall,9d6f8459-5b3f-4653-aca4-e387a8748e85,Snow across the mid-Atlantic United States,nasa,NASA Goddard Photo and Video,https://www.flickr.com/photos/24662369@N07/8393169256,https://live.staticflickr.com/8076/8393169256_c866cfde1a_b.jpg,by,2.0,https://creativecommons.org/licenses/by/2.0/,waterfall stream,1024,768,768,576,59.676,7a366cbf2f478d48678ab9b63b0bc1cefbecb7d6
1514.jpg,waterfall,b10eed28-ff69-4a7d-a629-5978f3938ab5,Vulcan Stream,flickr,r-z,https://www.flickr.com/photos/66795748@N00/5971164901,https://live.staticflickr.com/6129/5971164901_90655b0653_b.jpg,by,2.0,https://creativecommons.org/licenses/by/2.0/,waterfall stream,1024,648,768,486,73.351,bb3b2766dc4d4bdc7d2cc407f99a644195ef6553
1515.jpg,waterfall,0dbb9293-cc2d-4e85-958c-fc03b7a725db,Mountain Stream,flickr,jasonb42882,https://www.flickr.com/photos/20978090@N07/2083393650,https://live.staticflickr.com/2236/2083393650_01bfe77a82_b.jpg,by,2.0,https://creativecommons.org/licenses/by/2.0/,waterfall stream,1024,768,768,576,73.857,3de706159ecfcb6232f9a259714941e765aa758e
1516.jpg,waterfall,6ea28b5d-5294-49da-8101-9788bfc6fa34,"Satellite View of Rim Fire On August 25, 2013",nasa,NASA Goddard Photo and Video,https://www.flickr.com/photos/24662369@N07/9597976427,https://live.staticflickr.com/5349/9597976427_dfec7be705_b.jpg,by,2.0,https://creativecommons.org/licenses/by/2.0/,waterfall stream,805,1024,604,768,63.036,129b0c709a0cacce4225cfc5005f8ce236ea8f11
1518.jpg,waterfall,1b99e2c5-b9cc-43db-9085-5e67e9a62579,Emerald Falls Oregon,flickr,Knowles Gallery,https://www.flickr.com/photos/36224384@N08/8192530420,https://live.staticflickr.com/8486/8192530420_c832c65956_b.jpg,by,2.0,https://creativecommons.org/licenses/by/2.0/,waterfall stream,1023,685,768,514,86.509,b72d017449698531589317952a6e8b8bde1d9f35
1517.jpg,waterfall,76d44cc7-2d7a-4668-82df-a56a72802919,golden waterfall,flickr,paul bica,https://www.flickr.com/photos/99771506@N00/3671705004,https://live.staticflickr.com/3299/3671705004_41fb2a8007_b.jpg,by,2.0,https://creativecommons.org/licenses/by/2.0/,waterfall stream,1024,768,768,576,56.618,f30b098824b0de7d5aeeb2304ec3e0c477d3cb40
1519.jpg,waterfall,975fda31-d92b-4482-926b-785ad768dfd5,Glen Artney Stream,flickr,Bold Frontiers,https://www.flickr.com/photos/82955120@N05/15870100082,https://live.staticflickr.com/7514/15870100082_6b4774cd78_b.jpg,by,2.0,https://creativecommons.org/licenses/by/2.0/,waterfall stream,1024,683,768,512,72.59,89053134aa17d4979586bb82107f54c91b520e3a
1520.jpg,waterfall,3fb592e5-5891-4d43-9763-771b4f2b8d66,water flowing 4,flickr,USFWS/Southeast,https://www.flickr.com/photos/41464593@N02/6466592407,https://live.staticflickr.com/7156/6466592407_6508071418_b.jpg,by,2.0,https://creativecommons.org/licenses/by/2.0/,waterfall stream,1024,683,768,512,93.156,7c0466e1b09e8f487a5f0ea89326fb0d4129911b
1521.jpg,waterfall,2df8c3ad-6c8d-425f-b4eb-46e4bb6ee7fe,Oblong Geyser,flickr,YellowstoneNPS,https://www.flickr.com/photos/80223459@N05/13227452164,https://live.staticflickr.com/7220/13227452164_6dc73e4c69_b.jpg,pdm,1.0,https://creativecommons.org/publicdomain/mark/1.0/,waterfall stream,1024,672,768,504,62.317,f68728ea3e5e7aca17a0178bca88591da0a6a63b
1524.jpg,waterfall,ae7c5f37-74ca-41cd-87b7-9d2fa3d78030,frosty rocks...,flickr,2 million+ views. Humbled and thanks!,https://www.flickr.com/photos/61732052@N02/7982590226,https://live.staticflickr.com/8171/7982590226_2935eb8bac_b.jpg,by,2.0,https://creativecommons.org/licenses/by/2.0/,waterfall stream,1024,768,768,576,44.699,fac03d119e7491007f03e4d3cea0ab830abffee0
1523.jpg,waterfall,6b300155-7215-47e9-a102-0e6502de1859,Avalon Whirlpool Falls,flickr,Bold Frontiers,https://www.flickr.com/photos/82955120@N05/15932610482,https://live.staticflickr.com/8619/15932610482_f9e9270606_b.jpg,by,2.0,https://creativecommons.org/licenses/by/2.0/,waterfall stream,1024,1024,768,768,68.806,994ab1d50729f116530229baed798df950db2377
1522.jpg,waterfall,e1769e10-48ef-496f-80f9-1e0451911490,"Nazca Lines, Peru",nasa,NASA Goddard Photo and Video,https://www.flickr.com/photos/24662369@N07/4437745495,https://live.staticflickr.com/2742/4437745495_d812bec6fe_b.jpg,by,2.0,https://creativecommons.org/licenses/by/2.0/,waterfall stream,1000,1000,768,768,72.466,f67888d238acd387d522f7aea88a2edc86ca2b48
1525.jpg,waterfall,c4327036-1ed4-4002-b86c-0aaffe76ed2b,Water Fall at Hocking Hills,flickr,DrGBB,https://www.flickr.com/photos/29968788@N00/5569304336,https://live.staticflickr.com/5186/5569304336_833cc74d05_b.jpg,by,2.0,https://creativecommons.org/licenses/by/2.0/,waterfall stream,1024,683,768,512,77.805,3a00bfd3a1f63236505113d533f1557d59dfb943
1526.jpg,waterfall,8d7933e2-55ad-4797-9e46-d6612126c1d8,Waterfall,flickr,U.S. Geological Survey,https://www.flickr.com/photos/27784370@N05/15827929602,https://live.staticflickr.com/7520/15827929602_a3149269e6_b.jpg,by,2.0,https://creativecommons.org/licenses/by/2.0/,waterfall stream,1024,768,768,576,83.732,9a777f313ce58a7c15a9465cd0a446c5e6ca61c9
1527.jpg,waterfall,00991a7e-bbcf-4f54-b634-2c43dc6a9545,"Chile and Argentina as seen from Space December 24, 2001",nasa,NASA Goddard Photo and Video,https://www.flickr.com/photos/24662369@N07/4392409635,https://live.staticflickr.com/4010/4392409635_83504cb71b_b.jpg,by,2.0,https://creativecommons.org/licenses/by/2.0/,waterfall stream,768,1024,576,768,44.007,6e8419ce12310847b36b9346cb74405c82b376ca
1529.jpg,waterfall,7f4a3a8d-f0fb-46d3-89b4-9646c5b81c8b,The Narrows,flickr,ZionNPS,https://www.flickr.com/photos/54168808@N03/7463379954,https://live.staticflickr.com/8159/7463379954_cd4c7fdf3f_b.jpg,by,2.0,https://creativecommons.org/licenses/by/2.0/,waterfall stream,683,1024,512,768,72.101,347fbe78081f173dc837e097c19f5ed1f40569c3
1528.jpg,waterfall,35072aa8-b63c-4c93-8500-3c07d6a9d039,Keyhole Canyon,flickr,ZionNPS,https://www.flickr.com/photos/54168808@N03/8119662111,https://live.staticflickr.com/8045/8119662111_25bf91026f_b.jpg,by,2.0,https://creativecommons.org/licenses/by/2.0/,waterfall stream,720,960,576,768,37.408,a58fbe7bf1ba94125ec95f83575d1c1c5997a7f2
1531.jpg,waterfall,22ff9fda-7ca7-4c67-9fd9-84715e1c8a70,Kuhaköngäs waterfall (long exposure panorama),flickr,talaakso,https://www.flickr.com/photos/23807585@N07/37172626714,https://live.staticflickr.com/4496/37172626714_fc85c60a3f_b.jpg,by,2.0,https://creativecommons.org/licenses/by/2.0/,waterfall long exposure,1023,359,768,270,41.211,9d67f30222a0de60ba1048fa54925fcf6d764508
1532.jpg,waterfall,01981609-2a1a-4498-bf72-3588b6692c57,"Iceland, Godafoss at sunset, beautiful waterfall, long exposure",flickr,derrickbrutel,https://www.flickr.com/photos/143951935@N07/30383150735,https://live.staticflickr.com/5350/30383150735_eacfa0a570_b.jpg,by-sa,2.0,https://creativecommons.org/licenses/by-sa/2.0/,waterfall long exposure,1024,683,768,512,46.994,dfa25dbd97927263bcd2cd67a0841cd4bea58b58
1530.jpg,waterfall,89691ed7-cc07-4947-9f30-4c18c9fffc13,Kuhaköngäs waterfall (long exposure),flickr,talaakso,https://www.flickr.com/photos/23807585@N07/37797004762,https://live.staticflickr.com/4491/37797004762_e16cd36da4_b.jpg,by,2.0,https://creativecommons.org/licenses/by/2.0/,waterfall long exposure,1024,684,768,513,19.571,1763bb1a723fe1c9c77c996d8b1ff413e92cefd0
1533.jpg,waterfall,b6255545-8540-4cbe-b4af-41bf6d3d9580,Kuhaköngäs waterfall (long exposure panorama),flickr,talaakso,https://www.flickr.com/photos/23807585@N07/37834111976,https://live.staticflickr.com/4495/37834111976_fe95ba1984_b.jpg,by,2.0,https://creativecommons.org/licenses/by/2.0/,waterfall long exposure,1023,581,768,436,31.563,46cd27c762f8c366b061b539a423894ce146b94d
1534.jpg,waterfall,d9cd6ba1-a381-42dd-85b0-c7cb6e0adb78,Waterfall Long Exposure - Rio de la Miel,flickr,Cedric_Ramirez,https://www.flickr.com/photos/44736910@N03/5100776236,https://live.staticflickr.com/1333/5100776236_15e6309b61_b.jpg,by-sa,2.0,https://creativecommons.org/licenses/by-sa/2.0/,waterfall long exposure,1024,684,768,513,45.42,6889aa426e8848fbc9c1f53ec6b36b9eb9301d59
1535.jpg,waterfall,1d929fe7-7dce-4add-b32b-e84921c6e9a2,Waterfall long exposure,flickr,alf.melin,https://www.flickr.com/photos/27412901@N04/14101827256,https://live.staticflickr.com/7369/14101827256_706010bae0_b.jpg,by-sa,2.0,https://creativecommons.org/licenses/by-sa/2.0/,waterfall long exposure,1024,683,768,512,59.121,9e3d50d66f31dcb49c14fe28e79a51e40a68c837
1536.jpg,waterfall,fee8dc98-de53-4d73-886a-05d4eb16d64d,Waterfall - long exposure with filter,flickr,Darren Wilkinson,https://www.flickr.com/photos/24215253@N05/10122384124,https://live.staticflickr.com/3815/10122384124_5376c42eb0_b.jpg,by-sa,2.0,https://creativecommons.org/licenses/by-sa/2.0/,waterfall long exposure,738,1024,553,768,42.023,83e4cb8ab6b671cac0a66ff75a65633d665cf18b
1537.jpg,waterfall,fcd4e755-d232-4cf9-a627-189bfaf11bd6,Short Waterfall - Long Exposure,flickr,Skrewtape,https://www.flickr.com/photos/75243940@N00/1441400202,https://live.staticflickr.com/1359/1441400202_ebcca4dc9b_b.jpg,by-sa,2.0,https://creativecommons.org/licenses/by-sa/2.0/,waterfall long exposure,1023,685,768,514,61.502,cc1655e58b9f9e4f0e875cb3c7d9948b24cd4f01
1538.jpg,waterfall,0b98623b-d04c-4e8d-8737-c0079b899c3a,Skógafoss Waterfall (long exposure),flickr,cacophonyx,https://www.flickr.com/photos/56105478@N00/35502107734,https://live.staticflickr.com/4313/35502107734_f395c5f378_b.jpg,by-sa,2.0,https://creativecommons.org/licenses/by-sa/2.0/,waterfall long exposure,1024,683,768,512,35.388,c8497ce36bc71ba2c0f150cced73dc98e0743430
1540.jpg,waterfall,3790b48e-0d7b-4918-bc0d-e7d6f9974ece,"waterfall, long exposure",flickr,Jo Munday,https://www.flickr.com/photos/17912076@N00/1433874051,https://live.staticflickr.com/1392/1433874051_3504532952_b.jpg,by,2.0,https://creativecommons.org/licenses/by/2.0/,waterfall long exposure,682,1023,512,768,21.095,bb960b96a16fd30cb22896516610f0ec50dd30f0
1541.jpg,waterfall,eea4949e-edc0-448a-83ad-eaa9e0422b38,Windridge memorial park waterfall long exposure zoom,flickr,Joe K Gage,https://www.flickr.com/photos/181920661@N03/50158665131,https://live.staticflickr.com/65535/50158665131_caea6db37a_b.jpg,by-sa,2.0,https://creativecommons.org/licenses/by-sa/2.0/,waterfall long exposure,1024,683,768,512,55.123,caff106031c69f155ce361c5abd1b6d1b3f06cd5
1545.jpg,waterfall,a64eabeb-b338-41bf-a9d6-d467bf3842be,"Kusugawa trailhead, Yakushima Island",flickr,caseyyee,https://www.flickr.com/photos/33199378@N06/4278892484,https://live.staticflickr.com/4018/4278892484_5486535120_b.jpg,by-sa,2.0,https://creativecommons.org/licenses/by-sa/2.0/,waterfall long exposure,1024,683,768,512,35.927,cc11f20fe10e72d8e329a40cad17bee98ce7909d
1544.jpg,waterfall,2805efd2-9222-4186-ab77-3bc90d2c5e67,Hamilton Pool,flickr,Leon Bovenkerk,https://www.flickr.com/photos/92313933@N08/10525326055,https://live.staticflickr.com/7456/10525326055_728be8a35a_b.jpg,by-sa,2.0,https://creativecommons.org/licenses/by-sa/2.0/,waterfall long exposure,1024,678,768,509,40.162,bacb8cee95f4e91a9237cf5235dd5308c3ba5eb0
1546.jpg,waterfall,c18ced55-ba62-465a-9ccc-e00d13af0d6d,websters falls revisited,flickr,paul bica,https://www.flickr.com/photos/99771506@N00/4047744775,https://live.staticflickr.com/2512/4047744775_f5d6737ef8_b.jpg,by,2.0,https://creativecommons.org/licenses/by/2.0/,waterfall long exposure,1024,761,768,571,64.293,fa4295374a273ed9f547edf45c945c5e6b6ccc93
1547.jpg,waterfall,d3d53da6-b863-4829-8916-c28907de6b1d,Waterfall - Richmond North Yorkshire - Daylight Longexposure,flickr,SeanJCPhoto,https://www.flickr.com/photos/38016332@N02/4347481958,https://live.staticflickr.com/4003/4347481958_db184296cc.jpg,by,2.0,https://creativecommons.org/licenses/by/2.0/,waterfall long exposure,500,334,500,334,65.838,5a93ec0c6f5f3f21b73f3c2ef2011e9c22d227d8
1548.jpg,waterfall,88d12c98-3010-44e4-a4d7-e605ddc792b4,one way down,flickr,Brad Higham,https://www.flickr.com/photos/83151451@N08/9547034561,https://live.staticflickr.com/5475/9547034561_47b6b04cf4_b.jpg,by,2.0,https://creativecommons.org/licenses/by/2.0/,waterfall long exposure,1024,678,768,509,37.195,884f1c736c4279aedcd50dc583a7c19687ce4736
1549.jpg,waterfall,f2c6b9e7-8a00-479f-bda2-fe1e3291f9c7,A Small Dark Drop,flickr,Brad Higham,https://www.flickr.com/photos/83151451@N08/14523385887,https://live.staticflickr.com/2916/14523385887_1c90bc84a3_b.jpg,by,2.0,https://creativecommons.org/licenses/by/2.0/,waterfall long exposure,1024,678,768,509,26.0,20fc8805f683c7ab9332673fdf70bedf1fdd403b
1550.jpg,waterfall,d590c4dc-0f87-4b0a-ae94-1de2f9fdc7f9,Zoo Waterfall,flickr,Bold Frontiers,https://www.flickr.com/photos/82955120@N05/15877310895,https://live.staticflickr.com/7505/15877310895_f17110bc5b_b.jpg,by,2.0,https://creativecommons.org/licenses/by/2.0/,waterfall long exposure,683,1024,512,768,68.261,84ac30ea88a1c61c83fdd382e9b21b70524e2a7d
1552.jpg,waterfall,ffd9440c-6245-42bc-be52-5e10065bd15f,Fern Rock Falls,flickr,LukeDetwiler,https://www.flickr.com/photos/90099844@N04/14010282399,https://live.staticflickr.com/2931/14010282399_120597a50c_b.jpg,by,2.0,https://creativecommons.org/licenses/by/2.0/,waterfall long exposure,1024,1024,768,768,19.199,f80dbfeefbbd6065b6a4de9c349b941c22ee754e
1553.jpg,waterfall,3926c1fb-10f0-4734-a4d9-82c7aadfe506,Rustic Rock Run Falls,flickr,Bold Frontiers,https://www.flickr.com/photos/82955120@N05/15293277564,https://live.staticflickr.com/8633/15293277564_cf279ec50f_b.jpg,by,2.0,https://creativecommons.org/licenses/by/2.0/,waterfall long exposure,1024,683,768,512,66.625,e5c2daf98309a175b3c54290fa8a0a0df3ae849c
1554.jpg,waterfall,8c827bfa-f552-429e-8d82-9bdb2662f3a0,Urbex Falls,flickr,Bold Frontiers,https://www.flickr.com/photos/82955120@N05/16090245045,https://live.staticflickr.com/8676/16090245045_98b73bf00d_b.jpg,by,2.0,https://creativecommons.org/licenses/by/2.0/,waterfall long exposure,683,1024,512,768,41.139,558f93881ec6dd63b50942964338d0a66ec65348
1551.jpg,waterfall,4df88f67-1e37-4c41-bf4b-ca73ab745f5e,In the Midst of Nature,flickr,Tom Mrazek,https://www.flickr.com/photos/127347978@N04/21668398218,https://live.staticflickr.com/781/21668398218_aa6ae80534_b.jpg,by,2.0,https://creativecommons.org/licenses/by/2.0/,waterfall long exposure,633,1023,475,768,69.472,c5a7b70d54229a7519426d536fc37347278bcb01
1555.jpg,waterfall,17aa9dc4-956c-4f5d-b76c-4a32f1f3a54b,Rock Run Panorama Sunrise,flickr,Bold Frontiers,https://www.flickr.com/photos/82955120@N05/15932303392,https://live.staticflickr.com/65535/15932303392_bf2802f185_b.jpg,by,2.0,https://creativecommons.org/licenses/by/2.0/,waterfall long exposure,1024,391,768,293,71.075,7f508538cfff10c37ded048c5390602aff5aba84
1556.jpg,waterfall,5ff967d6-a1c0-498f-a43e-650e49133f56,Stream of Hope,flickr,Bold Frontiers,https://www.flickr.com/photos/82955120@N05/15898994062,https://live.staticflickr.com/8579/15898994062_7cb2e396b5_b.jpg,by,2.0,https://creativecommons.org/licenses/by/2.0/,waterfall long exposure,683,1024,512,768,70.13,c34ea86e8ec39f028687af526e83e98ffbd788dc
1557.jpg,waterfall,0e3eef7d-7cbd-441e-a2b6-602d15a3e6bf,Glowing Midnight Waterfall,flickr,Bold Frontiers,https://www.flickr.com/photos/82955120@N05/15649903318,https://live.staticflickr.com/5611/15649903318_0f93678156_b.jpg,by,2.0,https://creativecommons.org/licenses/by/2.0/,waterfall long exposure,1024,683,768,512,69.862,94efbae3f60188a2fbb6c143e1ec147799f96da4
1558.jpg,waterfall,e2c3b945-899f-407b-9a30-8ac0b175a12e,Pink Glencar Falls,flickr,Bold Frontiers,https://www.flickr.com/photos/82955120@N05/14922945665,https://live.staticflickr.com/3904/14922945665_d8efe0612b_b.jpg,by,2.0,https://creativecommons.org/licenses/by/2.0/,waterfall long exposure,683,1024,512,768,65.173,a570a9c7f5df09f1f5a5eb69aba012f436290e82
1559.jpg,waterfall,ea7a7ba2-6cb7-495c-ba1e-ca0b60eeef77,Glencar Falls,flickr,Bold Frontiers,https://www.flickr.com/photos/82955120@N05/10076614435,https://live.staticflickr.com/3791/10076614435_ce3379a364_b.jpg,by,2.0,https://creativecommons.org/licenses/by/2.0/,waterfall long exposure,683,1024,512,768,59.545,658fb352854f990a9c7e5c565572c82fcb7bbb1b
1560.jpg,waterfall,e4c75cad-3191-4723-8af0-d9147c36ce84,Tolliver Falls,flickr,Bold Frontiers,https://www.flickr.com/photos/82955120@N05/15870686255,https://live.staticflickr.com/7518/15870686255_c166a08bc2_b.jpg,by,2.0,https://creativecommons.org/licenses/by/2.0/,waterfall long exposure,1024,683,768,512,72.844,31c22cd628b702c22c588d0f23b4d99a11807003
1561.jpg,waterfall,07bd9cfd-4562-44b2-a338-b35cba701e01,Blackwater Winter Sphinx Falls,flickr,Bold Frontiers,https://www.flickr.com/photos/82955120@N05/15792405947,https://live.staticflickr.com/8590/15792405947_8eea01ae3a_b.jpg,by,2.0,https://creativecommons.org/licenses/by/2.0/,waterfall long exposure,1024,683,768,512,59.997,e38db48b8b45a6c5eda4f4b18380dcfcdde29037
1562.jpg,waterfall,0ba0a3d7-7aba-49f8-9161-30879100ad5b,Bokeh Rainbow Falls,flickr,Bold Frontiers,https://www.flickr.com/photos/82955120@N05/15952744992,https://live.staticflickr.com/7462/15952744992_857c4e7d2c_b.jpg,by,2.0,https://creativecommons.org/licenses/by/2.0/,waterfall long exposure,1024,683,768,512,44.633,5a5d104623d0bb0984b12ecbf928c5eb86ca74b6
1563.jpg,waterfall,5c1279dd-4163-4bfc-8c5f-6eb7375d5f8b,Susquehanna Stream,flickr,Bold Frontiers,https://www.flickr.com/photos/82955120@N05/15293354604,https://live.staticflickr.com/8582/15293354604_11fc716be2_b.jpg,by,2.0,https://creativecommons.org/licenses/by/2.0/,waterfall long exposure,1024,683,768,512,79.95,b429fd03b5308157ebbc82f4e729dc2f608f418f
1564.jpg,waterfall,9d8fcec9-1a59-4bb0-b8ba-465ade37d4a7,Blackwater Falls,flickr,Bold Frontiers,https://www.flickr.com/photos/82955120@N05/15042368828,https://live.staticflickr.com/3901/15042368828_5cc3cd68af_b.jpg,by,2.0,https://creativecommons.org/licenses/by/2.0/,waterfall long exposure,1024,683,768,512,63.545,7dd8149913a507adcc4d8f96b72cc8c4bdb8f7a0
1565.jpg,waterfall,690114dd-6379-40d8-8c32-249e48e7c614,Glen Artney Stream,flickr,Bold Frontiers,https://www.flickr.com/photos/82955120@N05/15529767027,https://live.staticflickr.com/5610/15529767027_152352706a_b.jpg,by,2.0,https://creativecommons.org/licenses/by/2.0/,waterfall long exposure,683,1024,512,768,68.867,285504cdbcfec809b55394dbb129cbb8e133b9e7
1566.jpg,waterfall,3b1b389a-dd9a-4061-a461-137b7db4a17a,Whirling Pool Beneath Croydon Creek Waterfall,flickr,John Brighenti,https://www.flickr.com/photos/94359914@N06/32199402167,https://live.staticflickr.com/65535/32199402167_196b3f032b_b.jpg,by,2.0,https://creativecommons.org/licenses/by/2.0/,waterfall long exposure,1023,614,768,461,66.446,253674e77637f6267739772141be1fd486b1c454
1568.jpg,waterfall,59b5aa7f-ab13-45be-abd7-a07c57b4522b,Avalon Gold Stream,flickr,Bold Frontiers,https://www.flickr.com/photos/82955120@N05/15806465995,https://live.staticflickr.com/5615/15806465995_62b9a71eac_b.jpg,by,2.0,https://creativecommons.org/licenses/by/2.0/,waterfall long exposure,1024,683,768,512,80.451,3d1ab12cc1facf5a79c5c482c873d863e6f5cb0d
1567.jpg,waterfall,94450780-d3c2-42ba-bac8-19d1c50a7b0c,Passion Falls,flickr,Bold Frontiers,https://www.flickr.com/photos/82955120@N05/15836388156,https://live.staticflickr.com/7580/15836388156_16facb5cee_b.jpg,by,2.0,https://creativecommons.org/licenses/by/2.0/,waterfall long exposure,1024,683,768,512,67.589,af4d2b29a521de3da28b5540a0f2eaae5b4b92bb
1569.jpg,waterfall,f986d9d0-2a11-4336-9b75-f88de964bf4e,Susquehanna Sunset Stream,flickr,Bold Frontiers,https://www.flickr.com/photos/82955120@N05/15931135101,https://live.staticflickr.com/8578/15931135101_23264e7cfa_b.jpg,by,2.0,https://creativecommons.org/licenses/by/2.0/,waterfall long exposure,1024,683,768,512,79.797,0fe7ee146cfdb39eff1f89c3c1d5e7f7b4ecc89c
1572.jpg,waterfall,43a5619b-0a3c-437c-a5a5-2e664f889cea,Waterfall - Richmond North Yorkshire - Daylight Longexposure,flickr,SeanJCPhoto,https://www.flickr.com/photos/38016332@N02/4346735473,https://live.staticflickr.com/4058/4346735473_10b2a0597a.jpg,by,2.0,https://creativecommons.org/licenses/by/2.0/,waterfall long exposure,500,334,500,334,69.114,f0cd97f553fa4e9c0ec2377dd4fc7711de5a0a62
1570.jpg,waterfall,e93fbcfb-c805-41e3-8533-369821bc7cc3,Falling,flickr,dolbinator1000,https://www.flickr.com/photos/126654539@N08/20355232331,https://live.staticflickr.com/321/20355232331_f98e0769e3_b.jpg,by,2.0,https://creativecommons.org/licenses/by/2.0/,waterfall long exposure,1023,699,768,525,60.0,63b39112d3b87a85e654faf96b9ee3dd6c26d8e9
1571.jpg,waterfall,0622fbeb-7302-4c99-a0be-77928522453a,The Wisps,flickr,dolbinator1000,https://www.flickr.com/photos/126654539@N08/27509361840,https://live.staticflickr.com/7117/27509361840_30dae0e56a_b.jpg,by,2.0,https://creativecommons.org/licenses/by/2.0/,waterfall long exposure,1024,682,768,512,81.262,b6e0e60a01a3c5a1fa7031474fcdec2526c792c3
1573.jpg,waterfall,26c65e28-9fca-4280-853a-f307926ac181,Frozen Avalon Fantasy Falls,flickr,Bold Frontiers,https://www.flickr.com/photos/82955120@N05/20138432452,https://live.staticflickr.com/315/20138432452_27f702dab9_b.jpg,by,2.0,https://creativecommons.org/licenses/by/2.0/,waterfall long exposure,1024,683,768,512,67.787,30b3c26a29d62d1fea25e5c14408e30f121e4947
1574.jpg,waterfall,e0c8a22c-6731-4981-bc0f-2d2bc3c67e98,Forever Autumn,flickr,dolbinator1000,https://www.flickr.com/photos/126654539@N08/23435845553,https://live.staticflickr.com/5683/23435845553_764a987643_b.jpg,by,2.0,https://creativecommons.org/licenses/by/2.0/,waterfall long exposure,1024,585,768,439,75.459,b928d5654ce934ada2409daccd6b5caa87ad2098
1576.jpg,waterfall,504ddfff-dda1-4883-9187-6d795b9d5ace,Cunningham Falls,flickr,Bold Frontiers,https://www.flickr.com/photos/82955120@N05/15215292224,https://live.staticflickr.com/7523/15215292224_89fc6a8525_b.jpg,by,2.0,https://creativecommons.org/licenses/by/2.0/,waterfall long exposure,1024,683,768,512,76.809,f2c6f4220cc1900414533d81ac6ea8e7b013481c
1575.jpg,waterfall,038e79ee-51ce-46e4-8c0a-54b28fd45dee,#14,flickr,Kiwi Tom,https://www.flickr.com/photos/127665714@N08/15205664582,https://live.staticflickr.com/3918/15205664582_55713a84c4_b.jpg,by,2.0,https://creativecommons.org/licenses/by/2.0/,waterfall long exposure,678,1024,508,768,75.553,d9e75e7e1993bc4e76c4ae13d2f0bad9207c3295
1578.jpg,waterfall,54df992d-4287-4c5a-9148-b0703b25b656,Waterfall - Richmond North Yorkshire - Daylight Longexposure,flickr,SeanJCPhoto,https://www.flickr.com/photos/38016332@N02/4347481812,https://live.staticflickr.com/2713/4347481812_d324339ed6.jpg,by,2.0,https://creativecommons.org/licenses/by/2.0/,waterfall long exposure,500,334,500,334,71.391,55779d2a5ce70d339de5e2c3d1fc83dd14fea185
1577.jpg,waterfall,93037c45-d9ac-4769-ba1b-05737b6f4b11,Avalon Fantasy Falls,flickr,Bold Frontiers,https://www.flickr.com/photos/82955120@N05/15902878888,https://live.staticflickr.com/7530/15902878888_187ea805fc_b.jpg,by,2.0,https://creativecommons.org/licenses/by/2.0/,waterfall long exposure,683,1024,512,768,63.937,9155fdabbf3fc75d231ec06833b2889999e0f373
1580.jpg,waterfall,de5aaacc-7cde-478b-a08c-97fd88c8d05b,long-exposure-autumn-waterfalls,flickr,ForestWander.com,https://www.flickr.com/photos/10922353@N03/5167080388,https://live.staticflickr.com/1331/5167080388_20399a8883.jpg,by-sa,2.0,https://creativecommons.org/licenses/by-sa/2.0/,waterfall long exposure,500,334,500,334,52.475,2b56c0d26ff4ee67fe60ed58e242941599d78ada
1579.jpg,waterfall,51c7b780-4dfa-4bb0-bbf9-e79a71565bf0,Long Exposure Falls,flickr,Max and Dee,https://www.flickr.com/photos/61112853@N06/6158869389,https://live.staticflickr.com/6161/6158869389_3ed8fa09b6_b.jpg,by,2.0,https://creativecommons.org/licenses/by/2.0/,waterfall long exposure,1024,639,768,479,49.033,f52ff2d9e52b46b3175503dd600d19aba74ef1b3
1583.jpg,waterfall,d23d460c-34e0-405b-84fe-461493251865,Gasteiner Ache,flickr,Bernd Thaller,https://www.flickr.com/photos/44296132@N06/29402694381,https://live.staticflickr.com/8422/29402694381_5de53c9592_b.jpg,by,2.0,https://creativecommons.org/licenses/by/2.0/,waterfall long exposure,1023,683,768,513,65.129,2687355735e1a00e52d495a255567438550f3786
1581.jpg,waterfall,8964a8c1-789e-4673-857f-4bf0a6650a50,Refreshing Motion,flickr,Ian Sane,https://www.flickr.com/photos/31246066@N04/4591077046,https://live.staticflickr.com/3300/4591077046_d9d8d87e96_b.jpg,by,2.0,https://creativecommons.org/licenses/by/2.0/,waterfall long exposure,1024,819,768,614,53.702,a723edcb47cfca57f560a7369f4028fc31663b39
1584.jpg,waterfall,5233a3b7-65a0-4523-9370-a2d9c2748c68,Winding Blackwater Falls,flickr,Bold Frontiers,https://www.flickr.com/photos/82955120@N05/15418870739,https://live.staticflickr.com/3948/15418870739_200264a42e_b.jpg,by,2.0,https://creativecommons.org/licenses/by/2.0/,waterfall long exposure,1024,683,768,512,75.019,fe8caca06cc8ea63c24db43fe63b96b3d4c5fb27
1582.jpg,waterfall,e90f716d-08b6-49e4-9786-db5ecb7d5599,Dolgoch Falls 2,flickr,Adam Court,https://www.flickr.com/photos/132182845@N06/28547021194,https://live.staticflickr.com/8389/28547021194_d8df8ba5ef_b.jpg,by,2.0,https://creativecommons.org/licenses/by/2.0/,waterfall long exposure,1024,683,768,512,74.191,5307f596880a270d6952ae230b8a8ebd63298c68
1585.jpg,waterfall,29edbd62-131b-43df-9f6c-bd744dc68e40,The Batcave,flickr,dolbinator1000,https://www.flickr.com/photos/126654539@N08/21391153816,https://live.staticflickr.com/5740/21391153816_4c29d858df_b.jpg,by,2.0,https://creativecommons.org/licenses/by/2.0/,waterfall long exposure,823,1023,618,768,76.966,fbbca3fff39d9098c7d9c304c46f498319a1db8b
1586.jpg,waterfall,91060a24-0c25-44ec-a975-62ef251d5da7,Dorwin Falls,flickr,Bold Frontiers,https://www.flickr.com/photos/82955120@N05/14100950408,https://live.staticflickr.com/3737/14100950408_129f8085d7_b.jpg,by,2.0,https://creativecommons.org/licenses/by/2.0/,waterfall long exposure,1024,683,768,512,71.515,a188a8a2a4abb250ccb90fd0e8e9b1a11bea5ef7
1587.jpg,waterfall,8bc3668a-b714-48cd-a73d-f99fa3d4d769,"Water whipping through the Winner Creek Gorge, Girdwood, Alaska",flickr,Alaskan Dude,https://www.flickr.com/photos/72213316@N00/3824408786,https://live.staticflickr.com/2664/3824408786_7c47ca0906_b.jpg,by,2.0,https://creativecommons.org/licenses/by/2.0/,waterfall long exposure,683,1024,512,768,31.382,c810acb6a4e0533cc6aa3974aaa7f1b35517bf28
1588.jpg,waterfall,bc970e1c-9865-4daf-922c-7572e226e492,Lower Butte Creek Falls,flickr,Ian Sane,https://www.flickr.com/photos/31246066@N04/16908947467,https://live.staticflickr.com/7676/16908947467_18d7baa863_b.jpg,by,2.0,https://creativecommons.org/licenses/by/2.0/,waterfall long exposure,1024,689,768,517,69.819,1b2a93bd8ed9c9349de914e5ec51f2eb9d9ebdd7
1589.jpg,waterfall,7a1440a6-4e83-4fef-996e-69b1542f6dec,water and stone,flickr,Jose Nicdao,https://www.flickr.com/photos/89745292@N00/6094346327,https://live.staticflickr.com/6206/6094346327_f23b6f52ee_b.jpg,by,2.0,https://creativecommons.org/licenses/by/2.0/,waterfall long exposure,1023,682,768,512,49.556,acef1a4ff33c35138d0d62e7f358b3110cb152bb
1590.jpg,waterfall,6dbf85c0-4ef7-41b4-b0c8-38c3a8266b2e,Icy Chittenango Falls Viewed From the Middle Overlook,flickr,John Brighenti,https://www.flickr.com/photos/94359914@N06/46155670861,https://live.staticflickr.com/4886/46155670861_e938fa3c73_b.jpg,by,2.0,https://creativecommons.org/licenses/by/2.0/,waterfall long exposure,683,1024,512,768,78.335,a55660f9bd72069d62328d97e067d527e8339fc0
1591.jpg,waterfall,ac37e885-1be9-474b-bd07-26c70f0c085b,Orange Grove Stream,flickr,Bold Frontiers,https://www.flickr.com/photos/82955120@N05/15861443812,https://live.staticflickr.com/65535/15861443812_8a65fb31ae_b.jpg,by,2.0,https://creativecommons.org/licenses/by/2.0/,waterfall long exposure,1024,683,768,512,71.971,f784c643b949d62388678b6dd3396262a58e81a1
1592.jpg,waterfall,5995fd65-e21f-4b32-9309-bcc64e2648a6,Dark Hollow Falls Stream,flickr,Bold Frontiers,https://www.flickr.com/photos/82955120@N05/15644496370,https://live.staticflickr.com/8620/15644496370_b3b48f2b95_b.jpg,by,2.0,https://creativecommons.org/licenses/by/2.0/,waterfall long exposure,1024,683,768,512,84.1,8ace5eadc5d8e05b6b8332a947c724cf244b57f6
1593.jpg,waterfall,caa1f3ec-665b-40df-992a-31fe2ae2ab15,In the woods,flickr,Holly Norval,https://www.flickr.com/photos/63833161@N05/11081428416,https://live.staticflickr.com/5541/11081428416_79f7a391e2_b.jpg,by,2.0,https://creativecommons.org/licenses/by/2.0/,waterfall long exposure,1024,683,768,512,51.027,eb1d49f9fe38c5832312c39ecf0a377731314dd4
1598.jpg,waterfall,f4fa1201-fd2b-488a-8b2d-2c3322f62841,Contentment,flickr,Ian Sane,https://www.flickr.com/photos/31246066@N04/5152605775,https://live.staticflickr.com/1440/5152605775_b66ce93763_b.jpg,by,2.0,https://creativecommons.org/licenses/by/2.0/,waterfall long exposure,1024,683,768,512,59.701,b0eddd2d19a3d48556b2166c2e9707bcd827efac
1594.jpg,waterfall,854e149c-2d3e-4ecf-bc2c-a7282bc0fcf3,"The South, Ansel Style",flickr,Ian Sane,https://www.flickr.com/photos/31246066@N04/40170236045,https://live.staticflickr.com/867/40170236045_5d46056646_b.jpg,by,2.0,https://creativecommons.org/licenses/by/2.0/,waterfall long exposure,1024,683,768,512,72.431,27f8934a5b43b9fa07ec0872e47753249258efe0
1595.jpg,waterfall,78faf8b4-e744-4eb3-8fb5-84ede3d1ff98,"Waterfall, Sarawak",flickr,LukePricePhotography,https://www.flickr.com/photos/80192717@N08/14380501820,https://live.staticflickr.com/5520/14380501820_a7f9b84377_b.jpg,by,2.0,https://creativecommons.org/licenses/by/2.0/,waterfall long exposure,1024,683,768,512,58.964,2f0fad72030d335ed029b231aeb5ed18ea9301c4
1596.jpg,waterfall,77b29b24-f87b-4eda-8771-12b66950150a,King's Creek at Lassen National Park,flickr,szeke,https://www.flickr.com/photos/43355249@N00/52263183066,https://live.staticflickr.com/65535/52263183066_b3d36ef9d4_b.jpg,by-sa,2.0,https://creativecommons.org/licenses/by-sa/2.0/,waterfall long exposure,1024,768,768,576,60.334,9853aa9d4beacd663643c8ba784722c87fc5a961
1599.jpg,waterfall,a39b158a-f9e6-4574-9675-a55600df65fb,Stone Waterfall,flickr,ksajler,https://www.flickr.com/photos/23706006@N03/33227697980,https://live.staticflickr.com/2840/33227697980_52b66d64f2_b.jpg,by-sa,2.0,https://creativecommons.org/licenses/by-sa/2.0/,waterfall long exposure,1024,822,768,617,74.39,fbaf46e459107492c2e529c9bff38cc765359589
1597.jpg,waterfall,89a9bb93-0857-423e-a8c3-277462a4cf50,Youngs River Falls,flickr,Ian Sane,https://www.flickr.com/photos/31246066@N04/5189043872,https://live.staticflickr.com/1005/5189043872_6f46243a77_b.jpg,by,2.0,https://creativecommons.org/licenses/by/2.0/,waterfall long exposure,1023,614,768,461,57.977,48752cc904bd2df38f22b08c19b23b00555e8657
1600.jpg,waterfall,ee8f7522-dd17-4ae8-b5aa-a7815db6d5c5,Dorwin Falls,flickr,Bold Frontiers,https://www.flickr.com/photos/82955120@N05/20326051541,https://live.staticflickr.com/379/20326051541_439d8d04f8_b.jpg,by,2.0,https://creativecommons.org/licenses/by/2.0/,waterfall long exposure,1024,683,768,512,60.465,f14ae3305e63ffea0b5fa6e0559ce345a7f60da5
1601.jpg,waterfall,c9b9e0e4-0ba1-44a9-aa15-ad7c33f8f0cd,"Waterfall, Vintar Gorge. Slovenia. **EXPLORED**",flickr,LukePricePhotography,https://www.flickr.com/photos/80192717@N08/9308209014,https://live.staticflickr.com/3732/9308209014_ea8eac4387_b.jpg,by,2.0,https://creativecommons.org/licenses/by/2.0/,waterfall long exposure,1024,683,768,512,52.123,46b3f89d3728bf5a2fa00cfbd8a97079757aab57
1602.jpg,waterfall,e06d1eb7-428f-4f24-9510-e8308df40041,Between The Trees,flickr,Ian Sane,https://www.flickr.com/photos/31246066@N04/40919676833,https://live.staticflickr.com/65535/40919676833_1f3fd8c684_b.jpg,by,2.0,https://creativecommons.org/licenses/by/2.0/,waterfall long exposure,1024,683,768,512,50.889,be33c73fe03d6f3637e02b7b377f5cec281e458b
1603.jpg,waterfall,7bd5a6ba-b405-4380-96a7-661e2ec55e3c,Manoa Falls 2,flickr,Edmund Garman,https://www.flickr.com/photos/40315625@N08/16452240252,https://live.staticflickr.com/8644/16452240252_b400b24c19_b.jpg,by,2.0,https://creativecommons.org/licenses/by/2.0/,waterfall long exposure,678,1024,508,768,80.885,fbd8b6947ea373424fc227d3f52eb4a4ccd27414
1604.jpg,waterfall,3432489f-c9b6-4eee-adf6-833810628d3a,Croydon Creek Meandering Through its Rocks,flickr,John Brighenti,https://www.flickr.com/photos/94359914@N06/32209235837,https://live.staticflickr.com/65535/32209235837_2cb62e06d4_b.jpg,by,2.0,https://creativecommons.org/licenses/by/2.0/,waterfall long exposure,1024,521,768,391,67.26,07b994ce7d80128f8c739e716db7335c509d4d1a
1605.jpg,waterfall,3290fc63-0900-4ae6-abac-5865bbbdf359,"Day 29/365 - Mini waterfall Hollywood road park, Hong Kong",flickr,natasia.causse,https://www.flickr.com/photos/123012464@N05/14424215034,https://live.staticflickr.com/3897/14424215034_dcf7b1645a_b.jpg,by,2.0,https://creativecommons.org/licenses/by/2.0/,waterfall long exposure,1024,683,768,512,63.771,3c5d4acfb776a3fd3eb0837dae88879af5a8db6d
1606.jpg,waterfall,df6a94c3-2c03-4073-a101-af2de447a0b6,Water Crashing Over the Rocks of Croydon Creek,flickr,John Brighenti,https://www.flickr.com/photos/94359914@N06/32833594347,https://live.staticflickr.com/65535/32833594347_2a15f01950_b.jpg,by,2.0,https://creativecommons.org/licenses/by/2.0/,waterfall long exposure,1024,683,768,512,55.722,765080875a8b689f6327de0df44e3f3ab80df898
1607.jpg,waterfall,00591253-e7de-4d5f-9cb4-7564c33d9f85,Stream of Fire & Ice,flickr,Bold Frontiers,https://www.flickr.com/photos/82955120@N05/19840850805,https://live.staticflickr.com/285/19840850805_c660a08723_b.jpg,by,2.0,https://creativecommons.org/licenses/by/2.0/,waterfall long exposure,1024,683,768,512,52.024,75bde4f9cae13cea672214f4b5501e07f2f9b1aa
1608.jpg,waterfall,23eba5e5-722a-43ba-a462-6e1d5a77c341,Muddy Creek Falls,flickr,Bold Frontiers,https://www.flickr.com/photos/82955120@N05/21282051080,https://live.staticflickr.com/5784/21282051080_d93faba52b_b.jpg,by,2.0,https://creativecommons.org/licenses/by/2.0/,waterfall long exposure,683,1024,512,768,16.693,155250619cd61a6da1d94bfb3616ca8bc0e4700d
1609.jpg,waterfall,bf236162-93f4-4cf9-a860-3b033aaeab72,Blue Dorwin Falls,flickr,Bold Frontiers,https://www.flickr.com/photos/82955120@N05/20794352070,https://live.staticflickr.com/770/20794352070_af385bb980_b.jpg,by,2.0,https://creativecommons.org/licenses/by/2.0/,waterfall long exposure,683,1024,512,768,53.356,65b884c8620b79f0b1796f37351f10e3895a2e12
1610.jpg,waterfall,2065dd89-b62c-420d-9427-16cc53f20f46,Stream,flickr,Martin Dvoracek CZ,https://www.flickr.com/photos/118382614@N04/16890695795,https://live.staticflickr.com/7643/16890695795_cfc3b444f2_b.jpg,by,2.0,https://creativecommons.org/licenses/by/2.0/,waterfall long exposure,1024,686,768,515,79.529,0ad15b2b871bd003444816dd5c88d3360663a59b
1611.jpg,waterfall,2456df62-7b7f-4bc9-88ed-f6834214858f,out of focus,flickr,Brad Higham,https://www.flickr.com/photos/83151451@N08/9547010101,https://live.staticflickr.com/3807/9547010101_c177252d35_b.jpg,by,2.0,https://creativecommons.org/licenses/by/2.0/,waterfall long exposure,1024,678,768,509,13.546,6035e5b431ccb2d0c4312669a3b373b582fb2ae8
1613.jpg,waterfall,2dbeebca-43eb-4fa7-9b7d-58fb3dd21a2a,“流水 Water Flow” / 寧 Serenity / SML.20130326.7D.36470.C23.BW,flickr,See-ming Lee (SML),https://www.flickr.com/photos/48973657@N00/8592076710,https://live.staticflickr.com/8250/8592076710_e8e0375bca_b.jpg,by,2.0,https://creativecommons.org/licenses/by/2.0/,waterfall long exposure,683,1024,512,768,36.377,0924ad5342c72f4f17542092a1745ec9f3fca204
1612.jpg,waterfall,7310425b-b49b-4b10-a367-83e6d1550cab,Croydon Creek Long Exposure,flickr,John Brighenti,https://www.flickr.com/photos/94359914@N06/31961401448,https://live.staticflickr.com/4870/31961401448_a96747a627_b.jpg,by,2.0,https://creativecommons.org/licenses/by/2.0/,waterfall long exposure,1024,683,768,512,64.441,94ef07258bca7ed8b04f2138372408f2bc734497
1614.jpg,waterfall,b5def96d-1fc2-4814-844a-5d6794ae9546,Brook,flickr,dolbinator1000,https://www.flickr.com/photos/126654539@N08/18035495421,https://live.staticflickr.com/7755/18035495421_9de13eb8db_b.jpg,by,2.0,https://creativecommons.org/licenses/by/2.0/,waterfall long exposure,1023,681,768,511,46.973,61ff2f9dbdadf83d8bccf2887768fd8bde09ed3a
1615.jpg,waterfall,e12e4595-b993-4d7a-ba6f-b7d74eb85ecb,Waterfall - Richmond North Yorkshire - Daylight Longexposure,flickr,SeanJCPhoto,https://www.flickr.com/photos/38016332@N02/4346735625,https://live.staticflickr.com/2718/4346735625_6465b20b6c.jpg,by,2.0,https://creativecommons.org/licenses/by/2.0/,waterfall long exposure,500,334,500,334,51.09,7ec6284476c3efa5705dd075408f760038cd8bb2
1616.jpg,waterfall,4f250f9d-e2e1-4f3c-ae04-db06f3417c5a,Winter Jade Falls,flickr,Bold Frontiers,https://www.flickr.com/photos/82955120@N05/19877273910,https://live.staticflickr.com/482/19877273910_f49dddda32_b.jpg,by,2.0,https://creativecommons.org/licenses/by/2.0/,waterfall long exposure,1024,683,768,512,75.055,145d9b32a23a6a562654d65a8181fc4a32104314
1617.jpg,waterfall,9fb8b7d8-b985-4b8a-b675-445c718221da,Deep in the forest,flickr,Dara Meybodi,https://www.flickr.com/photos/101560046@N08/19802079153,https://live.staticflickr.com/3747/19802079153_5af086c11d_b.jpg,by,2.0,https://creativecommons.org/licenses/by/2.0/,waterfall long exposure,1024,683,768,512,68.106,96e14de4c1c30435e77419ffe95fda7ad4c1859b
1619.jpg,waterfall,1310cef4-5de1-4694-bdc7-51d5806f1bd6,Stream of Frozen Hope,flickr,Bold Frontiers,https://www.flickr.com/photos/82955120@N05/18910228044,https://live.staticflickr.com/306/18910228044_3ace290421_b.jpg,by,2.0,https://creativecommons.org/licenses/by/2.0/,waterfall long exposure,683,1024,512,768,71.12,2752357271d8902790d05ccfcebdcec15e38447a
1618.jpg,waterfall,2ee2c7ed-eec6-4e4b-bc3c-9f76d75ece9b,Ozone Falls,flickr,Bold Frontiers,https://www.flickr.com/photos/82955120@N05/22329454633,https://live.staticflickr.com/5818/22329454633_9a35589f98_b.jpg,by,2.0,https://creativecommons.org/licenses/by/2.0/,waterfall long exposure,683,1024,512,768,66.505,f328a7ae58e80e75cd3355b156819ff60c7841bd
1620.jpg,waterfall,baaee507-7b4f-4b3d-ac84-01e408b7c714,Orleans waterfall,flickr,Matt Henry photos,https://www.flickr.com/photos/116417508@N06/14430996928,https://live.staticflickr.com/3900/14430996928_765750f88e_b.jpg,by,2.0,https://creativecommons.org/licenses/by/2.0/,waterfall long exposure,1024,683,768,512,69.229,addf7842515a47a50ea6790609252422f4ca7cab
1622.jpg,waterfall,20b1a0d8-a4f6-4615-addf-61bf9635346a,Cascade,flickr,dolbinator1000,https://www.flickr.com/photos/126654539@N08/22000924988,https://live.staticflickr.com/655/22000924988_4ebd5608b3_b.jpg,by,2.0,https://creativecommons.org/licenses/by/2.0/,waterfall long exposure,1024,682,768,512,64.985,149b70356f914772851a68b7299df0581e4bd841
1621.jpg,waterfall,a7b35afc-afb2-4dd9-912e-a1808ff7d570,Wahclella Falls,flickr,Ian Sane,https://www.flickr.com/photos/31246066@N04/27004661594,https://live.staticflickr.com/7539/27004661594_2e11651d0d_b.jpg,by,2.0,https://creativecommons.org/licenses/by/2.0/,waterfall long exposure,1024,689,768,517,66.124,e1a16f08367396ad4ec6ec923f8b20cf8bfaabaa
1623.jpg,waterfall,b9693d20-5759-4d0f-88c3-275404f478fe,Gravity,flickr,W Mustafeez,https://www.flickr.com/photos/21663856@N08/8324102789,https://live.staticflickr.com/8074/8324102789_2175155128_b.jpg,by,2.0,https://creativecommons.org/licenses/by/2.0/,waterfall long exposure,681,1024,511,768,66.037,47e6e7850a2cb0f8bd2837a5ce7523a72969e4b1
1624.jpg,waterfall,89041732-c99b-43c3-94ed-11516356c41e,Gold,flickr,Grégoire Lannoy,https://www.flickr.com/photos/15014421@N02/3470989995,https://live.staticflickr.com/3606/3470989995_1063540da9_b.jpg,by,2.0,https://creativecommons.org/licenses/by/2.0/,waterfall long exposure,1024,682,768,512,41.364,2097b8813cf53a0c95049118360c10bcacecc713
1625.jpg,waterfall,961a292b-41fa-477c-828d-ca88baca3a06,Manoa Falls,flickr,Edmund Garman,https://www.flickr.com/photos/40315625@N08/16427194066,https://live.staticflickr.com/8673/16427194066_9b0b2cac19_b.jpg,by,2.0,https://creativecommons.org/licenses/by/2.0/,waterfall long exposure,1024,683,768,512,64.41,31df27a99939db17d9122598a3a6d758384637c3
1626.jpg,waterfall,9ff4257d-1b46-4531-bb88-6a7da3c116c1,Alsea Falls,flickr,Kirt Edblom,https://www.flickr.com/photos/27190564@N02/16080409967,https://live.staticflickr.com/8625/16080409967_5052d0a605_b.jpg,by-sa,2.0,https://creativecommons.org/licenses/by-sa/2.0/,waterfall long exposure,1024,683,768,512,82.915,cee92d3176486668041914856112578139e285b1
1627.jpg,waterfall,521758c2-929e-48fd-a8ac-32f77c5366ad,Pony Tail Falls,flickr,JonoMueller,https://www.flickr.com/photos/45939540@N05/5644822664,https://live.staticflickr.com/5185/5644822664_3e4736bae0_b.jpg,by,2.0,https://creativecommons.org/licenses/by/2.0/,waterfall long exposure,683,1024,512,768,69.935,0f3bf31ada3939fe614678aa09fdeef99689a24f
1628.jpg,waterfall,43d9028c-76fe-416b-b5de-8863d9b0bbb1,Waterfall - Richmond North Yorkshire - Daylight Longexposure,flickr,SeanJCPhoto,https://www.flickr.com/photos/38016332@N02/4347482142,https://live.staticflickr.com/4016/4347482142_5e43739d1b.jpg,by,2.0,https://creativecommons.org/licenses/by/2.0/,waterfall long exposure,500,334,500,334,46.571,c64202509ac9a7e70179a5c2343ecd99b56e03db
1629.jpg,waterfall,589536bf-2f9b-40b3-8980-06609aec6f02,Mossy Croydon Creek Rocks,flickr,John Brighenti,https://www.flickr.com/photos/94359914@N06/46860726095,https://live.staticflickr.com/65535/46860726095_8cb9ed001a_b.jpg,by,2.0,https://creativecommons.org/licenses/by/2.0/,waterfall long exposure,1024,683,768,512,70.504,50db753d2fb019a2e39030e3d80cdee712a544f1
1631.jpg,waterfall,9ea7628b-576c-4fdf-b9dd-2babe5977d36,Tiny Waterfall,flickr,ZeroOne,https://www.flickr.com/photos/70591690@N00/3546814719,https://live.staticflickr.com/3297/3546814719_9af463eba6_b.jpg,by-sa,2.0,https://creativecommons.org/licenses/by-sa/2.0/,waterfall long exposure,1024,620,768,465,65.678,ca71d53d514e263d47ab2f1e2241a097c781a236
1630.jpg,waterfall,99abc1ce-d8ac-4c96-a94d-58b66709302a,Messing with Long Exposure,flickr,SodanieChea,https://www.flickr.com/photos/41942551@N02/8513813109,https://live.staticflickr.com/8086/8513813109_4eb5510930_b.jpg,by,2.0,https://creativecommons.org/licenses/by/2.0/,waterfall long exposure,683,1024,512,768,61.785,ae1bf1d445d2145bc77b3b53dbf9586e4cff3900
1633.jpg,waterfall,99f2fb8c-1730-4a22-86bc-55eca3c44854,Lower South Falls,flickr,Ian Sane,https://www.flickr.com/photos/31246066@N04/40223190654,https://live.staticflickr.com/786/40223190654_d31e32d165_b.jpg,by,2.0,https://creativecommons.org/licenses/by/2.0/,waterfall long exposure,1024,683,768,512,60.927,7a3809f71007dac951d066d52d8b2e9bb18e02ad
1632.jpg,waterfall,79c36188-3748-4031-be3c-726b437eb1f3,Swallow Falls,flickr,Bold Frontiers,https://www.flickr.com/photos/82955120@N05/19584050656,https://live.staticflickr.com/361/19584050656_df4ec5b1f0_b.jpg,by,2.0,https://creativecommons.org/licenses/by/2.0/,waterfall long exposure,1024,683,768,512,60.482,b22b2453129daad6f0ee50b941c3938dcff7888e
1634.jpg,waterfall,30c77299-e880-4f52-a87e-289657ee39b6,Multnomah Falls - Height 620′,flickr,Ian Sane,https://www.flickr.com/photos/31246066@N04/49035254213,https://live.staticflickr.com/65535/49035254213_55e5311891_b.jpg,by,2.0,https://creativecommons.org/licenses/by/2.0/,waterfall long exposure,689,1024,517,768,59.667,b39ebbb1441b6944f71fdedd3d69e0601317e0e7
1635.jpg,waterfall,d9177ff5-b74e-490f-9e26-d9f0b95c0f12,Croydon Creek Long Exposure,flickr,John Brighenti,https://www.flickr.com/photos/94359914@N06/31961401698,https://live.staticflickr.com/4837/31961401698_d4510972c2_b.jpg,by,2.0,https://creativecommons.org/licenses/by/2.0/,waterfall long exposure,1024,683,768,512,67.055,0f5b88db93a1b7116098ce7e4b19b54ecfe9bcfd
1636.jpg,waterfall,e1f1919d-f2bc-4599-a30e-e54bfbf60a53,under the cloud,flickr,Brad Higham,https://www.flickr.com/photos/83151451@N08/9549808484,https://live.staticflickr.com/7327/9549808484_d66e0e3afb_b.jpg,by,2.0,https://creativecommons.org/licenses/by/2.0/,waterfall long exposure,1024,678,768,509,21.322,c3cf790a9e1ff79aef747781b9a028685456ed2b
1637.jpg,waterfall,fdfdb6e0-616a-46be-96c5-71b10e39a68d,Wales,flickr,Holly Norval,https://www.flickr.com/photos/63833161@N05/20735286275,https://live.staticflickr.com/5782/20735286275_6195760af4_b.jpg,by,2.0,https://creativecommons.org/licenses/by/2.0/,waterfall long exposure,683,1024,512,768,46.021,eaf451423bae531e8788b10a95d87af0a7c81276
1638.jpg,waterfall,2b9c7383-d38a-4fc3-80a8-f2a5764c9291,Postcard,flickr,Vox Efx,https://www.flickr.com/photos/39096030@N00/3820758095,https://live.staticflickr.com/3534/3820758095_4d8fecf484_b.jpg,by,2.0,https://creativecommons.org/licenses/by/2.0/,waterfall long exposure,1024,683,768,512,77.102,e0e0eabfdc7d9911565c582faef1f1db8f99b95c
1640.jpg,waterfall,575351ff-04f5-4f01-a796-a80325e74ccd,Buchaille Etive More Mono Messing.,flickr,Christopher Combe Photography,https://www.flickr.com/photos/79196871@N08/25894518752,https://live.staticflickr.com/1601/25894518752_815f0e4284_b.jpg,by,2.0,https://creativecommons.org/licenses/by/2.0/,waterfall long exposure,683,1024,512,768,64.641,bfd02af22572d472cc6b9b6755d59d182b02d9c0
1641.jpg,waterfall,4002c86a-831b-4558-a43a-fb05a69a09be,Alsea Falls Panorama,flickr,Kirt Edblom,https://www.flickr.com/photos/27190564@N02/15656108134,https://live.staticflickr.com/7474/15656108134_d1be684831_b.jpg,by-sa,2.0,https://creativecommons.org/licenses/by-sa/2.0/,waterfall long exposure,1024,313,768,235,89.013,0c96a5d34c0cd69c220b937336488097ee409897
1642.jpg,waterfall,9708eb4e-c92e-444f-b5fd-859d20a84efd,South Fork Alsea River,flickr,Kirt Edblom,https://www.flickr.com/photos/27190564@N02/16271666105,https://live.staticflickr.com/7514/16271666105_439d1d776d_b.jpg,by-sa,2.0,https://creativecommons.org/licenses/by-sa/2.0/,waterfall long exposure,1024,683,768,512,53.51,5d0d4e1fb973827de52c8e82ec5ada4db5ec9777
1643.jpg,waterfall,b5e4d008-d41e-467d-909e-67b173cc8340,spacewater,flickr,Brad Higham,https://www.flickr.com/photos/83151451@N08/9526351376,https://live.staticflickr.com/2862/9526351376_82a13f5683_b.jpg,by,2.0,https://creativecommons.org/licenses/by/2.0/,waterfall long exposure,1024,678,768,509,44.75,eb53507b33ce46f41dfab1e5d8339f6c2dbce8d4
1644.jpg,waterfall,be90a6be-5564-4a0c-98fb-1839274a5c51,Hakone River Flowing,flickr,Kirt Seth Cathey,https://www.flickr.com/photos/93775337@N00/52486181413,https://live.staticflickr.com/65535/52486181413_5b5909c8f6_b.jpg,by,2.0,https://creativecommons.org/licenses/by/2.0/,waterfall long exposure,1023,685,768,514,62.955,1b7ba0549602b5de18782cd2365e932c9b0c6178
1645.jpg,waterfall,6b417e01-5daa-4daa-a88f-be9842d3135a,Ouiatchouan waterfall.,flickr,Tiomax80,https://www.flickr.com/photos/69062568@N02/9645761076,https://live.staticflickr.com/3736/9645761076_f64b07ca3f_b.jpg,by,2.0,https://creativecommons.org/licenses/by/2.0/,waterfall long exposure,678,1024,508,768,59.877,f9144714cab48d4a9886b4eae554ccc1da1af04d
1647.jpg,waterfall,0de8dc39-4742-421f-8fd7-98ca68ced9e3,Secret place,flickr,SamuelJohn.de,https://www.flickr.com/photos/47656901@N08/5356798606,https://live.staticflickr.com/5250/5356798606_6d28070e5b_b.jpg,by-sa,2.0,https://creativecommons.org/licenses/by-sa/2.0/,waterfall long exposure,683,1024,512,768,51.25,0f364ed33b22c115baadb58e34e76f3c045e893e
1652.jpg,waterfall,7f021796-2c87-466b-b1d3-59de78e3cc4a,File:Jeongbang Waterfall.jpg,wikimedia,Shane Porter EssPea,https://commons.wikimedia.org/w/index.php?curid=2671080,https://upload.wikimedia.org/wikipedia/commons/6/60/Jeongbang_Waterfall.jpg,by-sa,3.0,https://creativecommons.org/licenses/by-sa/3.0,waterfall long exposure,432,650,432,650,62.437,ac2b105b01ad803c02e6db48986855db4a462311
1646.jpg,waterfall,68d6574a-e9af-4a99-9ad3-1f99db3ac2e2,Crescent Crater Falls,flickr,Bold Frontiers,https://www.flickr.com/photos/82955120@N05/48877622106,https://live.staticflickr.com/65535/48877622106_e371df3520_b.jpg,by,2.0,https://creativecommons.org/licenses/by/2.0/,waterfall long exposure,683,1024,512,768,58.934,4bac9df8567f4755939a641a67f069ac2aedcc9a
1649.jpg,waterfall,562a6b84-db99-49e8-b9e1-4c4d15dbcb8c,Long Exposure River,flickr,charlieishere@btinternet.com,https://www.flickr.com/photos/100915417@N07/50120131727,https://live.staticflickr.com/65535/50120131727_88aa34fd74_b.jpg,by,2.0,https://creativecommons.org/licenses/by/2.0/,waterfall long exposure,1024,683,768,512,37.522,f4428256e5cff57331e5c5476a86f4ab1dff8cfc
1651.jpg,waterfall,a9424637-df91-4bdf-a32b-44887e81fd5c,Caernarfon - Menai Strait,flickr,Caza_No_7,https://www.flickr.com/photos/32365888@N05/3758100063,https://live.staticflickr.com/2477/3758100063_824c4e390c.jpg,by,2.0,https://creativecommons.org/licenses/by/2.0/,waterfall long exposure,500,268,500,268,54.113,8b5d23c505cf3b69e4152137a25df6852abe8b31
1648.jpg,waterfall,4629667c-53ce-4f88-b934-86ae63000581,carshalton - the waterfall,flickr,Mr Tigggs,https://www.flickr.com/photos/21524575@N05/5973351060,https://live.staticflickr.com/6127/5973351060_4fccceefbe_b.jpg,by-sa,2.0,https://creativecommons.org/licenses/by-sa/2.0/,waterfall long exposure,1024,768,768,576,61.174,8a964fbd9a2cca3febf818a04c783aca8c0b0c83
1650.jpg,waterfall,e7c7371c-23e8-4d93-8180-053922fc5a31,"Zweribach Waterfalls, Black Forest, Germany.",flickr,Mondo79,https://www.flickr.com/photos/50417570@N06/49303706476,https://live.staticflickr.com/65535/49303706476_6103ca5e32_b.jpg,by,2.0,https://creativecommons.org/licenses/by/2.0/,waterfall long exposure,749,1023,562,768,72.082,5f766c4c20005cd98d280fdb53d0bf6deabc4759
1653.jpg,waterfall,08acdbf7-c592-44c9-8f31-1e1fe9cc3291,Powerscourt Waterfall #2,flickr,Rob Hurson,https://www.flickr.com/photos/65378423@N08/8626403830,https://live.staticflickr.com/8109/8626403830_a124e08557_b.jpg,by-sa,2.0,https://creativecommons.org/licenses/by-sa/2.0/,waterfall long exposure,684,1023,514,768,40.954,ff54440f336e116880914336b0885c87047f565d
1654.jpg,waterfall,df77fef7-fc7c-4370-bba9-1aa90989c45a,last days of summer,flickr,Brad Higham,https://www.flickr.com/photos/83151451@N08/9526345710,https://live.staticflickr.com/5544/9526345710_945a08b5af_b.jpg,by,2.0,https://creativecommons.org/licenses/by/2.0/,waterfall long exposure,1024,678,768,509,58.78,fe261991c55c2336c0fc7b3a008d9e099cb9d903
1655.jpg,waterfall,cebdc11f-2159-41ee-91c7-53bb51d17017,Waterfall,flickr,echiner1,https://www.flickr.com/photos/30567804@N00/1602077187,https://live.staticflickr.com/2244/1602077187_2e8cb510d7_b.jpg,by-sa,2.0,https://creativecommons.org/licenses/by-sa/2.0/,waterfall long exposure,1024,732,768,549,24.204,de1ecfd268b3c548ff83f6ad496c155bbd85c1d7
1656.jpg,waterfall,332ca94b-862c-4d14-a6f9-e489435f84f3,Hawrelak Waterfall,flickr,Kurayba,https://www.flickr.com/photos/48503330@N08/42795319442,https://live.staticflickr.com/1761/42795319442_4c7af080a7_b.jpg,by-sa,2.0,https://creativecommons.org/licenses/by-sa/2.0/,waterfall long exposure,1024,660,768,495,67.812,7ad2164a45526ba6665ab6da7a63ef5721fd3008
1657.jpg,waterfall,3ad90079-1c5a-4375-9a90-1f0b5a952f21,On the edge,flickr,look_at_em_Poe,https://www.flickr.com/photos/43156654@N08/37489242494,https://live.staticflickr.com/4489/37489242494_e0b4e792ed_b.jpg,by-sa,2.0,https://creativecommons.org/licenses/by-sa/2.0/,waterfall long exposure,1024,683,768,512,22.141,94517d7ebab1177c4d124a786d607df8085af8bd
1658.jpg,waterfall,bc0618f4-e58c-4111-b2b2-d208cd5a0daa,Tirthan,flickr,Koshyk,https://www.flickr.com/photos/97235261@N00/2832739538,https://live.staticflickr.com/3115/2832739538_795039d56c_b.jpg,by,2.0,https://creativecommons.org/licenses/by/2.0/,waterfall long exposure,1024,680,768,510,36.337,9565ebf521711c4314bb2a6ab746b05b936151c4
1659.jpg,waterfall,78e147f7-459e-47ff-9a7b-9a8f5f0129db,Horsetail Falls,flickr,Ian Sane,https://www.flickr.com/photos/31246066@N04/48977772918,https://live.staticflickr.com/65535/48977772918_7a5742fc18_b.jpg,by,2.0,https://creativecommons.org/licenses/by/2.0/,waterfall long exposure,1024,700,768,525,49.85,54544df945cc9cb57ba84ee330c41c5a8417f850
1660.jpg,waterfall,9103c6be-8ae4-4b06-af34-44f3488988d9,moving still,flickr,Brad Higham,https://www.flickr.com/photos/83151451@N08/9523544509,https://live.staticflickr.com/3681/9523544509_34a7958200_b.jpg,by,2.0,https://creativecommons.org/licenses/by/2.0/,waterfall long exposure,1024,678,768,509,59.587,0202ba70353e2cf0f1086f33803984424511fab1
1661.jpg,waterfall,1e1ed335-818f-4d42-9f6d-782f38db3bea,flows,flickr,jaumescar,https://www.flickr.com/photos/28842017@N00/12076720123,https://live.staticflickr.com/2818/12076720123_6b389ced8a_b.jpg,by,2.0,https://creativecommons.org/licenses/by/2.0/,waterfall long exposure,1024,683,768,512,51.272,102f73e9e0abdf963c546b24f97a75e044e16c0f
1662.jpg,waterfall,f2d926ae-cd8a-4b6f-a5e3-9db8119bace4,if my feet were dry,flickr,Brad Higham,https://www.flickr.com/photos/83151451@N08/9547000293,https://live.staticflickr.com/2830/9547000293_b0d9722116_b.jpg,by,2.0,https://creativecommons.org/licenses/by/2.0/,waterfall long exposure,1024,678,768,509,29.867,ed146d4536c890161da9866671fa1278b9c8d50d
1664.jpg,waterfall,3f7b76e2-301f-4944-8970-d2a33df686ad,Loup of Fintry Sunset Waterfall,flickr,Bold Frontiers,https://www.flickr.com/photos/82955120@N05/48907667162,https://live.staticflickr.com/65535/48907667162_a60dd87f27_b.jpg,by,2.0,https://creativecommons.org/licenses/by/2.0/,waterfall long exposure,1024,683,768,512,60.924,479916857538a73c757f8debb7a2f42c18313585
1666.jpg,waterfall,33519708-c141-480e-92ce-f51579291528,Scott's Mills Falls,flickr,Ian Sane,https://www.flickr.com/photos/31246066@N04/48965327056,https://live.staticflickr.com/65535/48965327056_7b982ec2dd_b.jpg,by,2.0,https://creativecommons.org/licenses/by/2.0/,waterfall long exposure,1024,683,768,512,48.673,f1edac8f19ee0b122bc222436f0a166e523ec89d
1663.jpg,waterfall,b4402cbd-348a-4526-a1d1-3edac16c54ca,Waterfall at Þingvellir,flickr,RTMoynihan,https://www.flickr.com/photos/32611388@N05/6702070243,https://live.staticflickr.com/7031/6702070243_e0ffd0674e_b.jpg,by,2.0,https://creativecommons.org/licenses/by/2.0/,waterfall long exposure,1012,1024,759,768,36.213,011c313afe474c5d07b6dd94a1d5cdfa698e0884
1665.jpg,waterfall,3cce9925-fd7f-47ec-94da-f9cf65f9e155,“輕風綠葉水流間” / 寧 Serenity (ND LE 30-sec) / SML.20130410.7D.37678.SQ,flickr,See-ming Lee (SML),https://www.flickr.com/photos/48973657@N00/8653313327,https://live.staticflickr.com/8103/8653313327_d212365a27_b.jpg,by,2.0,https://creativecommons.org/licenses/by/2.0/,waterfall long exposure,1024,1024,768,768,41.591,334e0cb11b0256e51625eef44ce365265bdb7821
1667.jpg,waterfall,15087bec-6c72-4a4d-8f50-cbb958336c15,Shiraito Falls long exposure,flickr,Big Ben in Japan,https://www.flickr.com/photos/74418647@N00/36873919583,https://live.staticflickr.com/4503/36873919583_5c1a93ab6b_b.jpg,by-sa,2.0,https://creativecommons.org/licenses/by-sa/2.0/,waterfall long exposure,1024,683,768,512,50.9,fa026f87bd2986b5a93d594382416a8140be7ebb
1668.jpg,waterfall,e283d6a9-b58c-4e75-a79a-9203a6d562f7,"Cauvery river, Mekedatu",flickr,renjithks,https://www.flickr.com/photos/42188784@N00/3845336695,https://live.staticflickr.com/2507/3845336695_877e7491ab_b.jpg,by,2.0,https://creativecommons.org/licenses/by/2.0/,waterfall long exposure,1024,630,768,473,29.37,ea88337e1398ff8ab6fb0eabcac4223910e47dd8
1669.jpg,waterfall,b613e088-4b2e-434f-8541-1dbdc773d096,Bald River Falls,flickr,Bold Frontiers,https://www.flickr.com/photos/82955120@N05/48800796077,https://live.staticflickr.com/65535/48800796077_36b9126a27_b.jpg,by,2.0,https://creativecommons.org/licenses/by/2.0/,waterfall long exposure,683,1024,512,768,54.574,0c5c643a1e59ff608f4acd49956c9849457d3672
1670.jpg,waterfall,461bff58-688e-434b-bf5e-fa9a21eb9cfb,Straight out of Campton Falls,flickr,Bold Frontiers,https://www.flickr.com/photos/82955120@N05/48845153853,https://live.staticflickr.com/65535/48845153853_227fdf485e_b.jpg,by,2.0,https://creativecommons.org/licenses/by/2.0/,waterfall long exposure,1024,683,768,512,67.221,81bfd679a40aa781effd0dec0d2bbb8e9d45bdd3
1671.jpg,waterfall,29234860-fef9-41a0-a6ea-225f7ea6c3f2,Window Falls with Leica M11,flickr,Sergiy Galyonkin,https://www.flickr.com/photos/22974618@N00/52111265787,https://live.staticflickr.com/65535/52111265787_769cb49f42_b.jpg,by-sa,2.0,https://creativecommons.org/licenses/by-sa/2.0/,waterfall long exposure,1024,679,768,509,42.379,fe1e1061255fa091e3205134574c9f858b1cdf04
1672.jpg,waterfall,80dda95c-d37a-4781-89ff-4c06a7fa9e75,Nice colors at the Winner Creek Gorge,flickr,Alaskan Dude,https://www.flickr.com/photos/72213316@N00/3824407692,https://live.staticflickr.com/2486/3824407692_de7578fae9_b.jpg,by,2.0,https://creativecommons.org/licenses/by/2.0/,waterfall long exposure,683,1024,512,768,67.501,a7d833326e82d4964afab0ae3e07bbfcd158e38d
1674.jpg,waterfall,7682ac8e-7009-47c5-b5b1-c8e5d84a7d8a,Bílá Opava #2,flickr,ufoncz,https://www.flickr.com/photos/41733154@N03/4234260977,https://live.staticflickr.com/2532/4234260977_f9e6b9106a_b.jpg,by,2.0,https://creativecommons.org/licenses/by/2.0/,waterfall long exposure,769,1024,577,768,56.448,231ed42fdf78487ba842e448822a36fc0f1650f4
1675.jpg,waterfall,3aa1ffeb-68f7-47fc-81ad-0be5541a7aaf,Stuck in swirling currents,flickr,Bruce Guenter,https://www.flickr.com/photos/10154402@N03/6320794491,https://live.staticflickr.com/6032/6320794491_955a4f5a93_b.jpg,by,2.0,https://creativecommons.org/licenses/by/2.0/,waterfall long exposure,1024,682,768,512,26.304,321fabd5b16b7df4ca63cf458dd92107d6112b0e
1673.jpg,waterfall,04570f94-6ba3-461c-a59d-d142947c068d,YSP Waterfall,flickr,SFB579 Namaste,https://www.flickr.com/photos/50826080@N00/14311919133,https://live.staticflickr.com/5198/14311919133_5a7d52d76a_b.jpg,by,2.0,https://creativecommons.org/licenses/by/2.0/,waterfall long exposure,1024,685,768,514,65.892,acc4c4faf40ce4dc39670ad312253e2bf65c6d5c
1676.jpg,waterfall,c9170191-acd4-472b-8b54-7d6d585e870c,White waterfall among lush vegetation,flickr,Horia Varlan,https://www.flickr.com/photos/10361931@N06/4751597420,https://live.staticflickr.com/4115/4751597420_4e5ecc0142_b.jpg,by,2.0,https://creativecommons.org/licenses/by/2.0/,waterfall long exposure,1024,680,768,510,69.012,6319e0183d1b3778900da320ab7c77d4cd44abaf
1677.jpg,waterfall,2d1078da-27a2-44d4-8add-e3ecf44e20ae,Foggy Kirkjufellsfoss,flickr,Bold Frontiers,https://www.flickr.com/photos/82955120@N05/48795312533,https://live.staticflickr.com/65535/48795312533_25bbea40ab_b.jpg,by,2.0,https://creativecommons.org/licenses/by/2.0/,waterfall long exposure,1024,683,768,512,69.01,5662e19563471564b79429be9dc8b7de50aa3302
1678.jpg,waterfall,2826727d-c32d-4b18-98eb-b85a5ea87be3,River Don - Gren Moor,flickr,Chris Melladay,https://www.flickr.com/photos/147195359@N04/41961855410,https://live.staticflickr.com/1798/41961855410_af227bbe11_b.jpg,by,2.0,https://creativecommons.org/licenses/by/2.0/,waterfall long exposure,1024,683,768,512,66.231,6e07aadfd69f87a6f3a3d2962bf1b32bed77eacc
1679.jpg,waterfall,195f8e21-65df-4015-98ff-7ea2286c6685,_DSC0471,flickr,Brad Higham,https://www.flickr.com/photos/83151451@N08/9599668505,https://live.staticflickr.com/5507/9599668505_c4b2db3d53_b.jpg,by,2.0,https://creativecommons.org/licenses/by/2.0/,waterfall long exposure,678,1024,508,768,47.777,485bf2ceef2fe58f9d7e3c621a5d3a71527f995c
1680.jpg,waterfall,176a4016-c390-4afd-9b9e-38b0faa6b09a,Garnock Spout,flickr,Strength,https://www.flickr.com/photos/99245227@N00/27046400060,https://live.staticflickr.com/7490/27046400060_b13762b322_b.jpg,by-sa,2.0,https://creativecommons.org/licenses/by-sa/2.0/,waterfall long exposure,717,1023,538,768,60.839,76067efeb2ed4d2b2ff4760cc7c3cd343d238e8f
1681.jpg,waterfall,63422417-690b-4f0a-97b5-4ca57e64e130,Clynnog-fawr Church @ Sunset,flickr,Caza_No_7,https://www.flickr.com/photos/32365888@N05/3758154321,https://live.staticflickr.com/2453/3758154321_8c2f3d250f.jpg,by,2.0,https://creativecommons.org/licenses/by/2.0/,waterfall long exposure,500,333,500,333,69.298,1f3cf4999c5ee06b0dff1d3e72fa2b67538a1525
1683.jpg,waterfall,33725a05-0ea7-4793-b781-a76af2f044e1,at the edge,flickr,Brad Higham,https://www.flickr.com/photos/83151451@N08/9523552747,https://live.staticflickr.com/5495/9523552747_80f74ae71d_b.jpg,by,2.0,https://creativecommons.org/licenses/by/2.0/,waterfall long exposure,1024,678,768,509,43.518,04a0324251dd5e3f2c4b06297bd296cbdb8a308c
1682.jpg,waterfall,2f24a530-6d38-42a1-af50-15176193a482,Shoshone Falls,flickr,Bold Frontiers,https://www.flickr.com/photos/82955120@N05/48824436248,https://live.staticflickr.com/65535/48824436248_97c89e9f03_b.jpg,by,2.0,https://creativecommons.org/licenses/by/2.0/,waterfall long exposure,1024,683,768,512,51.01,0428e3f49667e79583e9da539e553ad61aafd7c7
1684.jpg,waterfall,a5fe9cd3-e12f-4e2c-9f6a-ab01f1dcc997,Waterfall.,flickr,mnem,https://www.flickr.com/photos/36382844@N00/1752102864,https://live.staticflickr.com/2179/1752102864_640192f99a_b.jpg,by,2.0,https://creativecommons.org/licenses/by/2.0/,waterfall long exposure,1024,685,768,514,56.138,8d413b141b3d8cc494243b11449a066306dd90be
1685.jpg,waterfall,69e0b28a-488a-44ed-8972-8222ef7b282f,Hay Autumn Falls,flickr,Bold Frontiers,https://www.flickr.com/photos/82955120@N05/48806220863,https://live.staticflickr.com/65535/48806220863_db65e9c9b0_b.jpg,by,2.0,https://creativecommons.org/licenses/by/2.0/,waterfall long exposure,1024,683,768,512,95.735,449528b8d9dfce353d992f6bdd943ef625c711b0
1686.jpg,waterfall,e408d657-8486-4c4c-ba27-562de10d81b3,waterfall,flickr,hlkljgk,https://www.flickr.com/photos/52473526@N00/4014176497,https://live.staticflickr.com/3489/4014176497_a2324e7b5f_b.jpg,by-sa,2.0,https://creativecommons.org/licenses/by-sa/2.0/,waterfall long exposure,1024,680,768,510,80.213,3d7b237c1b73b02b129b5f1a1383a13e87194a91
1687.jpg,waterfall,28d845a5-f6a0-41aa-965d-c3c3157e5f1e,Dark Hollow Falls,flickr,John Brighenti,https://www.flickr.com/photos/94359914@N06/46989081425,https://live.staticflickr.com/65535/46989081425_836909c5f1_b.jpg,by,2.0,https://creativecommons.org/licenses/by/2.0/,waterfall long exposure,683,1024,512,768,53.23,c2ed1b3e21c3d164248246fb2d0e940b8953f9a5
1688.jpg,waterfall,924d731a-499f-41ef-b136-99426a46fda7,Lin Jaw Waterfall,flickr,ian_woodhead1,https://www.flickr.com/photos/133461395@N08/25511918577,https://live.staticflickr.com/4752/25511918577_98bc9d495a_b.jpg,by,2.0,https://creativecommons.org/licenses/by/2.0/,waterfall long exposure,1024,683,768,512,68.848,60fea4bc8f3eb339dc89f44bd9a8b0c0e26c639a
1690.jpg,waterfall,bf9fa9d7-0f40-42ea-888e-d0813fc733a3,American Falls at Night,flickr,Diego3336,https://www.flickr.com/photos/31018257@N00/4355273914,https://live.staticflickr.com/4052/4355273914_508006e66d_b.jpg,by,2.0,https://creativecommons.org/licenses/by/2.0/,waterfall long exposure,1024,640,768,480,46.555,6254c76871f03ebcdfe24948b94d901bf4c53603
1689.jpg,waterfall,53ce770d-8096-41a5-bf74-4e1dd7b300a7,Beatiful white water flowing among rocks,flickr,Horia Varlan,https://www.flickr.com/photos/10361931@N06/5028716773,https://live.staticflickr.com/4150/5028716773_12eb1ca6a2_b.jpg,by,2.0,https://creativecommons.org/licenses/by/2.0/,waterfall long exposure,1024,680,768,510,66.499,a75880c71234916327cfea40570657c41dd4b64e
1691.jpg,waterfall,d7aeb17d-7f98-468b-8578-89733125e3fc,Roaring Rapids,flickr,jurvetson,https://www.flickr.com/photos/44124348109@N01/4760273785,https://live.staticflickr.com/4098/4760273785_d1ca13771f_b.jpg,by,2.0,https://creativecommons.org/licenses/by/2.0/,waterfall long exposure,713,1024,535,768,51.716,d8d877bf82ef57dddd9c6067d8ecd3904137f24e
1692.jpg,waterfall,0c7b677b-45cc-4775-8314-2dcbfaf7a700,Pearson_River,flickr,SnappinDragon,https://www.flickr.com/photos/150454183@N07/34937158342,https://live.staticflickr.com/4203/34937158342_da4e1fda66_b.jpg,cc0,1.0,https://creativecommons.org/publicdomain/zero/1.0/,waterfall long exposure,1024,683,768,512,40.907,fca2211cbabdc1b932f19401ff6b3167eb5294d4
1693.jpg,waterfall,e994a80c-6199-406a-97e1-ac95c7e44dff,Whychus Creek,flickr,Ian Sane,https://www.flickr.com/photos/31246066@N04/3970986298,https://live.staticflickr.com/2633/3970986298_fb895849e2_b.jpg,by,2.0,https://creativecommons.org/licenses/by/2.0/,waterfall long exposure,1024,683,768,512,62.729,e387c0b29ecb440fc38ca457b5ec00346433aba9
1694.jpg,waterfall,ad02a689-a326-4770-b74e-ccf7003e6c04,_DSC0420,flickr,Brad Higham,https://www.flickr.com/photos/83151451@N08/9602907370,https://live.staticflickr.com/2827/9602907370_03367679ee_b.jpg,by,2.0,https://creativecommons.org/licenses/by/2.0/,waterfall long exposure,1024,678,768,509,18.266,80c2e9f60858a4438f4113148feb00629ea4e45b
1695.jpg,waterfall,15bc8cf7-3b79-4184-9b6f-d7878cb356eb,Cauldron Twilight Linn,flickr,Bold Frontiers,https://www.flickr.com/photos/82955120@N05/49618736108,https://live.staticflickr.com/65535/49618736108_64095946c0_b.jpg,by,2.0,https://creativecommons.org/licenses/by/2.0/,waterfall long exposure,1024,683,768,512,62.243,ccb62322847c40527e642a663a5d241f745268b5
1697.jpg,waterfall,771a316e-ed6e-4376-bb7c-1dc828ef09c4,Edith Falls - Upper Pool,flickr,rileyroxx,https://www.flickr.com/photos/41216460@N00/6357185235,https://live.staticflickr.com/6106/6357185235_9e52194a90_b.jpg,by,2.0,https://creativecommons.org/licenses/by/2.0/,waterfall long exposure,1024,683,768,512,42.932,cb0fc50c6e6317d92b1835665e1ec2c927a05696
1696.jpg,waterfall,5e3e5ea9-56a5-4795-9b7c-198f5f1673ed,Purakaunui Falls,flickr,Tatters ✾,https://www.flickr.com/photos/62938898@N00/41680512454,https://live.staticflickr.com/901/41680512454_229194acc0_b.jpg,by-sa,2.0,https://creativecommons.org/licenses/by-sa/2.0/,waterfall long exposure,1024,682,768,512,74.898,69fb71a934ec1b0b1cd566c55d5a06cb9a2f477d
1698.jpg,waterfall,8d85409e-01f8-4d84-a145-3353877feb7a,Edith Falls,flickr,rileyroxx,https://www.flickr.com/photos/41216460@N00/6357194947,https://live.staticflickr.com/6042/6357194947_3aa4ef198c_b.jpg,by,2.0,https://creativecommons.org/licenses/by/2.0/,waterfall long exposure,1024,683,768,512,55.357,9721cd0680c297b28c5834a7d41cc71057da340d
1699.jpg,waterfall,ee0b2750-2b75-4a98-a39d-b513f5eb87c5,Mountain stream in Turkey,flickr,stanhua,https://www.flickr.com/photos/78448320@N00/7380987662,https://live.staticflickr.com/5326/7380987662_8b5c3231c1_b.jpg,by,2.0,https://creativecommons.org/licenses/by/2.0/,waterfall long exposure,1024,634,768,476,63.121,2f87eafd2471d930fa7e22b99a49c65f657b4ae1
1700.jpg,waterfall,bd0b5512-2a3b-46e6-a284-56eb07420080,Long exposure of water seeping over a rock near the Natural Bridge in Yoho National Park,flickr,Alaskan Dude,https://www.flickr.com/photos/72213316@N00/4126020024,https://live.staticflickr.com/2740/4126020024_a5b90cf7ef_b.jpg,by,2.0,https://creativecommons.org/licenses/by/2.0/,waterfall long exposure,1023,626,768,470,33.058,7f0d3820aac965ea9c1423b20627685f68d0829f
1701.jpg,waterfall,bec58685-0158-471a-878b-1ff1a75030e6,the milky way down,flickr,Brad Higham,https://www.flickr.com/photos/83151451@N08/9526315792,https://live.staticflickr.com/7329/9526315792_32299f3867_b.jpg,by,2.0,https://creativecommons.org/licenses/by/2.0/,waterfall long exposure,1024,678,768,509,51.187,bdcc351303db85010fb8cf31402336a0e00039e4
1702.jpg,waterfall,b25469a8-87a6-4cbc-a02a-35377380f51d,Twin Falls,flickr,Bold Frontiers,https://www.flickr.com/photos/82955120@N05/49730016737,https://live.staticflickr.com/65535/49730016737_fd956526cf_b.jpg,by,2.0,https://creativecommons.org/licenses/by/2.0/,waterfall long exposure,1024,683,768,512,78.682,b8126770027abd1930cbb2e1a511eb36adc04cc1
1703.jpg,waterfall,f0239be9-6e58-4af1-a14c-3c8f014c0cd1,"Fort Worth Water Gardens 2, Fort Worth, Texas",flickr,TexasExplorer98,https://www.flickr.com/photos/76792851@N07/7004514959,https://live.staticflickr.com/7051/7004514959_87b6db076a_b.jpg,by,2.0,https://creativecommons.org/licenses/by/2.0/,waterfall long exposure,1024,683,768,512,63.971,5ca6b6d146e4fc54ad5b6ae242a9009ec335ac1f
1704.jpg,waterfall,1f03957e-508c-4dca-8762-93c6b771dc21,too late for a title,flickr,Brad Higham,https://www.flickr.com/photos/83151451@N08/9546991991,https://live.staticflickr.com/5476/9546991991_f0680dcfba_b.jpg,by,2.0,https://creativecommons.org/licenses/by/2.0/,waterfall long exposure,1024,678,768,509,16.803,005bd7d2f1cc8e31b8f3a89e04d88959f0fa1221
1705.jpg,waterfall,fb98a209-ce2f-40d1-8131-7d5981ed0510,Long exposure of water seeping over a rock near the Natural Bridge in Yoho National Park,flickr,Alaskan Dude,https://www.flickr.com/photos/72213316@N00/4126020452,https://live.staticflickr.com/2193/4126020452_0dde47c1e0_b.jpg,by,2.0,https://creativecommons.org/licenses/by/2.0/,waterfall long exposure,1024,870,768,653,27.851,c718efdfe3928660acf925dafd29ba99e20e9880
1706.jpg,waterfall,cb3f2505-ed3d-4497-a290-1b5ae8af9904,Wake me up when november ends,flickr,Tiomax80,https://www.flickr.com/photos/69062568@N02/38654147416,https://live.staticflickr.com/4572/38654147416_de686ab46c_b.jpg,by,2.0,https://creativecommons.org/licenses/by/2.0/,waterfall long exposure,1024,684,768,513,81.921,e81dcc1e6d1144ca9b2f01f22be1e32d8d5df945
1707.jpg,waterfall,d6dde3d9-1ad2-47f7-8049-ec651bb416e5,Golden Clock Hour Falls,flickr,Bold Frontiers,https://www.flickr.com/photos/82955120@N05/48863423436,https://live.staticflickr.com/65535/48863423436_eb5de6eb6e_b.jpg,by,2.0,https://creativecommons.org/licenses/by/2.0/,waterfall long exposure,683,1024,512,768,71.848,44f648086f18989923f4361e8ef9ce3efe669091
1708.jpg,waterfall,565e4787-8a7a-4203-9fab-25b403e7b2fe,Warleigh Weir,flickr,Adam Court,https://www.flickr.com/photos/132182845@N06/25246579174,https://live.staticflickr.com/1552/25246579174_f533d61669_b.jpg,by,2.0,https://creativecommons.org/licenses/by/2.0/,waterfall long exposure,1023,677,768,508,54.982,a2c623a6fe961b2f47669998fe819e2aa538458e
1709.jpg,waterfall,15581036-f54b-4f84-b9f0-18c949233977,Dreamy Waterfall,flickr,MSVG,https://www.flickr.com/photos/13907834@N00/8627196403,https://live.staticflickr.com/8112/8627196403_e6550c06f7_b.jpg,by,2.0,https://creativecommons.org/licenses/by/2.0/,waterfall long exposure,1024,768,768,576,18.209,6d74ffb3c85f0cc7c562b212a034e2a268cdaae9
1710.jpg,waterfall,7b8cff74-cbbb-40d5-8b6e-950ad3dadff0,Moonlit Iguazu - Iguassu Falls Argentina,flickr,Dominic's pics,https://www.flickr.com/photos/64097751@N00/2281352853,https://live.staticflickr.com/3153/2281352853_50150accf1_b.jpg,by,2.0,https://creativecommons.org/licenses/by/2.0/,waterfall long exposure,1023,679,768,510,38.405,dbcba65d8d355cd75acbf541597621d46b70b1b0
1711.jpg,waterfall,08c3702e-1ff1-4a21-83d7-5ee2d83fac5b,"Coachwood Falls, Dorrigo National Park",flickr,Tatters ✾,https://www.flickr.com/photos/62938898@N00/48974051076,https://live.staticflickr.com/65535/48974051076_8e9cf03dac_b.jpg,by-sa,2.0,https://creativecommons.org/licenses/by-sa/2.0/,waterfall long exposure,1024,682,768,512,65.449,f1ee2e611eb185a1478fe16e74ed36438db1af9d
1712.jpg,waterfall,a7ad4026-aa33-4297-b24a-9d41eccafd72,Hafod estate cave.,flickr,stuff_and_nonsense,https://www.flickr.com/photos/11984133@N05/4307182475,https://live.staticflickr.com/4072/4307182475_682979f763_b.jpg,by,2.0,https://creativecommons.org/licenses/by/2.0/,waterfall long exposure,1024,683,768,512,35.93,4933b538fff155530e0327a7dc26b07602f6ad11
1713.jpg,waterfall,ae05d601-1ac8-4892-bd63-7516c6675e00,A Burst Of Light And Color,flickr,Ian Sane,https://www.flickr.com/photos/31246066@N04/50208067351,https://live.staticflickr.com/65535/50208067351_b788198bd6_b.jpg,by,2.0,https://creativecommons.org/licenses/by/2.0/,waterfall long exposure,1024,683,768,512,60.517,5d38ce875ed8c3c8e73bd70a633e740ad3106704
1716.jpg,waterfall,7b6eb252-c800-44c7-9f3b-313540ff7733,"Long exposure of a confluence of water near Overlander Falls, Mt. Robson",flickr,Alaskan Dude,https://www.flickr.com/photos/72213316@N00/4061673771,https://live.staticflickr.com/2656/4061673771_b96877a13b_b.jpg,by,2.0,https://creativecommons.org/licenses/by/2.0/,waterfall long exposure,1024,723,768,542,18.795,ef5db7086aa7eb7528a4a95d435fa8f1cd9e93a6
1714.jpg,waterfall,9e8ae576-f62f-4f67-a900-365e7143d46b,Whychus Creek,flickr,Ian Sane,https://www.flickr.com/photos/31246066@N04/4310948086,https://live.staticflickr.com/4013/4310948086_ba4f9038b3_b.jpg,by,2.0,https://creativecommons.org/licenses/by/2.0/,waterfall long exposure,1024,683,768,512,66.657,171a2def22a107d4beb760455b0247bcb719c4d4
1715.jpg,waterfall,bc98e18b-89c3-49ac-917e-85684a4f49fe,West Malling Waterfall,flickr,llamnudds,https://www.flickr.com/photos/33252379@N00/4680351410,https://live.staticflickr.com/4042/4680351410_53ffef4d84_b.jpg,by-sa,2.0,https://creativecommons.org/licenses/by-sa/2.0/,waterfall long exposure,1024,828,768,621,34.277,15baf35da09b04bf6ff5a23e84aadc2136d5e0fc
1717.jpg,waterfall,9f35f805-cecf-4da7-9246-16e81fc0eeaf,Waterfall,flickr,Lel4nd,https://www.flickr.com/photos/22779530@N02/4534538010,https://live.staticflickr.com/4024/4534538010_2ccd7d2f71.jpg,by,2.0,https://creativecommons.org/licenses/by/2.0/,waterfall long exposure,333,500,333,500,58.547,3f0c403cdffc554f8967ca8c3c7cd9f1677ceae2
1718.jpg,waterfall,3bd94b40-1187-401a-8476-dae32841b479,"Close-up of Silver Falls, long exposure",flickr,Alaskan Dude,https://www.flickr.com/photos/72213316@N00/6728591599,https://live.staticflickr.com/7025/6728591599_d0fe9b3d68.jpg,by,2.0,https://creativecommons.org/licenses/by/2.0/,waterfall long exposure,333,500,333,500,40.714,7fc192b568dfc879f815c36b1c6f18b19573193e
1719.jpg,waterfall,875961eb-1258-4338-b826-f08552abde65,Project 366 #298: 241012 The Anniversary March,flickr,comedy_nose,https://www.flickr.com/photos/23408922@N07/8122613146,https://live.staticflickr.com/8472/8122613146_6259f3aedd_b.jpg,pdm,1.0,https://creativecommons.org/publicdomain/mark/1.0/,waterfall long exposure,1024,683,768,512,33.293,2b784d57435327c6fd1a16a90ba9d098b1d901e7
1720.jpg,waterfall,ac6e050f-482d-4a22-bc58-28c7add51b6d,"Pagudpud, Ilocos Norte",flickr,Doun Dounell,https://www.flickr.com/photos/7701055@N05/8467049865,https://live.staticflickr.com/8375/8467049865_7968ac9d8c_b.jpg,by,2.0,https://creativecommons.org/licenses/by/2.0/,waterfall long exposure,1000,664,768,510,39.637,32755cfa2b553332d5085b0d3fa91a44a96300f7
1722.jpg,waterfall,c5f7d000-44ac-4177-ac8b-d86867dbf289,12 Little Waterfalls,flickr,Martin Cathrae,https://www.flickr.com/photos/34067077@N00/3884733824,https://live.staticflickr.com/3431/3884733824_28cea500d7_b.jpg,by-sa,2.0,https://creativecommons.org/licenses/by-sa/2.0/,waterfall long exposure,1024,683,768,512,63.704,aaf6ffd0542cb60a8bce1f21bfe12fc47441bb03
1721.jpg,waterfall,95fe1f8e-4a13-44e7-a694-323672e7b3fa,Tempest,flickr,Jack.Flanagan,https://www.flickr.com/photos/68704126@N08/22667093951,https://live.staticflickr.com/5830/22667093951_aaa246aa82_b.jpg,by,2.0,https://creativecommons.org/licenses/by/2.0/,waterfall long exposure,1024,678,768,509,18.475,31775d6f71e0916c1f42bfda05da36558d6289da
1723.jpg,waterfall,8f19db0c-c0ca-440c-992d-6d27e8a99e3d,Moonlit Iguazu - Iguassu Falls Argentina Brazil,flickr,Dominic's pics,https://www.flickr.com/photos/64097751@N00/2281352845,https://live.staticflickr.com/2309/2281352845_27b0050002_b.jpg,by,2.0,https://creativecommons.org/licenses/by/2.0/,waterfall long exposure,1024,670,768,503,24.473,8771defcdc817e48f816145939e3e6a38b12f241
1724.jpg,waterfall,8ccdd2b0-731b-4cc8-a38f-eebf6e408ae3,Project 365 #19: 190212 Go With The Flow,flickr,comedy_nose,https://www.flickr.com/photos/23408922@N07/8399484382,https://live.staticflickr.com/8329/8399484382_91fc4da194_b.jpg,pdm,1.0,https://creativecommons.org/publicdomain/mark/1.0/,waterfall long exposure,683,1024,512,768,30.075,bdb76d48a023b61dd2f1c655e500e1ae6eb7c74d
1726.jpg,waterfall,e996086d-0713-4fca-8378-195e6e8261a9,Seljalandsfoss,flickr,Daníel Örn,https://www.flickr.com/photos/21155121@N07/3172842780,https://live.staticflickr.com/1155/3172842780_39a67f7d03_b.jpg,by,2.0,https://creativecommons.org/licenses/by/2.0/,waterfall long exposure,1024,683,768,512,24.886,0492a7f0d189113afade390263206276f2941adf
1727.jpg,waterfall,5183dfd2-59c4-4402-899a-5c64da90de56,"Gullfoss, Iceland",flickr,patrickMphotography,https://www.flickr.com/photos/32711416@N00/31705148500,https://live.staticflickr.com/414/31705148500_c2abecf311_b.jpg,by,2.0,https://creativecommons.org/licenses/by/2.0/,waterfall long exposure,1024,683,768,512,45.002,d3f8fff2decd1026743330b339cbb7f0164f9831
1728.jpg,waterfall,a4f42c85-8af3-4958-ad1e-de69f63e7d23,Tropical waterfall,flickr,JunCTionS,https://www.flickr.com/photos/17333088@N00/2937699155,https://live.staticflickr.com/3006/2937699155_ccc5028f3e_b.jpg,by,2.0,https://creativecommons.org/licenses/by/2.0/,tropical waterfall,1024,768,768,576,56.607,223bb0ce07a159707e1d18053247ad0cb92abf5d
1730.jpg,waterfall,52522bd8-d9b3-4e0b-b3a1-69ce50f51797,Jumping a tropical waterfall,flickr,Christian Haugen,https://www.flickr.com/photos/34073237@N04/3607823204,https://live.staticflickr.com/3376/3607823204_24da8ef216_b.jpg,by,2.0,https://creativecommons.org/licenses/by/2.0/,tropical waterfall,683,1024,512,768,60.595,47fe6bce127de23a98b9aee9fb5dfe5cc5022f76
1729.jpg,waterfall,59c4cde6-19ce-46cd-9b85-a9cb1cbe0757,Jumping a tropical waterfall,flickr,Christian Haugen,https://www.flickr.com/photos/34073237@N04/3607016641,https://live.staticflickr.com/3329/3607016641_6111b3235e_b.jpg,by,2.0,https://creativecommons.org/licenses/by/2.0/,tropical waterfall,1024,683,768,512,67.281,8035f202674ff3d6530765568115a2e206fa7e87
1731.jpg,waterfall,c5ae7377-97d3-4d9a-887e-80f4f5587100,Jumping a tropical waterfall,flickr,Christian Haugen,https://www.flickr.com/photos/34073237@N04/3607831038,https://live.staticflickr.com/2421/3607831038_c2a4862cc6_b.jpg,by,2.0,https://creativecommons.org/licenses/by/2.0/,tropical waterfall,1024,683,768,512,65.637,58b7115f62fd011f3797744ed4b5edbbdfa30a76
1732.jpg,waterfall,f660a206-c975-4c51-b977-599e0494e5be,Jumping a tropical waterfall,flickr,Christian Haugen,https://www.flickr.com/photos/34073237@N04/3607008483,https://live.staticflickr.com/2454/3607008483_4fcb24c2c8_b.jpg,by,2.0,https://creativecommons.org/licenses/by/2.0/,tropical waterfall,683,1024,512,768,60.26,dbcfc4494a71d1b2411b2c1caeef2c9ed891111a
1734.jpg,waterfall,9396e0a5-e836-4d38-a15c-333c7dc7f236,Tropical Waterfall,flickr,Aardvark of Fnord,https://www.flickr.com/photos/55764469@N00/8175763603,https://live.staticflickr.com/8066/8175763603_d3a0a3db33_b.jpg,by-sa,2.0,https://creativecommons.org/licenses/by-sa/2.0/,tropical waterfall,683,1024,512,768,73.879,2fd5023cde1a6c96a2abd74ea60427db653586af
1735.jpg,waterfall,5fb5d218-e344-4f0f-bc94-295fe02b7b04,tropical waterfall,flickr,Lisa Hall-Wilson,https://www.flickr.com/photos/83246984@N07/9538149667,https://live.staticflickr.com/7392/9538149667_a94fdfd5fa_b.jpg,by-sa,2.0,https://creativecommons.org/licenses/by-sa/2.0/,tropical waterfall,768,1024,576,768,43.475,24b914ab9bb4f24dffe22486d2a6a63c69934710
1733.jpg,waterfall,c0341d0b-7517-4037-bab1-d96f48a4439b,"Tropical Waterfall, Trinidad",flickr,anax44,https://www.flickr.com/photos/72547033@N06/15424829960,https://live.staticflickr.com/3946/15424829960_80a5ec073c_b.jpg,by-sa,2.0,https://creativecommons.org/licenses/by-sa/2.0/,tropical waterfall,1024,623,768,467,57.901,3b686bb6011e1d33721a32377aa1c4ec78915e86
1736.jpg,waterfall,091cc1ff-df77-479b-ac0f-1dd4aa78c2c3,Tropical Waterfall - Secluded Waterfall,flickr,ayc_travel_photos,https://www.flickr.com/photos/128435894@N07/15896102357,https://live.staticflickr.com/8635/15896102357_4cc123248c_b.jpg,by-sa,2.0,https://creativecommons.org/licenses/by-sa/2.0/,tropical waterfall,1000,1000,768,768,44.768,ec516126b8d29c8af38c7eedfbbbe26a0d35d00a
1737.jpg,waterfall,23d335d2-968f-43ed-afa8-2eeb6ab0cdcc,Tropical Waterfall,flickr,Tama Leaver,https://www.flickr.com/photos/75815807@N00/6855157787,https://live.staticflickr.com/7064/6855157787_38900bbd1e_b.jpg,by,2.0,https://creativecommons.org/licenses/by/2.0/,tropical waterfall,771,1024,578,768,61.374,996c896070986488655442752159a19224cdfbab
1740.jpg,waterfall,f4887944-2c8d-4f24-bfbc-e63fa0d78e3c,Tropical waterfall Iquazu Brazil,rawpixel,,https://www.rawpixel.com/image/6029874/photo-image-public-domain-leaves-green,https://images.rawpixel.com/editor_1024/czNmcy1wcml2YXRlL3Jhd3BpeGVsX2ltYWdlcy93ZWJzaXRlX2NvbnRlbnQvbHIvZnJ3YXRlcmZhbGxfd2F0ZXJfd2F0ZXJmYWxsc18xNDE3MTIzLWltYWdlLWt5YmNjZmhvLmpwZw.jpg,cc0,1.0,https://creativecommons.org/publicdomain/zero/1.0/,tropical waterfall,1024,683,768,512,60.135,8fb85be19d582702a8dd974b68a848b693a8f7e4
1738.jpg,waterfall,90570504-b26f-4ba5-bd36-4b46a584f0d4,Tropical Waterfall,flickr,Loz Flowers,https://www.flickr.com/photos/99245765@N00/2834918403,https://live.staticflickr.com/3054/2834918403_47f9afdcc3_b.jpg,by-sa,2.0,https://creativecommons.org/licenses/by-sa/2.0/,tropical waterfall,768,1024,576,768,59.251,5eba2a5a05d04a8cc552bb152e15a284553de556
1739.jpg,waterfall,86ca22b2-dfe8-4393-80aa-49b186c5dcb0,Tropical Waterfall,flickr,Loz Flowers,https://www.flickr.com/photos/99245765@N00/2835757456,https://live.staticflickr.com/3029/2835757456_45789cbc97_b.jpg,by-sa,2.0,https://creativecommons.org/licenses/by-sa/2.0/,tropical waterfall,1024,768,768,576,58.238,a53addca070f046a2bcca4d06a9f68c5e7039afa
1741.jpg,waterfall,2f582527-c837-4123-a230-e97d252da1a0,Tropical waterfall Iquazu Brazil,rawpixel,,https://www.rawpixel.com/image/6029852/photo-image-public-domain-leaves-green,https://images.rawpixel.com/editor_1024/czNmcy1wcml2YXRlL3Jhd3BpeGVsX2ltYWdlcy93ZWJzaXRlX2NvbnRlbnQvbHIvZnJ3YXRlcmZhbGxfd2F0ZXJfd2F0ZXJmYWxsc18xNDE3MTA0LWltYWdlLWt5YmNjZG1rLmpwZw.jpg,cc0,1.0,https://creativecommons.org/publicdomain/zero/1.0/,tropical waterfall,1024,683,768,512,51.299,720c29ca2ac5b7ba81fe078948936e7fdee623cf
1744.jpg,waterfall,6da4ee8d-046b-4e50-9dd3-fc8995c50f22,Tropical Storm Haiyan Makes Landfall in Northern Vietnam,nasa,NASA Goddard Photo and Video,https://www.flickr.com/photos/24662369@N07/10825212744,https://live.staticflickr.com/5539/10825212744_0732163120_b.jpg,by,2.0,https://creativecommons.org/licenses/by/2.0/,tropical waterfall,801,1023,601,768,49.467,3700305aad18cb757f17642a23a5622c64efd99f
1743.jpg,waterfall,4a09d483-9a70-44e5-9d27-f8c34d93be9f,Tropical Storm Lee [high res],nasa,NASA Goddard Photo and Video,https://www.flickr.com/photos/24662369@N07/6106665421,https://live.staticflickr.com/6090/6106665421_4544d9f8e7_b.jpg,by,2.0,https://creativecommons.org/licenses/by/2.0/,tropical waterfall,1024,832,768,624,55.971,0ec10459ade9b75855776e40479e0427d80342de
1745.jpg,waterfall,4fc0585e-fb6f-4ab7-b351-f10ec225b6df,Waimoku Falls,flickr,Thomas James Caldwell,https://www.flickr.com/photos/81643710@N00/17261063893,https://live.staticflickr.com/65535/17261063893_767b38c3fb_b.jpg,by-sa,2.0,https://creativecommons.org/licenses/by-sa/2.0/,tropical waterfall,1024,819,768,614,67.526,eacaa02d252076445d9e867684e67ca5ae36fee1
1747.jpg,waterfall,b99beeb0-89f8-4152-8ffe-bc2010be0574,Tropical Cyclone Paul,nasa,NASA Goddard Photo and Video,https://www.flickr.com/photos/24662369@N07/4475724051,https://live.staticflickr.com/4037/4475724051_68ef63e0e7_b.jpg,by,2.0,https://creativecommons.org/licenses/by/2.0/,tropical waterfall,788,1024,591,768,32.995,34c0d0af80f81a76cb094789f081f1d4aaec0070
1746.jpg,waterfall,be4548a6-1c2d-44fd-afaa-6744b82f1082,"Feliz Navidad,Merry Christmas,Joyeux Noël,Frohe Weihnachten,Bon Nadal,Feliz Nadal,Vrolijk kerstfeest,Buon Natale,God jul,С Рождеством,",flickr,Miguel. (respenda),https://www.flickr.com/photos/23012400@N03/8285301546,https://live.staticflickr.com/8480/8285301546_648f71b5c2_b.jpg,by,2.0,https://creativecommons.org/licenses/by/2.0/,tropical waterfall,1024,685,768,514,73.386,ea1c53426f5d0c9a4c5c61320cb647457c06f24e
1748.jpg,waterfall,3c1ed14a-3a7e-40fe-bd62-e2b780aa73f6,Jog Falls,flickr,Darshan Simha,https://www.flickr.com/photos/91419861@N03/8471290092,https://live.staticflickr.com/8387/8471290092_a9e9c37f62_b.jpg,by,2.0,https://creativecommons.org/licenses/by/2.0/,tropical waterfall,1023,1017,768,763,63.476,e3442579bef230646469cf3dee31b2c232fbb844
1749.jpg,waterfall,27a64718-e9e3-47f5-9742-ad566f91d434,瀑布灣 / Waterfall Bay,flickr,potaihse,https://www.flickr.com/photos/29429452@N05/14894625151,https://live.staticflickr.com/3909/14894625151_f47d4c3832_b.jpg,by,2.0,https://creativecommons.org/licenses/by/2.0/,tropical waterfall,1024,683,768,512,76.049,45ec2df7981022443aab7bba006cd51c69b599ba
1750.jpg,waterfall,91a04eb4-bc50-4119-a42e-aa7425cf18cd,NASA Sees Heavy Rainfall in Tropical Storm Andrea,nasa,NASA Goddard Photo and Video,https://www.flickr.com/photos/24662369@N07/8971786805,https://live.staticflickr.com/3775/8971786805_ca207f3760_b.jpg,by,2.0,https://creativecommons.org/licenses/by/2.0/,tropical waterfall,796,1023,598,768,61.194,8525733ab4e68c9ca6614d8aabb212f852d0b806
1751.jpg,waterfall,e1a0f153-e92b-4d15-ae91-5d381e421917,As magníficas quedas de Calandula,flickr,mario pinho,https://www.flickr.com/photos/26914499@N06/3248260853,https://live.staticflickr.com/3418/3248260853_a8cdb07fdb.jpg,by,2.0,https://creativecommons.org/licenses/by/2.0/,tropical waterfall,500,375,500,375,60.828,ec1fa952dddbae6aaeaf6752126c1f024430b5e7
1752.jpg,waterfall,abf08bf6-b812-4539-a947-f0d6414451d0,"Tegenungan Waterfall, Gianyar, Bali (DSC_0289_90_91)",flickr,Schristia,https://www.flickr.com/photos/12054060@N04/5807446193,https://live.staticflickr.com/2037/5807446193_ee9138f2d2.jpg,by-sa,2.0,https://creativecommons.org/licenses/by-sa/2.0/,tropical waterfall,500,330,500,330,70.26,1eff3ce2e2721423908e00d8a3aef4b1050ee096
1753.jpg,waterfall,0948aad0-2894-4ad5-8bac-e6bf9d37b206,Tropical Storm Hermine in the Gulf of Mexico,nasa,NASA Goddard Photo and Video,https://www.flickr.com/photos/24662369@N07/4967295037,https://live.staticflickr.com/4105/4967295037_0297d5f7c2_b.jpg,by,2.0,https://creativecommons.org/licenses/by/2.0/,tropical waterfall,793,1024,595,768,51.375,b6b2925d7413f7804f82bdfc4e32987fe364b282
1754.jpg,waterfall,1508112b-f852-44aa-ad44-37819efee913,NASA's Terra satellite of Tropical Storm Andrea,nasa,NASA Goddard Photo and Video,https://www.flickr.com/photos/24662369@N07/8981215442,https://live.staticflickr.com/3776/8981215442_4e46b0a2d1_b.jpg,by,2.0,https://creativecommons.org/licenses/by/2.0/,tropical waterfall,800,1024,600,768,56.011,b01bfa329f08f1ff11151fedef5ed41085ccab8c
1755.jpg,waterfall,d3a66c32-b296-47e2-bd39-a664d9595041,Iguazú Falls,flickr,Phillie Casablanca,https://www.flickr.com/photos/19451080@N00/2052768394,https://live.staticflickr.com/2235/2052768394_1b6bb5454c_b.jpg,by,2.0,https://creativecommons.org/licenses/by/2.0/,tropical waterfall,1024,768,768,576,36.607,74f0397814983fb2fc8701c91239cf6f4a9989b1
1760.jpg,waterfall,33ba2714-b48b-4983-a5a9-fc1e3ae67549,Tropical Stream,flickr,~jar{},https://www.flickr.com/photos/34615979@N00/15112557409,https://live.staticflickr.com/5567/15112557409_b3bba17f31_b.jpg,by,2.0,https://creativecommons.org/licenses/by/2.0/,tropical waterfall,1024,819,768,614,73.522,1f2ce4df9e821a4b02fcd459a34ba30134c4d926
1757.jpg,waterfall,4b44eb86-3e2a-40d1-b963-2b78462e1371,"El Yunque Rainforest, Puerto Rico 3",flickr,crossfirecw,https://www.flickr.com/photos/93535451@N00/67949714,https://live.staticflickr.com/24/67949714_b0359a965e_b.jpg,by,2.0,https://creativecommons.org/licenses/by/2.0/,tropical waterfall,768,1024,576,768,59.27,dfe641d161ecef80167bdf3629d8a3c5c954fa31
1758.jpg,waterfall,7b0b0924-c447-4c12-918c-d9dcb3ffae0e,Paradise,flickr,Antti Simonen,https://www.flickr.com/photos/26202966@N06/6041095682,https://live.staticflickr.com/6070/6041095682_8d74d1bbcc_b.jpg,by,2.0,https://creativecommons.org/licenses/by/2.0/,tropical waterfall,1024,683,768,512,71.75,97cbf606ecb297a99821cffe628964ef88dca2ae
1759.jpg,waterfall,e8df42b1-0857-44ae-a3c5-4e75680c9ae1,NASA Watching Issac's Approach to U.S. Gulf Coast,nasa,NASA Goddard Photo and Video,https://www.flickr.com/photos/24662369@N07/7881725870,https://live.staticflickr.com/8424/7881725870_df9b60491d_b.jpg,by,2.0,https://creativecommons.org/licenses/by/2.0/,tropical waterfall,1024,788,768,591,54.965,a46c0715020f0298ba4140464aa546622639f5a7
1761.jpg,waterfall,ddd61933-39e3-4009-b7bf-988d78f65bbc,Tropical Storm Lee,nasa,NASA Goddard Photo and Video,https://www.flickr.com/photos/24662369@N07/6106665283,https://live.staticflickr.com/6083/6106665283_116a25638c.jpg,by,2.0,https://creativecommons.org/licenses/by/2.0/,tropical waterfall,500,500,500,500,69.946,37728dd88a17ec67884f8b1273bc54dad213fb2d
1756.jpg,waterfall,07a3f7b8-5608-4f70-af9d-16289f5c6955,"Tropical Storm Andrea June 6, 2013",nasa,NASA Goddard Photo and Video,https://www.flickr.com/photos/24662369@N07/8978348786,https://live.staticflickr.com/3755/8978348786_3f7c5ff12e_b.jpg,by,2.0,https://creativecommons.org/licenses/by/2.0/,tropical waterfall,824,1024,618,768,53.902,af5987f87413e5b0f7da4d28f9207e45a121a80d
1763.jpg,waterfall,8ab5c6b6-e1c8-4c39-8e44-f5b6d3cc1cf1,Cachoeira Véu de Noiva,flickr,Jeff Belmonte,https://www.flickr.com/photos/72236935@N00/66162520,https://live.staticflickr.com/24/66162520_dabb41a863.jpg,by,2.0,https://creativecommons.org/licenses/by/2.0/,tropical waterfall,500,375,500,375,47.147,aa652f2774a256a3b8f4c7374ffb6586347541d3
1762.jpg,waterfall,34e3ae24-ff76-4603-ae64-4387cdc062d3,Seven Sacred Pools,flickr,Joe Parks,https://www.flickr.com/photos/34450190@N08/16040000203,https://live.staticflickr.com/8619/16040000203_25d757fb87_b.jpg,by,2.0,https://creativecommons.org/licenses/by/2.0/,tropical waterfall,1024,576,768,432,54.2,006585c0351b10eccf4a67e06f641c8972d1b821
1764.jpg,waterfall,202d19ab-1042-4ba3-999c-5b018163ff7b,Dutchman Run (1),flickr,Nicholas_T,https://www.flickr.com/photos/14922165@N00/9298138364,https://live.staticflickr.com/5449/9298138364_75969e0218_b.jpg,by,2.0,https://creativecommons.org/licenses/by/2.0/,tropical waterfall,764,1024,573,768,51.721,b86dea2f8b1f1fa6e793ac1a3e12a02ebc64db59
1765.jpg,waterfall,e95776c7-e065-45cc-9c08-2dd8fe43bda4,Waterfall,flickr,FolioRoad,https://www.flickr.com/photos/83280149@N08/7634983020,https://live.staticflickr.com/8020/7634983020_55e94f10d3_b.jpg,by,2.0,https://creativecommons.org/licenses/by/2.0/,tropical waterfall,768,1024,576,768,54.433,e38438c5a21a8dd1ae8e6a075f9e9bf07531990d
1766.jpg,waterfall,c91897d0-9b4e-489d-aa2e-6cbac8e0aa84,Colorful Flower,flickr,ChadCooperPhotos,https://www.flickr.com/photos/86775868@N03/9176383297,https://live.staticflickr.com/7344/9176383297_c3c4d9462e_b.jpg,by,2.0,https://creativecommons.org/licenses/by/2.0/,tropical waterfall,1024,683,768,512,21.45,c028671799713b6712b0663939a4a8576a39a6a5
1767.jpg,waterfall,327abe22-25e8-4a29-82c1-50594ab35c4a,Heart-Shaped Waterfall,flickr,D-Stanley,https://www.flickr.com/photos/79721788@N00/16521273531,https://live.staticflickr.com/7298/16521273531_f89e4e77e1_b.jpg,by,2.0,https://creativecommons.org/licenses/by/2.0/,tropical waterfall,1024,768,768,576,48.929,6850fb50d163188a6e1230e387d0353f2e6078d0
1768.jpg,waterfall,a1f436e4-28fc-40a0-a053-b2b6cad08132,Maui Waterfall,flickr,snowpeak,https://www.flickr.com/photos/53986933@N00/6947518980,https://live.staticflickr.com/7279/6947518980_64bc37b3eb.jpg,by,2.0,https://creativecommons.org/licenses/by/2.0/,tropical waterfall,497,500,497,500,55.354,8433b7b080fe3cb2910ac0541cb4618414628c4a
1769.jpg,waterfall,caaa70e9-df33-4c47-beb9-d161488b265c,Tropical Shores,flickr,Brick.Ninja,https://www.flickr.com/photos/138954197@N08/32816844298,https://live.staticflickr.com/4908/32816844298_2b80ba1c44_b.jpg,by-sa,2.0,https://creativecommons.org/licenses/by-sa/2.0/,tropical waterfall,1024,683,768,512,46.451,819ec80df9dc0c9e5862257a88167b608ab625b7
1770.jpg,waterfall,e857f139-980b-4f7f-a868-d4ee8457c068,Zoo Waterfall,flickr,Afroswede,https://www.flickr.com/photos/51035768826@N01/6846332,https://live.staticflickr.com/6/6846332_c071a6d418_b.jpg,by,2.0,https://creativecommons.org/licenses/by/2.0/,tropical waterfall,1024,768,768,576,61.566,1ac5eab7133fe7725a71299aa73e2620ab5baf11
1771.jpg,waterfall,8d0261db-ab92-4384-a5c8-b85f2ac73457,"Sintra, The City Of Love",flickr,"Chrismatos ♥90% OFF, sorry",https://www.flickr.com/photos/31318464@N02/8584918687,https://live.staticflickr.com/8099/8584918687_fd235be913.jpg,by,2.0,https://creativecommons.org/licenses/by/2.0/,tropical waterfall,500,393,500,393,73.088,4b4167c3d0060209af496465add9fe7becb5ab12
1772.jpg,waterfall,43c5a8c9-cd09-4dc8-a549-b751e9a8e18c,Ellinjaa Falls,flickr,Frank Wittig,https://www.flickr.com/photos/125277442@N03/16788104742,https://live.staticflickr.com/8700/16788104742_ef78151e1b_b.jpg,by,2.0,https://creativecommons.org/licenses/by/2.0/,tropical waterfall,768,1024,576,768,56.732,fe4028edf32d5378735be7cb11c8f2c3a93d5035
1773.jpg,waterfall,72ad1097-bca7-4442-96e3-6f1272b3bd51,Tekala Falls waterfall waters flow magnets for imagination,flickr,Conny Sandland,https://www.flickr.com/photos/35470197@N08/3803756884,https://live.staticflickr.com/2422/3803756884_98ae0b12c1_b.jpg,by,2.0,https://creativecommons.org/licenses/by/2.0/,tropical waterfall,1024,768,768,576,79.319,118f16f8dad8daeb53562fc40c49299a1a6681eb
1774.jpg,waterfall,51a2129a-ae45-40e4-bffe-c2e60b495851,Snake!,flickr,Phillie Casablanca,https://www.flickr.com/photos/19451080@N00/2052768114,https://live.staticflickr.com/2052/2052768114_68aa9b6159_b.jpg,by,2.0,https://creativecommons.org/licenses/by/2.0/,tropical waterfall,1024,768,768,576,67.543,b7fd7e8aeeffff6cd9dd54fdf5dcd64094aff32f
1775.jpg,waterfall,9613e2f1-054d-4471-a368-6246e18c7f52,NASA Sees Isaac Slowly Move Over Louisiana,nasa,NASA Goddard Photo and Video,https://www.flickr.com/photos/24662369@N07/7895623290,https://live.staticflickr.com/8179/7895623290_c2005476c3_b.jpg,by,2.0,https://creativecommons.org/licenses/by/2.0/,tropical waterfall,788,1024,591,768,48.056,0f5bd2f26ec47f833508474ccf5b8cc1ed32d1da
1776.jpg,waterfall,3a4b39b6-cd84-4d19-a438-9dad99caf16d,Vazhachal Falls,flickr,Kumaravel,https://www.flickr.com/photos/49694447@N00/15711904559,https://live.staticflickr.com/7519/15711904559_ca823e35b3_b.jpg,by,2.0,https://creativecommons.org/licenses/by/2.0/,tropical waterfall,1023,681,768,511,65.655,d7bd0b67749d37cb5f859a627de9d3fc53d1d36e
1777.jpg,waterfall,4bfe4fc7-ba1b-4150-941c-c760e0677664,Ranomafana National Park,flickr,wallygrom,https://www.flickr.com/photos/33037982@N04/3439996194,https://live.staticflickr.com/3627/3439996194_f8ab758780_b.jpg,by-sa,2.0,https://creativecommons.org/licenses/by-sa/2.0/,tropical waterfall,680,1024,510,768,44.239,4c101b5e74de2a16fdc793dfd3f486a924f65657
1780.jpg,waterfall,8796f352-ea88-46d5-8e1c-9f40acf3b949,Catarata de Gocta,flickr,morrissey,https://www.flickr.com/photos/44124369279@N01/404099082,https://live.staticflickr.com/132/404099082_86fb5950ff.jpg,by,2.0,https://creativecommons.org/licenses/by/2.0/,tropical waterfall,500,375,500,375,55.744,f46ff5c6c3d8d6a3a6a9ed6acf44fb2333cb02bb
1778.jpg,waterfall,9e3b21aa-fd7c-425c-8550-fca88b255d92,Pure Power,flickr,Diego3336,https://www.flickr.com/photos/31018257@N00/26656776679,https://live.staticflickr.com/4536/26656776679_7aeafc1555_b.jpg,by,2.0,https://creativecommons.org/licenses/by/2.0/,tropical waterfall,1024,327,768,245,49.216,b0d8b6d9bb6c465d470fe387d8716bb426e3cffc
1779.jpg,waterfall,a18ab454-6e3c-457c-9088-dcf16d0d2844,design of the pool in sauna,flickr,Vladimir Morozov,https://www.flickr.com/photos/27429206@N02/2873662537,https://live.staticflickr.com/3107/2873662537_77d7164dbd_b.jpg,by,2.0,https://creativecommons.org/licenses/by/2.0/,tropical waterfall,1024,688,768,516,56.228,d36beebaf7d7811fd0a4b96f83b53650737d7b7c
1781.jpg,waterfall,e8ad59e7-0d0d-4664-ab59-c043c1e2b59b,Iguazú Falls,flickr,Phillie Casablanca,https://www.flickr.com/photos/19451080@N00/2051980795,https://live.staticflickr.com/2105/2051980795_3b2858607b_b.jpg,by,2.0,https://creativecommons.org/licenses/by/2.0/,tropical waterfall,1024,768,768,576,53.091,47f9bc8619fa53baf3ef31517c7aa43ffb5cc879
1782.jpg,waterfall,9f998ae2-b0b5-4d19-ac2c-702f533ef18d,WuFengChi waterfall,flickr,ufoncz,https://www.flickr.com/photos/41733154@N03/4020919790,https://live.staticflickr.com/2605/4020919790_c1b7806a2d_b.jpg,by,2.0,https://creativecommons.org/licenses/by/2.0/,tropical waterfall,739,1024,554,768,74.553,63728be3974351cb5b8d62e2a251cc184d0dc73b
1783.jpg,waterfall,551fede2-e129-4a5f-bd45-d7ba2fd81ffa,Waterfall,flickr,Sebastian Appelt,https://www.flickr.com/photos/125697765@N07/16999645401,https://live.staticflickr.com/7599/16999645401_841c34da43_b.jpg,by,2.0,https://creativecommons.org/licenses/by/2.0/,tropical waterfall,1024,683,768,512,39.094,eae30aaa0a3aadf904620ba6e691853c5e0f6eb2
1784.jpg,waterfall,b5e48f8e-b821-46c3-85f2-d9b053bfc375,Iguazú Falls,flickr,Phillie Casablanca,https://www.flickr.com/photos/19451080@N00/2052767882,https://live.staticflickr.com/2175/2052767882_3939b7e8fa_b.jpg,by,2.0,https://creativecommons.org/licenses/by/2.0/,tropical waterfall,1024,768,768,576,43.975,eb6f6b7dff29660860b0da1a1f1ef9b1cd767179
1785.jpg,waterfall,ea7be5ba-2673-4bcf-9de7-bf3bb28419d4,Wli Upper Fall,flickr,Stig Nygaard,https://www.flickr.com/photos/10259776@N00/184741556,https://live.staticflickr.com/61/184741556_2f6ccdac83_b.jpg,by,2.0,https://creativecommons.org/licenses/by/2.0/,tropical waterfall,1024,768,768,576,70.384,be8a8fe09331deb41d8c33a30271952ef4740096
1786.jpg,waterfall,9a05220a-d095-4bc7-bcd5-a1d6dc0e27e3,Kadambi Waterfalls,flickr,wildxplorer,https://www.flickr.com/photos/21932201@N04/2633068195,https://live.staticflickr.com/3281/2633068195_19a31ebfed_b.jpg,by,2.0,https://creativecommons.org/licenses/by/2.0/,tropical waterfall,692,1024,519,768,68.369,5e75ff51154c8bb04dead04a379e768b9196ead5
1787.jpg,waterfall,9c28addd-db87-44c2-9cbf-7f85a5bd671b,"Crater Lake, Grand Etang Nature Reserve, Grenada",flickr,fakelvis,https://www.flickr.com/photos/40933543@N00/4737894765,https://live.staticflickr.com/4098/4737894765_f49906e419_b.jpg,by-sa,2.0,https://creativecommons.org/licenses/by-sa/2.0/,tropical waterfall,1024,673,768,505,51.567,f057b38ba9a5e56adb9d3a68f6e1f0cc7f7a5401
